dish_id,E_current,E_best_benchmark,E_reducible,E_reduction_pct,benchmark_dish,has_efficient_alternative
baba_ganoush,0.2283327510889237,0.0035871560812386,0.2247455950076851,98.42897873207791,som_tam,True
baklava,0.28131109410514,0.0035871560812386,0.2777239380239014,98.72484372056158,som_tam,True
banh_mi,0.2565416685710571,0.00285504702091,0.2536866215501471,98.8871020303202,rojak,True
beef_bourguignon,0.8163411367437777,0.00285504702091,0.8134860897228677,99.65026299761173,rojak,True
bibimbap,0.4103771234250521,0.00285504702091,0.4075220764041421,99.30428699409913,rojak,True
biryani,0.3345396378994281,0.00285504702091,0.3316845908785181,99.14657436743914,rojak,True
brisket,0.9792094431862688,0.00285504702091,0.9763543961653588,99.7084334673469,rojak,True
brownie,0.3645830754384144,0.00285504702091,0.3617280284175044,99.21690083461039,rojak,True
bruschetta,0.2200736836601747,0.00285504702091,0.21721863663926472,98.70268585801536,rojak,True
buffalo_wings,0.386292331318037,0.00285504702091,0.383437284297127,99.26091025126786,rojak,True
bulgogi,0.6615588732726678,0.00285504702091,0.6587038262517578,99.56843644061694,rojak,True
bun_bo_hue,0.4268114422342925,0.00285504702091,0.4239563952133825,99.33107533247836,rojak,True
bun_cha,0.2664993860833531,0.00285504702091,0.2636443390624431,98.92868532912229,rojak,True
burrito,0.276301431930006,0.00285504702091,0.273446384909096,98.96669119628983,rojak,True
butter_chicken,0.2453824918883798,0.00285504702091,0.2425274448674698,98.83649114533864,rojak,True
ca_phe_sua_da,0.0363340634140795,0.00285504702091,0.0334790163931695,92.14223031326667,rojak,True
caesar_salad,0.0525168062162769,0.00285504702091,0.049661759195366896,94.56355550420902,rojak,True
caprese,0.1118488797934876,0.00285504702091,0.1089938327725776,97.44740669179573,rojak,True
ceviche,0.039418546557507,0.00285504702091,0.036563499536596995,92.75709717824114,rojak,True
chana_masala,0.1795333304373007,0.00285504702091,0.1766782834163907,98.40973984387425,rojak,True
char_siu,0.3230840935392318,0.00285504702091,0.3202290465183218,99.11631458248708,rojak,True
cheesecake,0.4162269009143125,0.00285504702091,0.41337185389340253,99.31406475298968,rojak,True
chicken_salad,0.0681619356522414,0.00285504702091,0.06530688863133141,95.81137625627844,rojak,True
chicken_sandwich,0.2305453291832126,0.00285504702091,0.2276902821623026,98.76161142321772,rojak,True
chile_relleno,0.3181617528849141,0.00285504702091,0.3153067058640041,99.10264291825715,rojak,True
chow_fun,0.372484261208624,0.00285504702091,0.369629214187714,99.23351203842921,rojak,True
chow_mein,0.19426553805153,0.00285504702091,0.19141049103062,98.5303378820835,rojak,True
churro,0.3234748223106578,0.00285504702091,0.3206197752897478,99.11738199575605,rojak,True
churros_spanish,0.3234748223106578,0.00285504702091,0.3206197752897478,99.11738199575605,rojak,True
clam_chowder,0.1957745939328879,0.00285504702091,0.1929195469119779,98.54166622769822,rojak,True
club_sandwich,0.0745333152011155,0.00285504702091,0.0716782681802055,96.16943508657016,rojak,True
coleslaw,0.013196413963922,0.00285504702091,0.010341366943012,78.36497832884385,rojak,True
com_tam,0.2925279261245002,0.00285504702091,0.2896728791035902,99.02400873012893,rojak,True
congee,0.1429436030199488,0.00285504702091,0.1400885559990388,98.00267590812612,rojak,True
coq_au_vin,0.433244547442996,0.00285504702091,0.430389500422086,99.34100797395826,rojak,True
cornbread,0.2367189718162237,0.00285504702091,0.2338639247953137,98.79390865928292,rojak,True
creme_brulee,0.2801526093771747,0.00285504702091,0.2772975623562647,98.98089579559611,rojak,True
crepe,0.1703383946222554,0.00285504702091,0.1674833476013454,98.32389695391848,rojak,True
croissant,0.2528773599570321,0.00285504702091,0.2500223129361221,98.87097562969058,rojak,True
dal,0.1513163041255206,0.00285504702091,0.1484612571046106,98.11319273398215,rojak,True
dan_dan_noodles,0.1768632843021446,0.00285504702091,0.1740082372812346,98.3857322156064,rojak,True
dim_sum,0.1486246479702183,0.00285504702091,0.1457696009493083,98.07902184469287,rojak,True
dolma,0.1463439103506557,0.00285504702091,0.1434888633297457,98.0490838231198,rojak,True
donburi,0.2347841626076021,0.00285504702091,0.2319291155866921,98.78396950237156,rojak,True
dosa,0.1613769949862088,0.00285504702091,0.1585219479652988,98.23082154853981,rojak,True
dumplings,0.1552253181381092,0.00285504702091,0.1523702711171992,98.16070789536423,rojak,True
edamame,0.122958281541028,0.00285504702091,0.12010323452011801,97.6780360093457,rojak,True
elote,0.1805572994317562,0.00285504702091,0.1777022524108462,98.41875846066856,rojak,True
enchilada,0.2953211986902908,0.00285504702091,0.2924661516693808,99.0332400675699,rojak,True
escargot,0.22905787543792,0.00285504702091,0.22620282841701,98.75356958783817,rojak,True
fajita,0.2319769200463485,0.00285504702091,0.22912187302543852,98.76925384631386,rojak,True
falafel,0.3067878357769481,0.00285504702091,0.30393278875603813,99.06937411202125,rojak,True
fish_and_chips,0.3253698736066217,0.00285504702091,0.3225148265857117,99.12252262655338,rojak,True
french_fries,0.247277363637544,0.00285504702091,0.244422316616634,98.84540704457893,rojak,True
french_onion_soup,0.2794902450794066,0.00285504702091,0.2766351980584966,98.97848061920772,rojak,True
fresh_spring_roll,0.0531295222848464,0.00285504702091,0.0502744752639364,94.62625128529658,rojak,True
fried_chicken,0.393529317972158,0.00285504702091,0.390674270951248,99.27450207887382,rojak,True
fried_rice,0.2050187887838639,0.00285504702091,0.2021637417629539,98.60742176956285,rojak,True
gazpacho,0.0402863263051759,0.00285504702091,0.0374312792842659,92.91311151261962,rojak,True
gelato,0.0648149325917145,0.0108332800613693,0.0539816525303452,83.28582684855843,papaya_salad,True
general_tso,0.3714217975765348,0.00285504702091,0.3685667505556248,99.23131947571771,rojak,True
gnocchi,0.1493656341086219,0.00285504702091,0.1465105870877119,98.08855160161289,rojak,True
green_curry,0.2611478475643975,0.00285504702091,0.2582928005434875,98.90673155167173,rojak,True
grilled_cheese,0.1882054209607936,0.00285504702091,0.1853503739398836,98.48301552296692,rojak,True
guacamole,0.0347126588909858,0.00285504702091,0.0318576118700758,91.7751992727604,rojak,True
gyro,0.4052126119464612,0.00285504702091,0.4023575649255512,99.29542000008449,rojak,True
hamburger,0.5502933141427692,0.00285504702091,0.5474382671218592,99.48117722902785,rojak,True
hot_and_sour_soup,0.1340866392818403,0.00285504702091,0.1312315922609303,97.87074459006398,rojak,True
hummus,0.0956000970923752,0.00285504702091,0.0927450500714652,97.01355217437566,rojak,True
ice_cream,0.0838113240686453,0.00285504702091,0.08095627704773531,96.5934829778234,rojak,True
japchae,0.2850385521038225,0.00285504702091,0.2821835050829125,98.99836460723037,rojak,True
katsu,0.3813776644673086,0.00285504702091,0.3785226174463986,99.2513858867698,rojak,True
kebab,0.4289247527784806,0.00285504702091,0.4260697057575706,99.33437112164415,rojak,True
kimbap,0.1364470620417334,0.00285504702091,0.1335920150208234,97.90757897005011,rojak,True
kimchi,0.0107893163244967,0.00285504702091,0.0079342693035867,73.5382026530473,rojak,True
kimchi_jjigae,0.1738305685587496,0.00285504702091,0.1709755215378396,98.35756907166471,rojak,True
korean_fried_chicken,0.3907836556182036,0.00285504702091,0.3879286085972936,99.2694047000524,rojak,True
korma,0.2480675328093393,0.00285504702091,0.2452124857884293,98.84908476793521,rojak,True
kung_pao_chicken,0.2407579913425084,0.00285504702091,0.2379029443215984,98.81414236553904,rojak,True
larb,0.2198598697019789,0.00285504702091,0.2170048226810689,98.70142421862616,rojak,True
lasagna,0.5943961798471784,0.00285504702091,0.5915411328262684,99.51967271700096,rojak,True
lo_mein,0.1958151798842702,0.00285504702091,0.1929601328633602,98.54196849161674,rojak,True
lobster_roll,0.1997214767272574,0.00285504702091,0.1968664297063474,98.57048572457288,rojak,True
mac_and_cheese,0.3013898684318615,0.00285504702091,0.2985348214109515,99.052706371397,rojak,True
mango_sticky_rice,0.1575942646055001,0.00285504702091,0.1547392175845901,98.18835601152304,rojak,True
mapo_tofu,0.2133064982371322,0.00285504702091,0.21045145121622222,98.66152834324998,rojak,True
massaman_curry,0.5748645506702768,0.00285504702091,0.5720095036493668,99.5033530911619,rojak,True
minestrone,0.1196048159520431,0.00285504702091,0.1167497689311331,97.61293305943904,rojak,True
miso_soup,0.1090529409366971,0.00285504702091,0.1061978939157871,97.38196237865122,rojak,True
moussaka,0.5167985075858745,0.00285504702091,0.5139434605649645,99.44755122567075,rojak,True
naan,0.2138116130018896,0.00285504702091,0.21095656598097962,98.66469038756807,rojak,True
nachos,0.2693445432591771,0.00285504702091,0.2664894962382671,98.9400019074592,rojak,True
okonomiyaki,0.1942506282035568,0.00285504702091,0.1913955811826468,98.53022507710082,rojak,True
onigiri,0.0556931760085771,0.00285504702091,0.0528381289876671,94.8736142818102,rojak,True
orange_chicken,0.3702907257974551,0.00285504702091,0.3674356787765451,99.22897150211867,rojak,True
osso_buco,0.934,0.00285504702091,0.9311449529790901,99.69432044744005,rojak,True
pad_see_ew,0.2391870645940731,0.00285504702091,0.2363320175731631,98.80635391978436,rojak,True
pad_thai,0.2390955383002528,0.00285504702091,0.2362404912793428,98.80589698946007,rojak,True
paella,0.2576096497632017,0.00285504702091,0.2547546027422917,98.89171580973989,rojak,True
palak_paneer,0.2075051881169707,0.00285504702091,0.2046501410960607,98.6241081262505,rojak,True
pancake,0.1740145033925502,0.00285504702091,0.1711594563716402,98.35930513534872,rojak,True
paneer_tikka,0.2850173554547919,0.00285504702091,0.2821623084338819,98.99829011592844,rojak,True
panna_cotta,0.0769170517835727,0.0108332800613693,0.06608377172220341,85.91563273661123,papaya_salad,True
papaya_salad,0.0108332800613693,0.00285504702091,0.007978233040459299,73.64559021149196,rojak,True
pasta_bolognese,0.3871269799507092,0.00285504702091,0.3842719329297992,99.26250373423379,rojak,True
pasta_carbonara,0.20538029673412,0.00285504702091,0.20252524971321,98.60987296916507,rojak,True
patatas_bravas,0.2824044679241891,0.00285504702091,0.2795494209032791,98.98902200737261,rojak,True
peking_duck,0.3637668649375477,0.00285504702091,0.3609118179166377,99.21514373734944,rojak,True
penne_arrabbiata,0.1413938119152791,0.00285504702091,0.13853876489436912,97.98078361263738,rojak,True
pho,0.395002904915845,0.00285504702091,0.392147857894935,99.2772086014106,rojak,True
pita,0.2214726334827755,0.00285504702091,0.2186175864618655,98.71088044784005,rojak,True
pizza,0.3198078040607087,0.00285504702091,0.3169527570397987,99.10726161630251,rojak,True
pizza_margherita,0.2942943620278918,0.00285504702091,0.2914393150069818,99.0298668988299,rojak,True
pozole,0.1813985581478384,0.00285504702091,0.1785435111269284,98.42609166794857,rojak,True
pulled_pork,0.4097443133224298,0.00285504702091,0.4068892663015198,99.30321253326014,rojak,True
quesadilla,0.2259953170821839,0.00285504702091,0.2231402700612739,98.73667868088091,rojak,True
quiche,0.3547504593313247,0.00285504702091,0.3518954123104147,99.19519568028424,rojak,True
raita,0.0280594219823921,0.00285504702091,0.0252043749614821,89.82499702701786,rojak,True
ramen,0.1942964691225439,0.00285504702091,0.1914414221016339,98.53057184528181,rojak,True
ratatouille,0.1346233349410699,0.00285504702091,0.1317682879201599,97.87923317888406,rojak,True
ravioli,0.1935701450266944,0.00285504702091,0.1907150980057844,98.52505817954712,rojak,True
red_curry,0.2608840882697989,0.00285504702091,0.2580290412488889,98.90562623430013,rojak,True
ribs,0.5441126977074214,0.00285504702091,0.5412576506865114,99.4752838827435,rojak,True
risotto,0.1798937436216193,0.00285504702091,0.1770386966007093,98.41292589534677,rojak,True
samgyeopsal,0.274564609930532,0.00285504702091,0.271709562909622,98.96015476224981,rojak,True
samosa,0.2564875522755967,0.00285504702091,0.2536325052546867,98.88686722003483,rojak,True
sashimi,0.0629854347994419,0.00285504702091,0.06013038777853189,95.46713136139961,rojak,True
satay,0.2351079257839079,0.00285504702091,0.2322528787629979,98.7856440775484,rojak,True
scallion_pancake,0.145579254449721,0.00285504702091,0.142724207428811,98.03883662428285,rojak,True
shawarma,0.3031312637237955,0.00285504702091,0.3002762167028855,99.05814828010897,rojak,True
souffle,0.2974611158696626,0.00285504702091,0.2946060688487526,99.04019487973649,rojak,True
soup,0.1268497208512982,0.00285504702091,0.1239946738303882,97.74926818778192,rojak,True
spanakopita,0.2741309781639822,0.00285504702091,0.2712759311430722,98.95850989186559,rojak,True
spring_rolls,0.2903988081034614,0.00285504702091,0.2875437610825514,99.01685305130701,rojak,True
steak,0.7815011469219191,0.00285504702091,0.7786460999010091,99.63467142279252,rojak,True
sundubu_jjigae,0.1660415503417002,0.00285504702091,0.1631865033207902,98.28052254689592,rojak,True
sushi,0.0640243446175479,0.00285504702091,0.061169297596637896,95.54068528469172,rojak,True
sweet_and_sour,0.3685525819004364,0.00285504702091,0.3656975348795264,99.22533522728617,rojak,True
tabbouleh,0.0422978507033765,0.00285504702091,0.0394428036824665,93.25013689009477,rojak,True
taco,0.418539769036379,0.00285504702091,0.415684722015469,99.3178552596129,rojak,True
takoyaki,0.1512882831212846,0.00285504702091,0.1484332361003746,98.11284326716752,rojak,True
tamale,0.1372645889738489,0.00285504702091,0.13440954195293892,97.92004111019928,rojak,True
tandoori_chicken,0.2790571517430138,0.00285504702091,0.2762021047221038,98.97689523343976,rojak,True
tapas,0.1942673219562087,0.00285504702091,0.1914122749352987,98.53035137759629,rojak,True
tempura,0.3320592974999239,0.00285504702091,0.3292042504790139,99.14019964433894,rojak,True
teriyaki,0.2907920050126571,0.00285504702091,0.2879369579917471,99.01818242190471,rojak,True
thai_iced_tea,0.0243759548418201,0.00285504702091,0.021520907820910103,88.28744539675715,rojak,True
tikka_masala,0.2352417448800396,0.00285504702091,0.2323866978591296,98.78633487335937,rojak,True
tiramisu,0.1078809838214075,0.00285504702091,0.1050259368004975,97.35352151994053,rojak,True
tom_kha,0.1858816088936304,0.00285504702091,0.1830265618727204,98.46405083434382,rojak,True
tom_yum,0.1541886022669634,0.00285504702091,0.1513335552460534,98.14834107130257,rojak,True
tteokbokki,0.1505269670921717,0.00285504702091,0.1476719200712617,98.1032986473701,rojak,True
udon,0.1444559831100882,0.00285504702091,0.1416009360891782,98.02358686747215,rojak,True
vindaloo,0.2360593776690798,0.00285504702091,0.2332043306481698,98.79053861401246,rojak,True
waffle,0.1785825277098203,0.00285504702091,0.1757274806889103,98.40127303744453,rojak,True
wonton_soup,0.1715262451683963,0.00285504702091,0.1686711981474863,98.33550427335068,rojak,True
xiao_long_bao,0.1355547936033021,0.00285504702091,0.13269974658239211,97.89380593262882,rojak,True
yakitori,0.2192980503856408,0.00285504702091,0.2164430033647308,98.69809739945735,rojak,True
ackee_saltfish,0.1479771222253908,0.00285504702091,0.1451220752044808,98.070615931724,rojak,True
adobo,0.3835664436260561,0.00285504702091,0.3807113966051461,99.25565776976741,rojak,True
aji_de_gallina,0.2064411581111852,0.0035871560812386,0.2028540020299466,98.2623832795461,som_tam,True
al_pastor,0.26940861804542,0.00285504702091,0.26655357102451,98.94025401205664,rojak,True
aloo_gobi,0.1261275381026411,0.00285504702091,0.1232724910817311,97.73638091739602,rojak,True
anticucho,0.6438722352678695,0.00285504702091,0.6410171882469595,99.5565817464202,rojak,True
arancini,0.3167546374612211,0.00285504702091,0.3138995904403111,99.09865659938143,rojak,True
arepa,0.1550682589430726,0.0210290629331569,0.1340391960099157,86.4388346935159,fattoush,True
arroz_con_pollo,0.2455558063386589,0.00285504702091,0.2427007593177489,98.83731235539491,rojak,True
asado,0.7671063086509742,0.0035871560812386,0.7635191525697356,99.53237823222352,som_tam,True
bacalhau,0.2658607847000939,0.0035871560812386,0.2622736286188553,98.65073892515396,som_tam,True
bak_kut_teh,0.2194583776857819,0.00285504702091,0.21660333066487192,98.699048516162,rojak,True
banh_xeo,0.1938191426312755,0.00285504702091,0.1909640956103655,98.52695302324112,rojak,True
beef_tartare,0.4750862509475642,0.0210290629331569,0.4540571880144073,95.57363260014067,fattoush,True
biltong,0.5032713534949004,0.0210290629331569,0.4822422905617435,95.82152594477644,fattoush,True
birria,0.7940919484839885,0.00285504702091,0.7912369014630785,99.64046392532244,rojak,True
blini,0.1563061924550484,0.0107893163244967,0.1455168761305517,93.09731997495905,kimchi,True
boat_noodles,0.2884333857069896,0.00285504702091,0.2855783386860796,99.0101537608374,rojak,True
borek,0.2701911221855115,0.00285504702091,0.2673360751646015,98.94332315665437,rojak,True
borscht,0.2299651404148642,0.0035871560812386,0.2263779843336256,98.44013050205469,som_tam,True
bossam,0.2477463793234811,0.0035871560812386,0.24415922324224248,98.5520853660772,som_tam,True
bouillabaisse,0.177158941750859,0.00285504702091,0.174303894729949,98.38842623878105,rojak,True
bratwurst,0.228276205868912,0.00285504702091,0.225421158848002,98.7493015270503,rojak,True
budae_jjigae,0.1505586489631374,0.00285504702091,0.1477036019422274,98.1036977678984,rojak,True
bun_rieu,0.1646911696881013,0.00285504702091,0.1618361226671913,98.2664237394652,rojak,True
caldo_verde,0.1354072417849046,0.00285504702091,0.1325521947639946,97.89151083555394,rojak,True
callaloo,0.1195534483647046,0.00285504702091,0.11669840134379461,97.61190742721155,rojak,True
cannoli,0.2979839265015034,0.00285504702091,0.2951288794805934,99.04187885083942,rojak,True
carnitas,0.4370581929843786,0.00285504702091,0.4342031459634686,99.34675815103367,rojak,True
causa,0.0402119664414746,0.00285504702091,0.0373569194205646,92.90000645687074,rojak,True
char_kway_teow,0.23130799903834,0.00285504702091,0.22845295201743002,98.76569464403315,rojak,True
char_siu_bao,0.1231648026379331,0.00285504702091,0.1203097556170231,97.68192944756875,rojak,True
chilaquiles,0.1701742379834779,0.00285504702091,0.1673191909625679,98.32228012022173,rojak,True
chili,0.5128898796778169,0.00285504702091,0.5100348326569069,99.44334112759186,rojak,True
chimichurri,0.0501501265330493,0.0035871560812386,0.0465629704518107,92.84716444558792,som_tam,True
chole_bhature,0.2964050802571009,0.00285504702091,0.2935500332361909,99.03677527442055,rojak,True
churrasco,0.780599999224528,0.00285504702091,0.7777449522036181,99.63424967669148,rojak,True
churros_mexican,0.2804111037345016,0.0107893163244967,0.2696217874100049,96.15232200836375,kimchi,True
cobb_salad,0.0988467138988748,0.00285504702091,0.0959916668779648,97.11164194711536,rojak,True
conch_fritters,0.2860612112475003,0.00285504702091,0.2832061642265903,99.0019454198424,rojak,True
coquito,0.0536235508357889,0.0210290629331569,0.032594487902632,60.7839044498301,fattoush,True
couscous,0.1117052975911571,0.00285504702091,0.10885025057024711,97.44412567489906,rojak,True
coxinha,0.3252279436113923,0.00285504702091,0.3223728965904823,99.1221396940229,rojak,True
croquetas,0.3068093693849809,0.00285504702091,0.3039543223640709,99.06943942858292,rojak,True
cubano_sandwich,0.2115503017405358,0.0107893163244967,0.2007609854160391,94.89988138247627,kimchi,True
currywurst,0.2231653503153459,0.0108332800613693,0.2123320702539766,95.14562630531074,papaya_salad,True
dakgalbi,0.2163950379212937,0.00285504702091,0.2135399909003837,98.68063193669514,rojak,True
dan_tat,0.2439112050491028,0.00285504702091,0.2410561580281928,98.82947279099571,rojak,True
dim_sum_items,0.1454589858508505,0.00285504702091,0.1426039388299405,98.03721509248147,rojak,True
doner_kebab,0.3982888454309511,0.00285504702091,0.3954337984100411,99.28317173486974,rojak,True
doro_wot,0.2313390511602135,0.00285504702091,0.2284840041393035,98.76586032207216,rojak,True
duck_confit,0.4095605683183486,0.0210290629331569,0.38853150538519166,94.86545713629071,fattoush,True
eclair,0.281867411612305,0.00285504702091,0.279012364591395,98.98709573959654,rojak,True
eggplant_parm,0.2847714296386164,0.00285504702091,0.2819163826177064,98.99742504908828,rojak,True
eggs_benedict,0.1708245348553931,0.00285504702091,0.1679694878344831,98.32866688422313,rojak,True
egusi_soup,0.1448665139118369,0.00285504702091,0.14201146689092692,98.02918773716918,rojak,True
escovitch_fish,0.2895370287936256,0.00285504702091,0.2866819817727156,99.01392680832372,rojak,True
fattoush,0.0210290629331569,0.0107893163244967,0.0102397466086602,48.69330907044368,kimchi,True
feijoada,0.2897462854725938,0.00285504702091,0.2868912384516838,99.01463895688836,rojak,True
fesenjan,0.2580113680578307,0.0107893163244967,0.247222051733334,95.81827870387542,kimchi,True
fish_tacos,0.1508035934353108,0.00285504702091,0.1479485464144008,98.10677785862264,rojak,True
focaccia,0.2253479434420961,0.00285504702091,0.2224928964211861,98.73304944464975,rojak,True
fondue,0.2317808476658305,0.00285504702091,0.2289258006449205,98.7682127105574,rojak,True
fufu,0.0927179836270745,0.00285504702091,0.0898629366061645,96.92071925076216,rojak,True
ful_medames,0.1732907255875608,0.00285504702091,0.17043567856665082,98.35245249783007,rojak,True
gado_gado,0.0368416990578821,0.00285504702091,0.0339866520369721,92.25050121487494,rojak,True
galaktoboureko,0.258852796943443,0.0210290629331569,0.2378237340102861,91.87605342439025,fattoush,True
galette,0.1892821171027535,0.0210290629331569,0.1682530541695966,88.89009524246758,fattoush,True
gambas_al_ajillo,0.2707839602684873,0.00285504702091,0.2679289132475773,98.94563658125128,rojak,True
ghormeh_sabzi,0.4344752359392492,0.00285504702091,0.4316201889183392,99.34287462558413,rojak,True
gozleme,0.1698328688860818,0.0210290629331569,0.1488038059529249,87.61778972993591,fattoush,True
gulab_jamun,0.2775554568444898,0.00285504702091,0.2747004098235798,98.9713597947708,rojak,True
gyudon,0.4060873920872168,0.00285504702091,0.4032323450663068,99.29693778321077,rojak,True
halloumi,0.2737251146473554,0.0210290629331569,0.2526960517141985,92.31745214163159,fattoush,True
halo_halo,0.0321684610849158,0.00285504702091,0.0293134140640058,91.12470126135823,rojak,True
harissa,0.0337149583840212,0.0210290629331569,0.0126858954508643,37.626905263737854,fattoush,True
horiatiki,0.0624649954359781,0.00285504702091,0.0596099484150681,95.42936487710752,rojak,True
hot_dog,0.186911584136972,0.00285504702091,0.184056537116062,98.47251467366637,rojak,True
hu_tieu,0.1931435082000524,0.00285504702091,0.19028846117914242,98.52180016428363,rojak,True
idli,0.1159702392454211,0.00285504702091,0.11311519222451111,97.53812095285237,rojak,True
injera,0.1348193172949901,0.00285504702091,0.13196427027408011,97.8823160670195,rojak,True
iskender_kebab,0.3672064267488129,0.0035871560812386,0.36361927066757427,99.02312273970837,som_tam,True
jalebi,0.2667636352741989,0.00285504702091,0.2639085882532889,98.92974654586058,rojak,True
jerk_chicken,0.2704630231587363,0.00285504702091,0.26760797613782633,98.94438545145066,rojak,True
jjajangmyeon,0.2009040454731696,0.00285504702091,0.1980489984522596,98.57890018382368,rojak,True
jokbal,0.4363466234641828,0.00285504702091,0.4334915764432728,99.34569288098449,rojak,True
jollof_rice,0.2133692450734617,0.00285504702091,0.2105141980525517,98.66192195603118,rojak,True
karaage,0.3507997598775191,0.00285504702091,0.3479447128566091,99.18613199110888,rojak,True
kare_kare,0.4884342294134526,0.00285504702091,0.4855791823925426,99.41546950459666,rojak,True
katsu_curry,0.4151069941812468,0.00285504702091,0.4122519471603368,99.31221418551588,rojak,True
keftedes,0.528921603586283,0.00285504702091,0.526066556565373,99.46021357389229,rojak,True
khao_man_gai,0.2492308730802638,0.00285504702091,0.2463758260593538,98.85445691955245,rojak,True
kibbeh,0.4201524414376171,0.0210290629331569,0.3991233785044602,94.99489688523464,fattoush,True
kitfo,0.5233179288846862,0.0035871560812386,0.5197307728034476,99.31453598601453,som_tam,True
kofte,0.5200499512413249,0.00285504702091,0.5171949042204149,99.45100523245985,rojak,True
koobideh,0.6431374471788253,0.00285504702091,0.6402824001579153,99.556075138614,rojak,True
kunefe,0.284870239117631,0.0210290629331569,0.2638411761844741,92.61802040174742,fattoush,True
labneh,0.045353367769428,0.0210290629331569,0.0243243048362711,53.63285249274858,fattoush,True
lagman,0.2345345114302771,0.0210290629331569,0.2135054484971202,91.03370211705135,fattoush,True
lahmacun,0.3993846022337299,0.0210290629331569,0.378355539300573,94.73463352979988,fattoush,True
laksa,0.1932544214695525,0.00285504702091,0.1903993744486425,98.52264853802592,rojak,True
lomo_saltado,0.5341185394748995,0.00285504702091,0.5312634924539895,99.4654656579199,rojak,True
loukoumades,0.269907763552017,0.0210290629331569,0.2488787006188601,92.2087965694606,fattoush,True
lumpia,0.2834301385015858,0.00285504702091,0.28057509148067583,98.99268051167607,rojak,True
macarons,0.3030896685319408,0.0035871560812386,0.2995025124507022,98.81647035393402,som_tam,True
mafe,0.1927050992098769,0.00285504702091,0.18985005218896692,98.51843722215128,rojak,True
malai_kofta,0.3646055679806885,0.00285504702091,0.3617505209597785,99.21694914405114,rojak,True
manakish,0.2410900318939242,0.00285504702091,0.2382349848730142,98.81577558454752,rojak,True
manti_turkish,0.3164032495057304,0.0210290629331569,0.2953741865725735,93.3537146138646,fattoush,True
manty,0.2208545689303118,0.00285504702091,0.2179995219094018,98.7072728290213,rojak,True
meatloaf,0.7061207571069935,0.00285504702091,0.7032657100860835,99.59567156294807,rojak,True
mee_goreng,0.1954133635557322,0.00285504702091,0.1925583165348222,98.53897043223672,rojak,True
mofongo,0.30598424460965,0.00285504702091,0.30312919758874,99.06693005564642,rojak,True
mole,0.2340693241587429,0.00285504702091,0.2312142771378329,98.7802557933761,rojak,True
muhammara,0.0689125430117803,0.0210290629331569,0.047883480078623405,69.4844189256489,fattoush,True
mujaddara,0.1930589222252236,0.0210290629331569,0.1720298592920667,89.10743793098344,fattoush,True
nasi_goreng,0.2281692407185525,0.00285504702091,0.2253141936976425,98.74871520283854,rojak,True
nasi_lemak,0.1665603804553572,0.00285504702091,0.1637053334344472,98.28587866267799,rojak,True
nasi_padang,0.2257431782942434,0.0107893163244967,0.2149538619697467,95.22053494328256,kimchi,True
nicoise_salad,0.0633398040954804,0.00285504702091,0.0604847570745704,95.49249155143231,rojak,True
oxtail_stew,0.928986539843908,0.00285504702091,0.926131492822998,99.69267078709346,rojak,True
pajeon,0.1644038414617883,0.00285504702091,0.1615487944408783,98.26339397210887,rojak,True
paneer_butter,0.25735879951274,0.00285504702091,0.25450375249183,98.89063555382,rojak,True
pao_de_queijo,0.2428052824914401,0.00285504702091,0.2399502354705301,98.82414130713542,rojak,True
pasteis_de_nata,0.2510483708520002,0.00285504702091,0.24819332383109022,98.8627502296786,rojak,True
pastelitos,0.3065621564613411,0.0108332800613693,0.2957288763999718,96.46620437877321,papaya_salad,True
pastitsio,0.5295074333734805,0.00285504702091,0.5266523863525705,99.46081077602244,rojak,True
pav_bhaji,0.1166340260317642,0.00285504702091,0.11377897901085421,97.5521319823664,rojak,True
pernil,0.3931432205868955,0.00285504702091,0.3902881735659855,99.27378958318349,rojak,True
picanha,0.7671063086509742,0.00285504702091,0.7642512616300642,99.62781598994658,rojak,True
pide,0.4337136613633501,0.0210290629331569,0.41268459843019323,95.151394847224,fattoush,True
pierogi,0.1424313635192919,0.00285504702091,0.1395763164983819,97.99549274094866,rojak,True
piri_piri,0.2866743619176335,0.0035871560812386,0.2830872058363949,98.74870007305738,som_tam,True
plantain,0.256694606304495,0.00285504702091,0.253839559283585,98.88776509097222,rojak,True
plov,0.2947560645684604,0.00285504702091,0.2919010175475504,99.03138650426413,rojak,True
polenta,0.1501811407834025,0.0035871560812386,0.1465939847021639,97.61144704153489,som_tam,True
pot_roast,0.9118051850146176,0.00285504702091,0.9089501379937076,99.6868797120446,rojak,True
poutine,0.2927894152712246,0.00285504702091,0.2899343682503146,99.02488038433178,rojak,True
pretzel,0.207120970625836,0.00285504702091,0.20426592360492601,98.62155579307918,rojak,True
profiterole,0.277099260390222,0.0035871560812386,0.2735121043089834,98.70546169044731,som_tam,True
prosciutto,0.0648074671569017,0.00285504702091,0.06195242013599169,95.59457089412581,rojak,True
pupusa,0.1955979718318633,0.00285504702091,0.19274292481095331,98.54034937368155,rojak,True
raclette,0.2387250995474016,0.0210290629331569,0.2176960366142447,91.1910968000324,fattoush,True
rendang,0.8130001292883734,0.00285504702091,0.8101450822674634,99.64882576053105,rojak,True
rice_and_peas,0.1843953955683595,0.00285504702091,0.1815403485474495,98.45167119704377,rojak,True
rojak,0.00285504702091,,0.0,0.0,,False
roti_caribbean,0.1967827292452522,0.00285504702091,0.1939276822243422,98.54913740049224,rojak,True
saganaki,0.2233837961242186,0.0035871560812386,0.21979664004298,98.39417355086763,som_tam,True
salt_pepper_squid,0.2891595326065388,0.00285504702091,0.2863044855856288,99.01263949516931,rojak,True
sancocho,0.1744279861970753,0.0035871560812386,0.1708408301158367,97.94347446218539,som_tam,True
sardines_grilled,0.1916051199035331,0.00285504702091,0.1887500728826231,98.50993176886536,rojak,True
satay_indonesian,0.253680020757254,0.00285504702091,0.250824973736344,98.87454793941302,rojak,True
schnitzel,0.3886454747417314,0.00285504702091,0.3857904277208214,99.2653852401582,rojak,True
sfeeha,0.3120068417868014,0.0210290629331569,0.2909777788536445,93.2600635252972,fattoush,True
shakshuka,0.1566349541233384,0.0035871560812386,0.15304779804209978,97.70986233480555,som_tam,True
shashlik,0.4082318573771191,0.0107893163244967,0.3974425410526224,97.35706164780528,kimchi,True
simit,0.2085930123056449,0.0210290629331569,0.187563949372488,89.91861582479874,fattoush,True
sinigang,0.1879552349351595,0.00285504702091,0.1851001879142495,98.48099627451455,rojak,True
sisig,0.2742649021074548,0.00285504702091,0.2714098550865448,98.9590184529731,rojak,True
som_tam,0.0035871560812386,0.00285504702091,0.0007321090603285996,20.409177737139654,rojak,True
sopes,0.1586691847014456,0.0210290629331569,0.1376401217682887,86.74659923870819,fattoush,True
souvlaki,0.2720715998352537,0.00285504702091,0.2692165528143437,98.95062659144182,rojak,True
spaetzle,0.139575093353475,0.00285504702091,0.13672004633256502,97.95447242605128,rojak,True
stroganoff,0.6202507674104062,0.00285504702091,0.6173957203894962,99.53969472172844,rojak,True
suya,0.655841093852841,0.00285504702091,0.652986046831931,99.56467396635097,rojak,True
tagine,0.5588869032456304,0.0035871560812386,0.5552997471643918,99.35816064745714,som_tam,True
tahdig,0.1874786263494951,0.00285504702091,0.1846235793285851,98.47713465982642,rojak,True
tamagoyaki,0.1557918010710155,0.00285504702091,0.1529367540501055,98.16739584414422,rojak,True
tiropita,0.2824712241123217,0.0210290629331569,0.26144216117916474,92.55532559139725,fattoush,True
tonkotsu_ramen,0.1856153352164573,0.00285504702091,0.1827602881955473,98.46184744510438,rojak,True
tortilla_espanola,0.1919485336685301,0.00285504702091,0.1890934866476201,98.51259763940668,rojak,True
tostones,0.2569469812346993,0.00285504702091,0.2540919342137893,98.88885753504839,rojak,True
tzatziki,0.0328547225145804,0.00285504702091,0.029999675493670403,91.31008633646815,rojak,True
uttapam,0.1644797233120192,0.00285504702091,0.16162467629110921,98.26419514611297,rojak,True
warak_enab,0.2056933839172815,0.00285504702091,0.2028383368963715,98.61198889019292,rojak,True
wonton_noodle,0.1706561372336773,0.00285504702091,0.16780109021276732,98.327017670041,rojak,True
