dish_id,point_rank,rank_5pct,rank_95pct,rank_iqr
som_tam,1,1,16,7
papaya_salad,2,1,28,13
kimchi,3,1,27,13
rojak,4,1,31,13
fattoush,5,2,45,19
ca_phe_sua_da,6,2,46,20
guacamole,7,2,51,22
ceviche,8,2,53,21
gazpacho,9,2,54,22
thai_iced_tea,10,2,60,24
raita,11,4,65,26
harissa,12,6,92,31
gado_gado,13,5,86,32
coleslaw,14,4,81,32
tabbouleh,15,7,87,32
fresh_spring_roll,16,6,104,38
tzatziki,17,8,113,40
gelato,18,8,115,40
halo_halo,19,11,126,43
causa,20,12,128,44
labneh,21,13,139,48
onigiri,22,15,158,57
prosciutto,23,14,171,62
panna_cotta,24,14,190,61
sashimi,25,17,186,67
coquito,26,16,229,78
horiatiki,27,21,232,82
chimichurri,28,17,221,80
muhammara,29,19,235,75
nicoise_salad,30,22,277,89
hummus,31,25,280,97
sushi,32,29,301,101
ice_cream,33,26,339,117
tiramisu,34,26,358,130
club_sandwich,35,33,458,170
urap,36,33,476,165
kimbap,37,36,539,211
steamed_clams,38,39,553,214
namagashi,39,44,523,215
manj,40,51,643,243
dan_dan_noodles,41,45,623,247
hoppang,42,53,643,260
plecing_kangkung,43,49,673,260
puttu,44,39,710,273
xiao_long_bao,45,50,697,253
germkndel,46,58,735,275
sundubu_jjigae,47,57,711,293
edamame,48,52,720,279
coddled_egg,49,48,719,287
water_chestnut_cake,50,61,744,258
kwacoco,51,48,733,285
hanabiramochi,52,46,743,286
eomandu,53,52,754,293
fa_gao,54,50,775,310
char_siu_bao,55,53,740,276
wandouhuang,56,52,747,300
tingmo,57,51,749,299
tamale,58,45,750,299
sagu,59,54,779,313
khanom_sot_sai,60,51,761,318
cobb_salad,61,65,744,282
gyeranjjim,62,57,768,334
siomay,63,51,754,297
eba,64,56,768,305
lotus_seed_bun,65,44,786,318
har_gow,66,59,761,308
lupis,67,59,776,312
kue_putu,68,46,771,305
tekeli_pitha,69,52,790,311
bupyeon,70,61,780,334
sayur_asem,71,57,799,330
yatsuhashi,72,55,780,296
mandarin_roll,73,61,831,328
gnocchi,74,56,813,334
momiji_manj,75,45,838,338
mochi,76,57,817,320
idiyappam,77,61,798,313
sakuramochi,78,53,848,328
echicha,79,56,782,309
rava_idli,80,60,825,346
dumplings,81,69,808,324
bnh_da_ln,82,50,794,327
stuffed_mussels,83,47,854,349
wagashi,84,61,872,343
couscous,85,60,819,325
caesar_salad,86,61,823,334
mango_sticky_rice,87,60,884,355
callaloo,88,55,861,357
hsi_htamin,89,55,821,351
laksa,90,56,866,365
longevity_peach,91,50,829,338
wotou,92,63,853,353
mantau,93,62,826,343
sevai,94,59,857,381
bnh_bo,95,55,880,386
penne_arrabbiata,96,63,862,346
kuzumochi,97,57,857,370
agar,98,59,857,351
shark_chutney,99,61,806,347
songpyeon,100,69,888,373
khao_tom,101,54,882,339
suama,102,65,881,348
gaobuli,103,63,863,369
dombolo,104,62,878,373
nasi_kucing,105,75,883,356
kozhukkatta,106,65,889,378
scallion_pancake,107,55,905,365
uir,108,59,925,369
caprese,109,60,932,406
klepon,110,57,885,356
bagiya,111,61,889,391
akumaki,112,65,905,382
aloo_gobi,113,75,892,356
guanime,114,74,970,394
nasi_gurih,115,65,881,380
ang_ku_kueh,116,66,919,393
tokoroten,117,60,907,392
raindrop_cake,118,61,883,359
daifuku,119,54,909,366
chwee_kueh,120,62,924,368
okpa,121,54,917,390
sakhu_sai_mu,122,68,907,377
corunda,123,69,955,355
hot_and_sour_soup,124,55,931,394
lobster_stew,125,59,884,363
zhaliang,126,60,951,375
kusa_mochi,127,62,927,372
kutsinta,128,56,974,401
lo_mai_chi,129,74,971,401
bnh_bt_lc,130,63,909,402
dal,131,63,891,398
chawanmushi,132,81,997,377
tom_yum,133,51,905,377
yubeshi,134,61,940,395
osmanthus_cake,135,54,953,385
khanom_sai_bua,136,57,925,415
hishi_mochi,137,63,957,413
janchi_guksu,138,58,941,406
delele,139,64,880,389
bhel_puri,140,64,969,402
rujak_shanghai,141,67,933,379
fufu,142,63,953,395
baba,143,65,921,405
ada,144,79,936,394
nasi_timbel,145,60,942,381
fzelk,146,65,1000,425
purin,147,61,948,389
patrode,148,65,948,402
smen,149,66,994,439
bhakkha,150,74,971,390
hakuto_jelly,151,66,1044,415
tee_long_pan,152,71,936,422
koba,153,70,1040,411
nasi_kuning,154,63,989,391
aloo_tikki,155,75,1023,431
dambou,156,78,1033,442
kakigri,157,69,991,433
egusi_soup,158,63,1005,428
bubur_cha_cha,159,51,996,433
biangbiang_noodles,160,69,980,415
boiled_egg,161,68,996,420
botamochi,162,72,1077,447
takikomi_gohan,163,59,956,421
balut,164,68,1020,414
poached_egg,165,70,1017,447
tofu_skin_roll,166,75,984,433
tangbao,167,64,1054,439
mont_di,168,73,994,438
masi,169,66,1023,429
dolma,170,61,1034,426
sopa_de_fideo,171,74,1059,442
telur_pindang,172,64,1027,413
peppersoup,173,64,1010,457
manda_pitha,174,80,1059,449
jjolmyeon,175,75,1043,414
marghi_special,176,63,1032,436
nasi_uduk,177,73,1069,432
put_chai_ko,178,68,1027,437
qingtuan,179,79,1035,434
oeuf_mayonnaise,180,79,1069,463
mugoyo,181,75,1049,447
liangpi,182,74,1015,459
hot_and_sour_noodles,183,66,1020,458
bn_c,184,76,1041,433
canjica,185,68,1044,456
lucky_tattie,186,81,1038,443
frozen_custard,187,90,1056,442
makizushi,188,77,1124,479
cap_cay,189,82,1057,470
pasta_e_fagioli,190,61,1055,450
elote,191,68,1064,464
kokonte,192,78,1129,469
suman,193,68,1097,480
injeolmi,194,72,1068,467
oden,195,78,1053,433
ugali,196,78,1052,458
gyhi,197,83,1077,466
bnh_c,198,70,1092,447
p_de_moleque,199,75,1078,459
lugaw,200,68,1111,472
tea_egg,201,87,1099,479
shakshuka,202,82,1131,446
dango,203,70,1081,463
anmitsu,204,77,1087,424
budae_jjigae,205,86,1087,462
marillenkndel,206,71,1071,474
sanna,207,81,1113,484
isidudu,208,76,1099,479
crepe,209,70,1104,450
pierogi,210,80,1142,466
risotto,211,76,1115,460
fabes_con_almejas,212,73,1085,482
ldagun,213,66,1133,478
kenkey,214,81,1124,482
ji_dan_gao,215,82,1105,510
morkovcha,216,70,1075,485
tinutuan,217,82,1124,446
queijo_de_azeito,218,90,1110,467
jhalmuri,219,63,1109,470
kue_mangkok,220,78,1095,478
kongguksu,221,79,1105,500
siopao,222,84,1124,476
kamameshi,223,94,1129,492
bnh_t,224,86,1144,498
moin_moin,225,72,1093,464
warabimochi,226,85,1141,511
draw_soup,227,75,1114,483
lo_mai_gai,228,81,1143,481
burasa,229,67,1150,495
hutspot,230,75,1141,474
kutia,231,76,1159,504
ganci,232,92,1122,481
enduri_pitha,233,88,1178,469
vinegret,234,78,1155,505
zabaione,235,81,1162,479
amala,236,78,1146,498
compote,237,72,1160,516
arepa,238,80,1114,507
nanakusanosekku,239,85,1185,517
tamago_kake_gohan,240,75,1176,511
gobi_paratha,241,90,1155,482
hot_dry_noodles,242,82,1176,518
dhokla,243,92,1146,491
sinki,244,74,1124,474
neer_dosa,245,91,1211,489
cong_you_bing,246,87,1170,480
bakpau,247,78,1180,485
bisi_bele_bath,248,80,1163,493
sirutteok,249,84,1189,502
amezaiku,250,78,1170,486
sambar,251,93,1198,538
bibim_guksu,252,88,1138,486
nori,253,93,1174,512
papadzules,254,84,1172,510
jeungpyeon,255,72,1191,502
ohaw,256,79,1150,509
sorrel_soup,257,94,1207,509
nagasari,258,71,1184,504
jjinppang,259,92,1165,532
moche,260,89,1171,520
fishermans_soup,261,66,1199,520
tteok,262,81,1167,534
jambonbeurre,263,82,1187,510
kachumbari,264,80,1234,517
genfo,265,76,1265,559
sapinsapin,266,82,1179,527
sorbet,267,89,1151,508
varenyky,268,93,1208,511
mujigaetteok,269,83,1152,477
tangyuan,270,90,1189,481
curtido,271,73,1203,517
lobster_roll,272,76,1195,538
pindang_patin,273,84,1170,524
burmese_tofu,274,77,1161,525
palitaw,275,88,1196,503
ackee_saltfish,276,73,1202,500
cotoletta_alla_milanese,277,96,1193,527
tiboktibok,278,78,1209,547
nasi_dagang,279,77,1190,502
muhallebi,280,73,1195,525
katemeshi,281,73,1173,510
caldo_de_siete_mares,282,69,1207,542
okinawa_soba,283,87,1229,536
rolex,284,74,1184,510
israeli_couscous,285,86,1187,524
caponata,286,88,1232,499
jeera_bhaat,287,77,1187,509
khanom_bueang,288,104,1253,587
idli,289,94,1230,563
red_bean_ice,290,94,1241,562
hotteok,291,90,1238,518
chao,292,89,1159,534
sopes,293,90,1223,522
lbr,294,80,1225,539
pav_bhaji,295,92,1200,496
wonton_noodle,296,79,1217,506
chelow,297,81,1271,519
bammy,298,92,1185,551
baghrir,299,65,1197,510
kosambari,300,91,1170,497
clorot,301,73,1265,554
hash_browns,302,81,1261,495
matapa,303,97,1227,519
puto_bumbong,304,104,1235,557
paoca,305,95,1270,524
wiener_schnitzel,306,75,1238,536
ayam_pansuh,307,86,1246,543
mochi_ice_cream,308,100,1255,548
kenchinjiru,309,80,1230,550
koottu,310,101,1216,539
gozleme,311,95,1227,540
cup_noodles,312,83,1290,539
deviled_egg,313,87,1246,540
xarm,314,85,1244,544
wappameshi,315,90,1209,559
fruit_by_the_foot,316,91,1248,557
shiruko,317,83,1198,522
wasanbon,318,78,1225,530
popiah,319,91,1274,549
carrot_chip,320,97,1227,500
clam_chowder,321,96,1265,525
erkuai,322,99,1277,567
lepet,323,78,1303,559
hong_dou_tang,324,87,1243,535
gundruk,325,98,1237,551
fruit_rollups,326,96,1273,538
xi,327,88,1252,529
sopa_de_gato,328,103,1286,538
bolani,329,95,1250,552
shirin_polo,330,88,1250,562
fitfit,331,93,1262,561
saffron_rice,332,91,1250,543
baozi,333,86,1256,527
bob_chorba,334,98,1285,545
paleta,335,84,1276,581
zosui,336,84,1236,554
tofu_skin,337,96,1234,526
seenakku,338,77,1251,533
ulava_charu,339,86,1278,583
tong_sui,340,83,1206,519
lemang,341,84,1320,576
takoyaki,342,91,1247,551
puto,343,101,1335,568
bahon,344,96,1293,570
bnh_cun,345,95,1332,572
coconut_drop,346,89,1263,557
nargesi,347,107,1292,572
ham_salad,348,94,1294,566
zongzi,349,79,1273,585
bubur_kacang_hijau,350,93,1271,563
caviar,351,105,1241,523
khauk_sw_thoke,352,106,1315,561
danbing,353,87,1285,540
khao_kan_chin,354,95,1289,552
tufahije,355,86,1255,558
aremarem,356,84,1254,561
nigirizushi,357,87,1264,566
lecs,358,95,1249,544
karukan,359,93,1285,556
kheer,360,101,1284,559
paila_marina,361,85,1275,544
caldillo_de_perro,362,103,1304,591
kashk_bademjan,363,97,1298,561
bubur_ayam,364,94,1299,579
akashiyaki,365,98,1320,538
arroz_a_la_tumbada,366,90,1290,557
okowa,367,91,1280,568
dilly_beans,368,94,1287,533
chapati,369,102,1304,568
zni,370,110,1302,594
nicuatole,371,97,1322,617
aloo_paratha,372,100,1307,573
caldo_verde,373,89,1290,601
egg_salad,374,93,1316,587
pie_tee,375,115,1323,582
bubur_ketan_hitam,376,93,1354,568
asinan,377,89,1373,598
kwati,378,110,1327,557
ukha,379,103,1285,542
tonkotsu_ramen,380,103,1307,590
ginataang_mais,381,87,1323,601
song_gao,382,106,1325,574
totopo,383,107,1296,585
nurungji,384,99,1322,579
kongbap,385,104,1344,553
candied_carrots,386,83,1348,583
sayur_lodeh,387,93,1361,588
muroran_curry_ramen,388,91,1382,596
porra_antequerana,389,100,1325,610
fruit_hat,390,112,1361,577
salted_duck_egg,391,94,1325,588
paratha,392,91,1322,578
pickled_egg,393,102,1336,575
bnh_bao,394,81,1379,614
paccheri,395,93,1334,577
ch_la,396,105,1356,612
udon,397,112,1371,566
masala_omelette,398,99,1360,571
roti_canai,399,102,1344,628
grahova_pretepena_juha,400,83,1344,583
south_asian_pickle,401,113,1347,574
dhebra,402,103,1342,566
tensoba,403,83,1344,581
kue_lapis,404,120,1306,567
tomato_omelette,405,75,1375,660
egg_bhurji,406,86,1357,617
perico,407,88,1326,556
century_egg,408,105,1366,564
lahoh,409,96,1307,567
konpeit,410,99,1325,586
bouneschlupp,411,113,1390,612
bionico,412,95,1308,583
pootharekulu,413,111,1358,575
sekoteng,414,94,1334,571
huevos_rancheros,415,92,1357,593
imagawayaki,416,97,1372,583
rice_pudding,417,107,1301,576
larb,418,105,1348,589
sabich,419,132,1369,592
aloo_mutter,420,114,1362,598
nopalito,421,108,1357,591
fried_egg,422,109,1370,576
olivier_salad,423,106,1357,597
kupat_tahu,424,95,1334,605
sancocho,425,114,1383,580
varenye,426,109,1333,605
telur_gulung,427,106,1367,578
htamin_jin,428,101,1380,604
moron,429,112,1352,597
kraft_dinner,430,86,1346,605
mirza_ghassemi,431,97,1343,605
dampfnudel,432,98,1378,629
fish_tacos,433,115,1319,584
da_bao,434,114,1329,600
douzhi,435,107,1385,613
chana_masala,436,97,1395,632
lobio,437,105,1410,611
kisra,438,100,1378,579
piperade,439,98,1384,571
lemper,440,92,1345,586
ant_egg_soup,441,97,1386,604
malsouka,442,88,1375,612
chitranna,443,93,1364,608
biko,444,99,1333,602
roti_tissue,445,112,1353,549
creamed_eggs_on_toast,446,122,1379,596
bnh_m,447,93,1328,603
bokkeumbap,448,97,1349,614
bein_mont,449,98,1360,619
escamol,450,126,1374,611
bnh_b,451,107,1370,631
tapioca_pudding,452,117,1407,632
phirni,453,101,1376,617
grilled_cheese,454,103,1378,598
chongyang_cake,455,106,1391,636
chitose_ame,456,123,1407,578
butajiru,457,111,1390,595
balila,458,111,1384,617
pulihora,459,103,1378,612
pus,460,103,1396,596
mollete,461,118,1393,563
nasi_tim,462,105,1372,609
onsen_tamago,463,102,1382,616
gi_cun,464,102,1421,635
lontong,465,101,1380,611
french_toast,466,85,1370,605
carrot_salad,467,106,1417,627
boiled_peanuts,468,115,1368,634
gionb,469,98,1418,641
pongal,470,119,1406,599
dhindo,471,108,1333,620
succotash,472,107,1417,618
bap,473,110,1378,616
alloco,474,79,1371,648
mercimek_kftesi,475,79,1419,607
lentil_soup,476,128,1396,605
kitcha,477,113,1427,629
fios_de_ovos,478,104,1380,559
butter_chicken,479,91,1373,592
treacle_sponge_pudding,480,109,1399,610
kogel_mogel,481,102,1393,609
bing,482,92,1378,605
liangfen,483,114,1431,611
oyster_omelette,484,119,1432,595
hwajeon,485,104,1381,610
doenjang_jjigae,486,115,1436,598
potato_pancake,487,109,1422,601
red_bean_rice,488,106,1373,601
malay_sponge_cake,489,83,1411,641
ogi,490,114,1440,625
ekwang,491,110,1409,603
zarda,492,97,1430,632
mont_lin_maya,493,95,1419,635
khichdi,494,95,1389,631
cabinet_pudding,495,103,1390,649
ketupat,496,100,1424,616
manjar_blanco,497,140,1444,643
mushy_peas,498,120,1443,613
aguachile,499,92,1459,628
concoction_rice,500,98,1425,659
aa_na_tigela,501,127,1430,666
mache,502,99,1417,629
chakalaka,503,116,1441,632
menemen,504,107,1392,599
rice_krispies,505,113,1431,649
doodhpak,506,106,1432,564
achu,507,114,1435,607
gyeranmari,508,112,1434,615
akki_rotti,509,106,1463,609
beijinho,510,98,1437,652
badrijani,511,129,1405,585
asida,512,105,1428,613
tostilocos,513,117,1402,653
tlacoyo,514,133,1412,606
luosifen,515,125,1425,586
ogbono_soup,516,109,1422,662
cifantuan,517,94,1378,622
ginataang_munggo,518,109,1439,664
figgy_pudding,519,123,1430,620
penang_hokkien_mee,520,107,1447,631
sinigang,521,105,1456,653
arroz_con_maiz,522,86,1432,638
ham_and_egg_bun,523,107,1463,649
fugu_chiri,524,103,1457,660
papodeanjo,525,106,1432,657
rice_and_peas,526,110,1472,579
crappit_heid,527,120,1428,659
nasi_jinggo,528,115,1459,585
ragda_pattice,529,112,1439,639
tortang_talong,530,100,1448,647
sagamite,531,129,1411,603
uttapam,532,105,1444,657
entomatada,533,112,1496,637
panagyurishtestyle_eggs,534,125,1485,643
pearl_meatballs,535,111,1454,630
amanatt,536,100,1443,637
egg_in_the_basket,537,119,1463,613
caldo_galego,538,133,1440,602
creme_de_papaya,539,116,1455,621
caldo_de_queso,540,114,1441,684
dim_sum_items,541,119,1501,641
waakye,542,108,1449,650
nasi_ulam,543,111,1460,651
yusheng,544,117,1465,678
korma,545,119,1417,660
nasi_lemak,546,84,1488,658
kuning,547,114,1460,637
binignit,548,108,1498,668
apio,549,124,1455,598
crpes_suzette,550,121,1457,628
fio_fio,551,120,1490,626
kinema,552,107,1496,614
sinangag,553,105,1437,649
poffertjes,554,114,1450,655
paper_wrapped_cake,555,113,1480,646
fricasse,556,124,1503,663
ulmyeon,557,121,1427,627
saimin,558,122,1474,656
laobing,559,100,1468,663
tube_rice_pudding,560,92,1452,634
kiping,561,107,1488,671
palak_paneer,562,134,1463,612
lablabi,563,106,1490,664
tootsie_roll,564,85,1508,693
mango_pudding,565,110,1529,643
seri_muka,566,113,1468,656
githeri,567,106,1475,641
nasi_liwet,568,108,1504,711
lutefisk,569,116,1481,671
appam,570,133,1485,628
dressed_herring,571,116,1499,660
balep_korkun,572,129,1471,642
laping,573,101,1492,689
spanish_omelette,574,89,1504,652
tortillitas_de_camarones,575,125,1454,608
kasha,576,121,1474,674
bindaetteok,577,124,1482,676
chicken_salad,578,109,1482,632
rassolnik,579,123,1434,644
pav,580,111,1500,649
cm_tm,581,117,1523,679
rice_and_curry,582,126,1493,659
makdous,583,127,1499,642
diri_djondjon,584,106,1499,673
bean_salad,585,94,1467,650
panucho,586,101,1549,663
m_qung,587,117,1551,641
nacatamal,588,103,1483,682
pajeon,589,126,1496,661
koshary,590,141,1490,655
tapas,591,130,1477,603
parotta,592,103,1484,661
torricado,593,149,1486,633
taho,594,134,1471,685
sabaayad,595,137,1499,669
tuna_bun,596,110,1502,685
kyay_oh,597,100,1519,675
jeon,598,156,1535,652
jatguksu,599,135,1516,655
scotch_woodcock,600,143,1504,658
soto_klethuk,601,118,1491,653
eggs_benedict,602,89,1466,642
shir_berenj,603,122,1531,664
paanga_brei,604,118,1519,672
crossingthebridge_noodles,605,124,1503,691
ravioli,606,110,1517,654
sholezard,607,93,1513,676
makguksu,608,118,1553,680
champurrado,609,100,1527,689
egg_drop_soup,610,101,1477,655
msemmen,611,140,1506,649
dorayaki,612,135,1555,650
pancit,613,132,1450,652
funing_big_cake,614,147,1555,678
yudoufu,615,126,1498,624
burmese_fried_rice,616,105,1491,640
higashi,617,119,1536,678
milmyeon,618,116,1512,678
crumpet,619,123,1514,693
meghli,620,109,1524,698
egg_foo_young,621,111,1548,684
chee_cheong_fun,622,128,1521,646
eggah,623,97,1534,656
piyaz,624,102,1533,702
spotted_dick,625,120,1519,662
tteokbokki,626,120,1505,663
hiyayakko,627,101,1529,697
oshizushi,628,125,1509,669
arroz_poblano,629,133,1529,637
egg_butter,630,151,1527,650
mapo_tofu,631,110,1543,691
brigadeiro,632,98,1534,658
spanish_rice,633,134,1563,656
mariamole,634,112,1541,662
banmian,635,121,1530,673
pancit_bihon,636,96,1487,670
pancit_malabon,637,143,1503,661
bento,638,114,1522,651
casunziei,639,147,1551,669
zoque,640,119,1534,706
kya_zan_hinga,641,109,1550,681
serabi,642,132,1566,686
sandige,643,154,1514,673
ham_and_eggs,644,113,1502,672
passion_fruit_mousse,645,133,1550,702
pea_soup,646,155,1570,625
kedgeree,647,142,1546,698
bnh_l,648,112,1533,694
harira,649,129,1569,695
arroz_de_lisa,650,138,1504,646
tekkadon,651,123,1573,670
molagoottal,652,105,1549,694
chongqing_noodles,653,117,1546,691
thingyan_rice,654,132,1582,703
juk,655,101,1566,687
teiglach,656,108,1544,693
tamagoyaki,657,142,1597,704
jollof_rice,658,124,1537,674
mechouia_salad,659,118,1539,709
guryev_porridge,660,110,1570,743
moro_de_guandules,661,114,1596,698
chipsi_mayai,662,104,1520,707
mcver,663,107,1554,697
arroz_con_pollo,664,120,1619,710
kateh,665,96,1543,698
okazu,666,132,1564,685
htaman,667,144,1582,697
pupusa,668,120,1541,674
pizza_margherita,669,111,1558,683
chow_mein,670,129,1527,697
lakso,671,135,1531,695
palatschinke,672,131,1564,674
unadon,673,115,1638,728
tahdig,674,119,1562,711
prawn_roll,675,111,1580,675
fritaja,676,147,1587,684
horchata,677,152,1574,683
red_caviar,678,139,1586,704
matbucha,679,121,1589,690
hangtown_fry,680,141,1575,677
rosette,681,123,1560,686
warak_enab,682,125,1576,711
bagoong_fried_rice,683,134,1585,691
quesadilla,684,149,1586,687
ofada_rice,685,148,1566,683
tahu_gejrot,686,137,1564,656
unnakai,687,125,1583,750
moros_y_cristianos,688,148,1614,729
honey_bun,689,147,1599,705
aletria,690,116,1575,703
stuffed_racuchy,691,121,1575,716
mie_kering,692,140,1613,711
spaetzle,693,124,1553,712
tokushima_ramen,694,132,1586,678
inarizushi,695,126,1633,698
french_onion_soup,696,135,1651,718
blini,697,118,1559,693
pinipig,698,152,1578,679
yakimochi,699,133,1570,720
pidan_doufu,700,108,1575,689
silog,701,142,1632,698
purtumute,702,134,1556,692
tortelloni,703,149,1621,701
ham_sandwich,704,137,1567,700
bun_rieu,705,154,1606,709
ch,706,118,1595,712
bolo_do_caco,707,129,1573,692
bnh_xo,708,123,1604,696
ham_and_cheese_sandwich,709,139,1605,690
coconut_bar,710,94,1619,688
kuku,711,137,1601,697
bnh_chng,712,122,1596,667
caldo_de_pollo,713,147,1615,699
bijajica,714,118,1575,701
soto_banjar,715,119,1630,703
mulukhiyah,716,120,1576,712
szczecin_paprikash,717,137,1605,727
weisswurst,718,114,1558,678
black_pudding,719,142,1633,706
migas,720,132,1642,706
ewa_aganyin,721,143,1580,671
sussex_pond_pudding,722,158,1607,700
albaloo_polo,723,177,1604,706
jjajangmyeon,724,144,1631,717
katsuobushi,725,149,1618,656
nasi_padang,726,111,1605,703
sopa_de_cacahuete,727,149,1607,680
coconut_candy,728,145,1626,691
meeshay,729,135,1649,682
catatos,730,150,1621,682
samgyetang,731,138,1633,692
vindaloo,732,116,1622,724
egg_sandwich,733,147,1642,738
khao_khluk_kapi,734,127,1602,687
texas_toast,735,132,1622,739
canja_de_galinha,736,161,1627,649
matzah_brei,737,126,1599,679
scaloppine,738,127,1637,743
garnacha,739,130,1645,740
khao_poon,740,136,1637,721
ohn_no_khao_sw,741,122,1616,699
khao_soi,742,144,1615,708
roti,743,120,1647,726
nunt,744,127,1664,763
mesfouf,745,136,1638,722
dovga,746,145,1630,754
apam_balik,747,128,1593,707
dakgalbi,748,169,1643,693
yun_dou_juan,749,149,1627,761
kalguksu,750,171,1645,738
ciceri_e_tria,751,165,1649,716
polenta,752,134,1634,698
manda_roti,753,148,1671,722
aji_de_gallina,754,177,1623,712
pakhala,755,144,1628,725
miso_soup,756,134,1622,706
nasi_kerabu,757,136,1650,704
terang_bulan,758,127,1628,752
paella,759,145,1651,689
fesikh,760,105,1651,740
fideu,761,141,1655,719
curau,762,131,1676,716
rijsttafel,763,153,1628,709
memela,764,121,1639,689
buchimgae,765,160,1651,697
hokkien_fried_rice,766,171,1642,744
omelette,767,155,1675,680
cocktion,768,155,1638,749
shengjian_mantou,769,144,1701,703
toshikoshi_soba,770,148,1674,677
racuchy,771,174,1669,748
salukara,772,133,1643,710
arroz_negro,773,127,1659,712
nasi_kandar,774,105,1638,776
cheese_roll,775,124,1654,698
tlayuda,776,111,1661,733
krembo,777,116,1701,729
mee_pok,778,109,1631,736
gatsby,779,158,1676,698
black_sesame_roll,780,179,1665,716
aligue_fried_rice,781,125,1651,719
matev,782,172,1654,719
hot_dog,783,134,1684,739
kat_kyi_kaik,784,113,1667,711
jjamppong,785,163,1686,733
curry_puff,786,133,1665,727
scrambled_eggs,787,145,1671,736
escargot,788,143,1671,706
marquesita,789,115,1672,762
ful_medames,790,161,1692,696
rajas_con_crema,791,167,1680,698
calavera,792,153,1732,742
zefir,793,135,1715,758
huevos_motuleos,794,175,1727,757
bacalhau_brs,795,138,1713,721
jaynagarer_moa,796,154,1664,712
saganaki,797,131,1710,709
dirty_rice,798,165,1700,761
rice_noodle_roll,799,114,1697,691
red_peas_soup,800,161,1676,708
kaiserschmarrn,801,147,1709,688
kagoshima_ramen,802,181,1690,746
carbonara,803,133,1660,744
mafe,804,161,1694,696
grey_peas,805,134,1717,745
llapingacho,806,173,1680,687
markook,807,107,1695,765
doro_wot,808,131,1708,746
drunken_noodles,809,178,1695,730
chow_mein_sandwich,810,142,1682,694
cholermus,811,148,1689,709
bissara,812,157,1669,738
seattle_roll,813,168,1660,717
tapai,814,170,1704,720
texas_caviar,815,138,1714,719
locro,816,177,1707,700
douhua,817,124,1747,752
yakisoba,818,199,1686,667
sustyle_noodles,819,188,1707,763
taro_cake,820,151,1701,742
butter_pecan,821,141,1670,725
bubur_pedas,822,162,1730,762
wonton_soup,823,142,1715,713
borscht,824,172,1723,741
syrniki,825,139,1727,704
champon,826,161,1684,717
nasi_bogana,827,187,1722,750
olho_de_sogra,828,154,1731,705
liverwurst,829,149,1704,743
stinky_tofu,830,159,1689,735
jiuniang,831,155,1736,753
gallo_pinto,832,162,1730,777
dal_bhat,833,146,1687,706
hainanese_chicken_rice,834,179,1673,694
burong_isda,835,175,1692,732
puran_poli,836,170,1719,759
eggs_kejriwal,837,133,1709,758
kati_roll,838,153,1693,721
peabutter,839,147,1726,773
singapore_hae_mee,840,124,1714,736
fun_guo,841,198,1719,732
pannenkoek,842,177,1736,712
chai_tow_kway,843,151,1756,708
arroz_con_huevo_frito,844,148,1737,748
champorado,845,199,1735,734
panta_bhat,846,142,1702,759
touffe,847,158,1748,768
bnh_tt,848,179,1737,714
currywurst,849,151,1747,709
qatayef,850,157,1762,763
sai_krok_isan,851,135,1745,784
breakfast_roll,852,136,1729,756
salmorejo,853,172,1730,756
salted_nut_roll,854,162,1725,764
simit,855,128,1733,779
maggi_goreng,856,137,1731,756
turnip_cake,857,156,1743,735
huevos_estrellados,858,163,1721,733
christmas_pudding,859,149,1727,753
tom_kha,860,148,1758,741
hiyashi_chka,861,182,1758,723
ykan,862,131,1754,775
grater_cake,863,208,1762,718
satay,864,174,1794,761
helzel,865,173,1741,733
curd_rice,866,180,1764,787
cachapa,867,164,1749,759
california_roll,868,173,1726,726
bifana,869,160,1754,770
ricotta,870,156,1810,745
longaniza,871,151,1761,837
galette,872,205,1778,724
mie_ayam,873,147,1725,724
nasi_tutug_oncom,874,145,1809,788
soup,875,160,1752,740
pasteles,876,149,1833,774
khow_suey,877,178,1783,738
morisqueta,878,139,1752,757
bakmi,879,146,1791,747
moronga,880,152,1764,752
arroz_chaufa,881,179,1800,764
bouillabaisse,882,152,1759,751
baye_baye,883,167,1738,714
prawn_cocktail,884,187,1803,778
halva,885,177,1795,738
coffin_bread,886,161,1784,775
pocket_sandwich,887,143,1795,799
kalamay,888,162,1780,794
singaporestyle_noodles,889,177,1740,711
chilaquiles,890,167,1775,779
singapore_hokkien_mee,891,186,1782,733
bnh_canh,892,185,1796,731
creme_brulee,893,163,1804,785
pancake,894,148,1759,749
stornoway_black_pudding,895,136,1776,713
cart_noodle,896,162,1824,743
kiribath,897,161,1821,801
piccata,898,155,1778,801
yin_yang_fried_rice,899,170,1774,715
paneer_butter,900,158,1791,820
rellenitos_de_pltano,901,170,1781,720
biyet,902,182,1792,771
ciba_cake,903,176,1807,762
chirashizushi,904,182,1786,720
paneer_tikka,905,142,1811,771
nasi_goreng,906,151,1785,780
nasi_tumpang,907,181,1800,700
banh_xeo,908,195,1781,766
briouat,909,180,1813,784
fasolada,910,186,1829,768
baba_ganoush,911,199,1807,759
yakisobapan,912,170,1788,760
pad_see_ew,913,178,1836,759
yangzhou_fried_rice,914,179,1801,728
khao_phat,915,187,1768,767
imoni,916,182,1756,716
crempog,917,151,1821,807
doj_nabe,918,169,1821,779
oladyi,919,202,1761,763
omurice,920,156,1816,804
pek_nga,921,199,1827,791
bungeoppang,922,185,1838,763
japchae,923,163,1806,787
cubano_sandwich,924,181,1832,762
avgolemono,925,180,1832,763
chahan,926,169,1839,742
bacalhau_com_todos,927,169,1796,793
saveloy,928,170,1769,778
dubukimchi,929,146,1815,811
tinapayan,930,231,1864,743
tikka_masala,931,144,1843,801
bai_pong_moan,932,173,1848,797
noodles_with_tomato_egg_sauce,933,176,1811,772
khao_piak_sen,934,204,1856,768
maja_blanca,935,184,1800,712
nasi_bakar,936,202,1823,723
porotos_con_riendas,937,176,1863,742
denver_sandwich,938,171,1869,802
nasi_campur,939,182,1831,771
com_tam,940,171,1813,772
char_kway_teow,941,164,1834,736
dal_bati,942,177,1846,821
iru,943,176,1833,767
dahi,944,174,1853,801
red_curry,945,198,1838,757
abura_soba,946,234,1864,724
mujaddara,947,188,1869,814
gigantes_plaki,948,185,1832,753
doubles,949,184,1864,761
scamorza,950,190,1858,744
pork_chop_bun,951,157,1854,787
frozen_banana,952,173,1847,734
cajuzinho,953,170,1846,754
jujeh_kabab,954,190,1838,777
yaki_udon,955,181,1885,807
buldak_ramen,956,184,1876,803
senate_bean_soup,957,167,1892,820
kue_gapit,958,195,1880,758
nan_gyi_thohk,959,195,1879,762
stroganina,960,184,1879,834
breakfast_sausage,961,194,1833,764
minnesota_sushi,962,242,1872,742
pao_de_queijo,963,219,1876,771
balaobalao,964,205,1882,802
akkawi,965,227,1909,809
monaka,966,144,1902,809
dim_sum,967,206,1876,762
locrio,968,199,1860,799
morisqueta_tostada,969,165,1879,779
nachos,970,250,1898,789
berner_haselnusslebkuchen,971,194,1891,786
mishmash,972,198,1883,797
pe_htaw_bhut_htamin,973,175,1875,807
pilaf,974,159,1910,792
chicken_kiev,975,191,1867,790
bihun_goreng,976,215,1922,759
gazpachuelo,977,199,1882,808
manjar_branco,978,206,1879,817
kikomando,979,281,1884,706
pineapple_tart,980,194,1917,762
rat_na,981,160,1912,775
guazi,982,171,1906,777
refried_beans,983,236,1922,815
chhena_matar_tarkari,984,183,1919,789
borlengo,985,211,1938,772
smetana,986,212,1932,816
ifumi,987,171,1932,825
otaru_ankake_yakisoba,988,153,1926,812
nan_gyi_thoke,989,196,1910,778
piadina_romagnola,990,168,1929,795
chicken_riggies,991,167,1958,823
espasol,992,198,1890,756
souvlaki,993,169,1909,791
tsukemen,994,186,1902,786
mee_siam,995,232,1920,762
bagel,996,192,1920,808
amish_preaching_soup,997,181,1904,826
zakuski,998,182,1938,824
lard_na,999,206,1892,782
manty,1000,210,1941,760
cordon_bleu,1001,215,1933,738
lagman,1002,183,1901,792
pumpernickel,1003,225,1907,748
galettesaucisse,1004,180,1882,708
papanai,1005,230,1934,823
hwangnamppang,1006,250,1919,764
lobster_thermidor,1007,224,1952,791
gizzada,1008,226,1950,837
pastel_de_tentgal,1009,183,1980,847
melba_toast,1010,199,1957,853
curry_mee,1011,202,1910,751
halloumi,1012,207,1934,753
sisig,1013,196,1936,791
borodinsky_bread,1014,209,1911,804
rd_plse,1015,227,1964,758
boudin,1016,234,1949,833
fesenjan,1017,184,1935,758
mee_goreng,1018,139,1968,845
kamir,1019,225,1926,773
chicken_fillet_roll,1020,237,1984,831
gyeranppang,1021,184,1944,768
hu_tieu,1022,212,1946,786
chanfana,1023,177,1961,839
blintz,1024,199,1944,846
limpa,1025,175,1966,862
rugbrd,1026,187,1953,847
tortilla_espanola,1027,176,1931,790
wonton,1028,244,1944,828
bichon_au_citron,1029,221,1959,827
oyaki,1030,229,1938,750
bnh_khoai_m,1031,187,1930,821
pad_thai,1032,268,1977,787
pretzel,1033,198,1968,805
tave_grave,1034,208,1965,808
green_tea_ice_cream,1035,203,1952,771
ajoblanco,1036,204,1986,808
flatbrd,1037,272,1970,807
mabok,1038,218,1994,822
al_pastor,1039,215,1954,787
manakish,1040,225,1965,741
kabuli_pulao,1041,207,1996,798
suet_pudding,1042,222,1968,816
peking_duck,1043,181,1999,881
chourio_doce,1044,225,1950,794
mizutaki,1045,212,1973,784
fortune_cookie,1046,190,1981,815
bak_kut_teh,1047,231,2000,848
taiyaki,1048,201,1962,787
galaktoboureko,1049,215,1996,848
pambazo,1050,194,1992,793
tortilla,1051,196,1998,790
churro,1052,219,1977,780
mole,1053,241,1971,792
frejon,1054,226,1989,831
feijo_tropeiro,1055,192,1998,864
pionono,1056,176,1982,796
malva_pudding,1057,225,2006,868
marie_biscuit,1058,239,2027,844
nem_chua,1059,222,1991,809
sate,1060,224,1986,783
tonis_puri,1061,201,1976,783
taro_pastry,1062,225,1981,803
chocolatecoated_marshmallow_treats,1063,219,2007,777
matzah,1064,271,1995,794
scallion_bread,1065,258,1978,767
christmas_wafer,1066,234,2002,829
rieska,1067,232,1955,783
crispbread,1068,201,1969,830
gimbap,1069,180,1969,774
chiles_en_nogada,1070,268,2014,798
aparon,1071,200,2023,812
waffle,1072,229,1974,762
thenthuk,1073,210,1995,787
peanut_butter_bun,1074,228,2005,791
baklava,1075,155,1997,807
millionaire_pie,1076,273,1970,754
polvo_lagareiro,1077,215,2002,805
rum_ball,1078,216,1998,766
divinity,1079,268,1994,733
apple_crisp,1080,225,1977,791
rggelchen,1081,234,2026,859
stuffed_clam,1082,217,1976,763
chanpur,1083,217,2017,816
sara_udon,1084,264,2005,796
chicken_tikka,1085,242,2019,822
rojes,1086,207,1985,769
turon,1087,206,1968,778
glamorgan_sausage,1088,193,2003,821
cinnamon_roll,1089,210,1982,831
pozole,1090,310,2027,747
croissant,1091,257,2002,762
korean_fried_chicken,1092,280,1999,808
baguette,1093,203,1998,835
bhakri,1094,286,2022,824
pancetta,1095,195,2039,799
bruschetta,1096,225,1977,798
maltese_bread,1097,223,1982,845
senbei,1098,270,2033,799
apple_dumpling,1099,242,2061,837
flatkaka,1100,208,1996,754
broa,1101,232,2004,817
bolillo,1102,261,1993,858
pastry_heart,1103,230,2026,788
sincronizada,1104,209,2034,835
toast_hawaii,1105,254,2014,826
jalebi,1106,226,2005,814
banh_mi,1107,222,1995,843
cavallucci,1108,236,2058,819
johnnycake,1109,213,2019,796
machacado_con_huevo,1110,259,2038,787
katsu_curry,1111,183,2014,812
melonpan,1112,254,2021,847
gyoza,1113,267,2037,796
bedfordshire_clanger,1114,240,2030,780
poc_chuc,1115,255,2001,831
pepperoni_roll,1116,282,2040,778
croque_monsieur,1117,239,2036,829
sai_ua,1118,279,2033,786
pineapple_bun,1119,223,2030,783
lemon_meringue_pie,1120,259,2009,788
bappir,1121,241,2038,812
rye_bread,1121,244,1999,777
riz_casimir,1123,272,2012,787
meringue,1124,261,2029,791
millefeuille,1125,228,1993,754
jambalaya,1126,265,2037,732
cream_horn,1127,287,2035,759
fazuelos,1128,224,2071,829
pain_aux_raisins,1129,234,2039,811
curd_snack,1130,209,2055,839
berger_cookies,1131,225,2036,769
msabbaha,1132,190,2020,815
buttered_pineapple_bun,1133,253,2038,792
minestrone,1134,204,2057,805
eish_merahrah,1135,245,2054,849
gambas_al_ajillo,1136,239,2063,793
water_biscuit,1137,238,2075,758
roti_caribbean,1138,285,2014,796
krtskalcs,1139,315,2038,854
egg_tart,1140,258,1993,741
bacalhau_gomes_de_s,1141,271,2055,843
laffa,1142,245,2056,802
devils_on_horseback,1143,202,2032,812
pan_de_jamn,1144,260,2033,765
kimpinn,1145,235,2008,855
shrimp_creole,1146,216,2032,827
wibele,1147,267,2058,789
levengi,1148,243,2062,854
kunefe,1149,266,2044,789
runeberg_torte,1150,243,2068,841
schaumrolle,1151,236,2076,836
shawarma,1152,214,2045,803
arctic_roll,1153,200,2043,855
baghali_polo,1154,247,2028,840
suncake,1155,180,2041,890
tocino_de_cielo,1156,265,2059,769
huachinango_a_la_veracruzana,1157,274,2064,782
nice_biscuit,1158,254,2065,819
shirataki_noodles,1159,222,2052,799
eru,1160,248,2024,802
baked_potato,1161,246,2067,810
tapalapa,1162,259,2065,815
khao_man_gai,1163,211,2056,831
stracciatella,1164,280,2075,810
nasi_ambeng,1165,264,2074,808
bialy,1166,220,2082,791
agnolotti,1167,188,2061,872
grass_jelly,1168,212,2055,783
sardines_grilled,1169,225,2054,850
banoffee_pie,1170,196,2040,848
kelewele,1171,302,2066,776
hogs_pudding,1172,262,2075,753
teurgoule,1173,264,2074,836
karelian_pasty,1174,306,2067,807
joe_frogger,1175,268,2071,756
oxford_sausage,1176,274,2069,778
floating_island,1177,281,2058,810
moffle,1178,249,2088,816
volauvent,1179,244,2050,780
satay_indonesian,1180,255,2080,800
tandoor_bread,1181,302,2028,813
bacalhau_z_do_pipo,1182,264,2041,813
kimchi_jjigae,1183,216,2057,804
maple_leaf_cream_cookie,1184,253,2086,827
bossam,1185,242,2049,799
zeeuwse_bolus,1186,253,2077,817
stuffed_squid,1187,221,2080,865
chipolata,1188,234,2081,817
sourdough,1189,283,2044,763
arare,1190,234,2089,827
tostones,1191,227,2072,755
manchester_tart,1192,248,2077,824
banana_boat,1193,282,2070,803
custard_cream,1194,243,2080,825
palmier,1195,313,2075,767
tupig,1196,211,2046,850
conejito,1197,259,2052,767
bread_roll,1198,246,2064,846
pease_pudding,1199,245,2078,786
toaster_pastry,1200,286,2066,763
conversation_tart,1201,279,2075,786
hardtack,1203,301,2085,810
wagafi_bread,1203,216,2088,848
bazin,1203,312,2076,789
meso_z_tiblice,1205,285,2071,815
walnut_stuffed_figs,1206,332,2091,743
egg_yolk_pastry,1207,294,2071,763
assidat_zgougou,1208,253,2043,840
cezerye,1209,271,2105,803
apple_strudel,1210,241,2082,792
strudel,1211,239,2082,811
raclette,1212,281,2093,856
sprouted_bread,1213,278,2088,823
gundain,1214,309,2118,818
salo,1215,235,2098,802
penny_bun,1216,251,2076,815
montrealstyle_bagel,1217,288,2082,811
bourekas,1218,222,2088,839
barbari_bread,1219,296,2080,788
biryani,1220,276,2063,773
obwarzanek_krakowski,1221,271,2103,803
khakhra,1222,289,2058,727
qistibi,1223,280,2058,833
rwena_bread,1224,218,2057,836
mooncake,1225,334,2058,743
pain_au_chocolat,1226,263,2079,799
rusk,1227,249,2082,829
shotis_puri,1228,236,2110,882
marraqueta,1228,250,2087,843
crouton,1230,244,2098,801
chinese_flaky_pastry,1231,241,2099,803
hard_dough_bread,1232,304,2104,798
breadstick,1233,262,2096,839
naiyou_subing,1234,281,2094,883
pork_roll,1235,302,2127,818
stroopwafel,1236,251,2082,867
egg_waffle,1237,238,2102,845
shish_taouk,1238,216,2089,776
eggs_and_brains,1239,251,2095,791
belgian_waffle,1240,306,2110,836
baked_beans,1241,254,2098,787
khao_lam,1242,326,2076,773
kouignamann,1243,294,2082,734
eggs_beauregard,1244,254,2102,792
kaki_furai,1245,232,2117,805
english_muffin,1246,252,2095,849
joulutorttu,1247,305,2103,825
bath_oliver,1248,328,2092,832
naem,1249,244,2085,806
broas,1250,283,2109,805
ngome,1251,265,2119,835
asham,1252,243,2135,788
cream_bun,1253,289,2101,808
ciabatta,1254,265,2095,795
gringas,1255,314,2107,827
drabbelkoek,1256,282,2148,850
kachori,1257,320,2124,809
crme_caramel,1258,286,2106,791
bacalhau_com_natas,1259,283,2089,771
rich_tea,1260,270,2092,849
cervelat,1261,196,2086,834
taftan,1262,226,2139,798
caramel_tart,1263,296,2118,817
pain_de_campagne,1264,255,2124,779
dan_tat,1265,301,2105,852
pane_di_altamura,1266,290,2109,811
anpan,1267,269,2104,822
garibaldi_biscuit,1268,276,2116,761
french_roll,1269,249,2105,876
lefse,1270,170,2104,780
zagorski_trukli,1271,202,2067,856
reshteh_khoshkar,1272,269,2095,850
choux_pastry,1273,296,2084,787
saskatoon_berry_pie,1274,284,2122,797
mirchi_bada,1275,272,2091,803
neenish_tart,1276,274,2126,809
butter_tart,1277,316,2109,802
kiritanpo,1278,232,2119,839
rustico,1279,369,2093,784
cocktail_bun,1280,231,2108,805
java_rice,1281,268,2126,845
sandwich_roll,1282,255,2161,802
heong_peng,1283,268,2126,827
fried_ice_cream,1284,251,2133,831
proja,1285,261,2096,752
cracker,1286,253,2103,795
jiaozi,1287,226,2118,747
kulcha,1288,265,2133,796
lokma,1289,273,2125,816
bizcochito,1290,272,2119,798
maultasche,1291,344,2127,798
milkcream_strudel,1292,304,2123,796
samosa,1293,264,2127,834
boston_bun,1294,255,2134,865
chouquette,1295,296,2141,841
wafer,1296,286,2098,810
bazlama,1297,329,2103,811
shaobing,1298,282,2160,828
areias,1299,273,2092,804
parisbrest,1300,284,2130,820
frittata,1301,275,2104,786
jammie_dodgers,1302,219,2125,812
blaa,1303,342,2137,787
bacalhau,1304,275,2137,816
yorkshire_pudding,1305,316,2139,796
botifarra,1306,270,2103,776
bumbleberry_pie,1307,258,2137,823
mince_pie,1308,302,2127,824
quindim,1309,334,2124,840
broa_de_avintes,1310,317,2141,811
peg_bread,1311,264,2131,873
sangak,1312,318,2136,809
hot_dog_bun,1313,263,2110,819
empire_biscuit,1314,275,2105,752
beika,1315,283,2142,829
cocada,1316,297,2132,768
lavash,1317,288,2139,776
saj_bread,1318,341,2142,759
ghapama,1319,254,2133,853
tiropita,1320,285,2121,839
maluj,1321,318,2128,774
pozharsky_cutlet,1322,205,2157,883
pistolet,1323,274,2152,896
lektuphng,1324,299,2157,841
digestive_biscuit,1325,257,2123,817
farl,1326,297,2119,836
tunnbrd,1327,222,2140,835
ladyfinger,1328,249,2139,834
stuffed_mushrooms,1329,259,2141,798
po_de_mafra,1330,246,2138,822
damper,1331,264,2158,885
bundevara,1332,277,2097,826
chorley_cake,1333,244,2125,826
raspberry_pie,1334,392,2130,762
potbrood,1335,331,2133,843
okonomiyaki,1336,245,2106,823
birnbrot,1337,361,2133,781
sulguni,1338,277,2113,792
pandesal,1339,299,2133,800
italian_sausage,1340,306,2158,806
lye_roll,1341,325,2138,840
belgian_bun,1342,327,2136,829
enovka,1343,289,2132,770
cochinita_pibil,1344,252,2135,856
turnover,1345,269,2113,827
chole_bhature,1346,280,2139,819
bourbon_biscuit,1347,243,2125,832
michetta,1348,358,2146,814
khinkali,1349,258,2145,836
treacle_tart,1350,314,2178,833
pizzelle,1351,272,2156,820
canel,1352,275,2163,776
pumpkin_pie,1353,278,2134,747
hallaca,1354,286,2158,805
quesito,1355,300,2145,792
animal_cracker,1356,276,2145,777
coppia_ferrarese,1357,295,2177,824
oatmeal_raisin_cookie,1358,299,2143,831
chickpea_bread,1359,335,2138,769
tirggel,1360,236,2162,862
fondue,1361,302,2169,817
khubz,1363,295,2153,789
esnica,1363,323,2159,761
boule,1363,268,2187,873
pao_alentejano,1363,305,2175,840
spelt_bread,1366,302,2139,822
colston_bun,1367,257,2158,854
otap,1368,311,2148,799
oxtongue_pastry,1369,254,2131,798
woolton_pie,1370,351,2142,733
nanbanzuke,1371,348,2136,798
inipit,1372,229,2143,809
goetta,1373,344,2158,768
basler_lckerli,1374,261,2151,801
chui_chin,1375,240,2148,860
banana_cream_pie,1376,370,2180,790
abernethy_biscuit,1377,279,2132,831
tiger_bread,1378,385,2180,808
petitbeurre,1379,260,2135,863
pigs_in_a_blanket,1380,318,2143,844
bakpia,1381,342,2157,778
white_bread,1383,298,2149,787
palianytsia,1383,290,2161,869
canadian_white_bread,1383,255,2158,841
barm_cake,1383,227,2162,878
agedashi_dfu,1386,313,2182,852
strawberry_pie,1387,309,2167,764
loukoumades,1388,300,2174,820
bologna_sausage,1389,309,2142,818
miguelitos,1390,267,2194,799
moravian_spice_cookies,1391,307,2197,760
bakarkhani,1392,302,2176,825
linga,1393,276,2176,765
bratwurst,1394,346,2164,826
shortcrust_pastry,1395,262,2141,782
taboon_bread,1396,286,2154,823
churros_spanish,1397,324,2142,789
manchet,1398,294,2170,802
spring_rolls,1399,244,2170,878
semla,1400,336,2148,745
kolompeh,1401,284,2189,854
viennoiserie,1402,318,2181,786
graham_bread,1403,284,2173,802
kichel,1404,279,2181,842
new_york_roll,1405,314,2175,834
fig_roll,1406,370,2162,790
nocciolini_di_canzo,1407,350,2154,798
blackberry_pie,1408,314,2193,808
nankhatai,1409,298,2190,806
manti,1410,278,2191,834
knish,1411,308,2165,776
ksekrainer,1412,338,2200,827
nem_nng,1413,308,2169,804
whole_wheat_bread,1414,352,2179,837
cuban_bread,1415,342,2176,757
cornish_fairing,1416,311,2194,821
vienna_bread,1417,341,2182,836
brown_bread,1418,302,2140,750
custard,1419,276,2152,825
ube_crinkles,1420,282,2171,790
pho,1421,289,2179,814
key_lime_pie,1422,356,2188,797
shirred_eggs,1423,303,2147,805
farinata,1424,255,2176,846
chile_relleno,1425,350,2189,838
hot_cross_bun,1426,335,2198,794
pepernoot,1427,304,2184,778
stromboli,1428,343,2184,815
pasteis_de_nata,1429,302,2208,818
flaugnarde,1430,329,2177,795
momo,1431,346,2172,837
pa_de_pessic,1432,336,2203,865
shorgoghal,1433,314,2187,816
hamantash,1434,291,2187,796
jalangkote,1435,397,2178,772
milk_pie,1436,330,2191,795
cherry_pie,1437,350,2205,765
pain_de_mie,1438,341,2175,829
pastila,1439,269,2177,788
caycay,1440,296,2195,879
bondiola_sandwich,1441,320,2190,814
persimmon_pudding,1442,212,2162,844
uraro,1443,321,2228,858
bahulu,1444,378,2176,838
salbute,1445,287,2176,813
lincolnshire_sausage,1446,274,2192,823
watalappam,1447,325,2162,775
focaccia,1448,305,2202,776
chelsea_bun,1449,316,2213,823
tareco,1450,422,2175,751
sfogliatella,1451,397,2195,789
cottage_loaf,1452,374,2192,795
krumkake,1453,425,2184,785
halfmoon_cookie,1454,292,2196,845
concha,1455,390,2192,819
penia,1456,327,2176,818
botillo,1457,281,2202,884
kaszanka,1458,216,2198,786
green_bean_casserole,1459,394,2184,798
pets_de_surs,1460,337,2192,792
jam_rolypoly,1461,308,2191,808
baci_di_dama,1462,307,2176,801
ensamada,1463,345,2213,761
tostada,1464,309,2153,803
eggplant_papoutsaki,1465,369,2231,836
paborita,1466,316,2197,793
tortellini,1467,265,2195,843
bougatsa,1468,346,2186,788
stuffed_tomatoes,1469,358,2184,777
perkedel,1470,269,2182,822
rice_bread,1471,358,2212,796
macarons,1472,341,2218,824
mofongo,1473,265,2207,809
chhurpi,1474,346,2179,820
galletas_pesquera,1475,288,2184,830
malted_milk,1476,381,2201,774
vatrushka,1477,320,2198,892
iced_bun,1478,278,2196,886
pane_ticinese,1479,362,2178,770
okoy,1480,314,2199,763
rum_roll,1481,354,2173,830
fugazza,1482,334,2218,848
freekeh,1483,297,2216,860
prekmurska_gibanica,1484,375,2199,815
sfiniori,1485,333,2209,794
samoon,1486,247,2205,785
devon,1487,293,2209,799
bread_pudding,1488,345,2208,772
ovos_moles,1489,339,2226,780
tokyo_banana,1490,297,2193,840
cuchufl,1491,325,2158,798
potato_bread,1492,381,2209,783
ksesptzle,1493,367,2234,808
cornish_pasty,1494,329,2208,798
fish_pie,1495,329,2221,843
aloo_pie,1496,404,2206,776
yurla,1497,333,2216,811
dan_zai_noodles,1498,323,2236,830
bamba,1499,326,2200,778
brik,1500,316,2205,816
soparnik,1501,353,2241,772
countess,1502,367,2202,808
zwieback,1503,340,2202,777
franzbrtchen,1504,398,2221,789
rulleplse,1505,423,2210,758
komaj_sehen,1506,257,2200,879
mamn_tostado,1507,361,2243,828
flsklgg_med_rotmos,1508,340,2213,807
sweet_potato_pie,1509,313,2210,818
barquillo,1510,315,2200,818
beer_bread,1511,300,2228,818
goat_water,1512,342,2229,830
jian_dui,1513,396,2203,773
kue_satu,1514,400,2218,786
trdelnk,1515,332,2237,788
bun_cha,1516,312,2225,799
fougasse,1517,371,2188,735
cuban_pastry,1518,367,2229,788
charlotte,1519,253,2218,803
capirotada,1520,340,2179,827
heiwecke,1521,356,2210,832
lagana,1522,367,2216,802
cream_cracker,1523,333,2238,814
chestnut_pie,1524,357,2234,809
hallulla,1525,274,2220,823
youtiao,1526,358,2220,821
kiukai,1527,363,2242,753
kue_semprong,1528,323,2206,773
queijadinha,1529,371,2225,804
scone,1530,301,2216,810
milhojas,1531,430,2244,778
manti_turkish,1532,324,2179,777
apple_bread,1533,360,2228,792
schnecken,1534,474,2231,766
kluai_khaek,1535,373,2221,786
head_cheese,1536,307,2206,762
edikang_ikong,1537,359,2197,796
pavlova,1538,297,2239,793
paciencia,1539,358,2227,821
paximathia,1540,300,2194,820
challah,1541,372,2208,813
kaldereta,1542,331,2228,789
sheermal,1543,335,2237,825
bannock,1544,375,2237,781
hello_panda,1545,295,2220,806
mi_krop,1546,339,2243,774
gulab_jamun,1547,373,2212,774
spiced_bun,1548,324,2205,864
masan,1549,380,2205,796
lemon_ice_box_pie,1550,334,2216,807
panyalam,1551,464,2213,741
pasta_carbonara,1552,295,2230,773
piri_piri,1553,289,2219,815
chataamari,1554,420,2240,803
carniolan_sausage,1555,384,2238,802
puto_seco,1556,377,2209,813
square_cookie,1557,405,2215,722
makroudh,1558,396,2216,799
pastil,1559,531,2252,754
cochinito_de_piloncillo,1560,311,2221,791
charcoal_biscuit,1561,340,2235,766
karint,1562,383,2202,790
finger_bun,1563,383,2262,789
panzerotti,1564,402,2203,786
nuns_puffs,1565,401,2227,807
tempura,1566,270,2254,805
thukpa_bhatuk,1567,314,2216,830
shuangbaotai,1568,326,2241,872
roscn,1569,372,2203,790
tenmusu,1570,412,2233,811
kakiage,1571,433,2223,776
saffron_bun,1572,321,2230,753
flies_graveyard,1573,347,2258,860
apple_pie,1574,356,2220,770
krumiri,1575,435,2209,792
puits_damour,1576,370,2242,789
cobbler,1577,338,2218,824
toto,1578,370,2222,757
huarache,1579,321,2240,792
wensleydale_cheese,1580,360,2220,786
plcint,1581,419,2251,737
sufganiyah,1582,324,2213,828
sata_andagi,1583,370,2233,762
croquetas,1584,378,2249,787
blueberry_pie,1585,316,2238,808
eggplant_parm,1586,359,2240,774
torpedo_dessert,1587,365,2267,809
pizza_snack_rolls,1588,295,2247,808
ebi_furai,1589,356,2214,784
mimosa_salad,1590,420,2255,788
biscocho,1591,302,2219,854
roze_koek,1592,316,2238,830
swiss_roll,1593,257,2237,810
zopf,1594,417,2259,823
pogaa,1595,411,2219,806
pigs_in_blankets,1596,375,2270,845
ginger_snap,1597,365,2238,755
vanillekipferl,1598,308,2264,837
queijada,1599,334,2245,825
kubaneh,1600,409,2236,799
bath_bun,1601,347,2215,802
gazelle_ankles,1602,374,2236,821
pisang_molen,1603,390,2235,751
jachnun,1604,337,2215,735
carpaccio,1605,395,2250,730
kaak,1606,379,2255,858
coyotas,1607,390,2250,778
picnic_biscuit,1608,349,2286,820
atlantic_beach_pie,1609,346,2217,799
bulla_cake,1610,386,2248,791
butter_pie,1611,376,2226,736
pickled_pigs_feet,1612,397,2265,762
melktert,1613,431,2239,798
sibiu_salami,1614,371,2233,801
kung_pao_chicken,1615,299,2230,810
cronut,1616,272,2240,807
chebureki,1617,289,2241,863
tourtire,1618,319,2250,864
hertzoggie,1619,354,2243,829
hallongrotta,1620,355,2245,818
kripik,1621,382,2256,788
tsoureki,1622,391,2230,807
speraui,1623,356,2248,824
bagel_dog,1624,335,2239,767
milk_roll,1625,335,2234,820
chipa,1626,346,2266,789
bublik,1627,306,2254,811
sobrassada,1628,353,2253,806
khanom_khai,1629,344,2248,807
seon,1630,401,2248,776
chalupa,1631,406,2256,809
anzac_biscuit,1632,369,2265,772
whe,1633,424,2258,799
lorna_doone,1634,346,2229,770
deep_fried_egg,1635,447,2237,787
pastafrola,1636,364,2235,827
shrimp_toast,1637,306,2239,880
pebete,1638,434,2257,799
khai_yat_sai,1639,340,2275,805
ratatouille,1640,401,2246,810
bnh_chui,1641,326,2265,861
papadam,1642,432,2270,771
japanese_milk_bread,1643,436,2262,813
cheese_bun,1644,363,2267,790
kleicha,1645,428,2259,742
kue_putri_salju,1646,446,2235,815
snickerdoodle,1647,334,2266,807
currant_bun,1648,355,2246,806
bakewell_tart,1649,435,2266,779
anadama_bread,1650,322,2262,816
cocada_amarela,1651,329,2263,808
tortita_negra,1652,340,2240,752
maruya,1653,377,2255,802
white_sugar_sponge_cake,1654,294,2254,864
hot_water_crust_pastry,1655,339,2250,830
stuffed_mallow,1656,290,2250,822
murukku,1657,377,2256,783
kolach,1658,383,2278,838
sfiha,1659,437,2225,796
sticky_bun,1660,365,2250,808
sally_lunn_bun,1661,368,2257,752
toru_gingerbread,1662,421,2279,823
funkaso,1663,489,2260,771
kahk,1664,313,2281,854
pineapple_cake,1665,371,2253,793
bibingka,1666,334,2259,809
jingisukan,1667,471,2270,770
pisang_goreng,1668,336,2273,789
coco_bread,1669,342,2282,820
shrewsbury_cake,1670,369,2248,763
shoofly_pie,1671,387,2280,786
egg_pie,1672,384,2240,838
shumai,1673,319,2246,821
churros_mexican,1674,414,2267,792
fruit_bun,1675,229,2261,810
krapfen,1676,338,2258,785
mohnflesserl,1677,364,2273,787
merguez,1678,407,2273,803
pulled_pork,1679,457,2264,800
alexandertorte,1680,370,2268,759
pot_pie,1681,448,2273,800
moorkop,1682,434,2267,817
egg_roll,1683,365,2261,802
flan,1684,470,2271,772
bakpia_pathok,1685,391,2301,745
mandu,1686,437,2264,803
zhajiangmian,1687,362,2274,801
kulikuli,1688,393,2285,772
linzer_torte,1689,349,2253,827
pastelitos,1690,393,2279,798
london_bun,1691,319,2281,840
zelnik,1692,397,2280,832
dabo_kolo,1693,359,2273,784
puffed_rice_cakes,1694,403,2268,787
pita,1695,304,2264,769
congee,1696,347,2268,798
tokneneng,1697,494,2293,768
borek,1698,475,2257,719
repostera,1699,372,2268,760
injera,1700,374,2266,796
lengua_de_gato,1701,431,2277,789
akok,1702,362,2269,742
boat_noodles,1703,439,2265,774
teacake,1704,478,2278,747
bambalouni,1705,392,2268,800
sticky_toffee_pudding,1706,346,2274,853
cowboy_cookies,1707,429,2293,777
qrashel,1708,464,2264,713
roti_buaya,1709,380,2284,851
mac_and_cheese,1710,379,2277,794
scaccia,1711,405,2266,748
escovitch_fish,1712,342,2269,851
porkkanalaatikko,1713,335,2271,834
furai,1714,429,2282,849
roti_john,1715,395,2306,792
barmbrack,1716,378,2250,776
jumble,1717,368,2288,772
krupuk,1718,422,2271,770
shaker_lemon_pie,1719,467,2276,758
pithivier,1720,444,2283,797
jerk_chicken,1721,520,2298,748
pavese_agnolotti,1722,351,2305,802
iskender_kebab,1723,338,2271,802
murtabak,1724,309,2286,793
bakwan,1725,350,2287,784
portuguese_sweet_bread,1726,386,2280,854
pasta_bolognese,1727,436,2278,775
caravane_cheese,1728,314,2274,815
puffed_rice,1729,483,2270,791
pollo_a_la_brasa,1730,405,2299,765
coca,1731,414,2297,770
man_pelado,1732,355,2282,813
punschkrapfen,1733,379,2281,780
green_curry,1734,315,2276,785
shortbread,1735,372,2289,771
flapper_pie,1736,427,2289,762
feijoada,1737,371,2277,849
jsuite,1738,372,2300,812
lincoln_biscuit,1739,359,2288,762
castella,1740,453,2289,799
pan_brioche,1741,405,2274,807
salt_pepper_squid,1742,409,2283,800
pan_de_muerto,1743,298,2285,871
carrot_cake_cookie,1744,312,2288,854
kalakukko,1745,361,2297,853
pryanik,1746,299,2297,814
stamp_and_go,1747,481,2270,774
usban,1748,367,2296,748
tres_leches_cake,1749,455,2301,734
varci,1750,451,2292,766
red_bean_cake,1751,410,2276,760
pumpkin_bread,1752,380,2289,791
folar,1753,474,2297,744
galantine,1754,434,2297,809
maamoul,1755,368,2279,792
vlaai,1756,382,2295,823
saltrising_bread,1757,393,2280,799
joshpara,1758,409,2268,760
patatas_bravas,1759,426,2283,847
dumb_bread,1760,462,2276,733
polvorn,1761,386,2310,777
conch_fritters,1762,468,2269,722
oldra,1763,464,2300,814
pan_dulce,1764,436,2309,781
sfeeha,1765,413,2284,819
cheesymite_scroll,1766,409,2325,780
shabushabu,1767,441,2310,827
pisto,1768,439,2303,810
chazuke,1769,437,2273,801
sfenj,1770,396,2285,813
kok,1771,358,2315,821
kalitsounia,1772,373,2300,830
boyoz,1773,500,2304,783
sabl,1774,364,2282,758
tteokguk,1775,394,2274,806
sorullos,1776,341,2275,875
sgabeo,1777,430,2285,737
baghali_ghatogh,1778,378,2288,781
rugelach,1779,445,2302,789
pie_la_mode,1780,450,2287,801
cremeschnitte,1781,429,2302,727
huff_paste,1782,376,2300,805
detroitstyle_pizza,1783,390,2291,813
tarta_capuchina,1784,429,2317,818
custard_tart,1785,477,2300,777
rhubarb_pie,1786,443,2304,852
goat_curry,1787,450,2316,815
profiterole,1788,359,2308,790
gingerbread,1789,439,2327,826
tokwat_baboy,1790,417,2309,793
plov,1791,375,2302,789
kushikatsu,1792,333,2295,789
finskepinner,1793,431,2287,787
satsumaage,1794,442,2307,806
souffle,1795,467,2305,805
banana_bread,1796,516,2311,817
roscas,1797,407,2306,764
katsu,1798,507,2308,733
leipziger_lerche,1799,335,2288,798
sel_roti,1800,417,2296,817
curry_pie,1801,473,2314,780
yong_tau_foo,1802,418,2296,819
jambon,1803,392,2325,780
punschroll,1804,447,2311,736
gujhia,1805,433,2309,825
japanesestyle_peanuts,1806,347,2303,771
casoncelli,1807,472,2320,806
soda_bread,1808,441,2324,795
pecan_pie,1809,383,2286,811
chicken_and_mushroom_pie,1810,486,2322,730
karakudamono,1811,426,2307,818
steamed_meatball,1812,428,2283,773
katsusando,1813,499,2293,797
buuelo,1814,351,2307,778
bakabana,1815,397,2289,819
imam_bayld,1816,485,2303,774
ngo_hiang,1817,422,2297,774
agwijjim,1818,411,2297,778
chinsuk,1819,488,2299,759
soto_bandung,1820,510,2304,747
chicken_pastel,1821,504,2285,789
brioche,1822,323,2313,804
russian_tea_cake,1823,388,2307,780
calzone,1824,457,2310,815
beaver_tail,1825,389,2316,792
galletas_de_patatas,1826,570,2312,765
butter_cookie,1827,441,2335,830
deepfried_peanuts,1828,388,2326,814
cuccidati,1829,429,2293,765
veal_orloff,1830,435,2305,780
cozonac,1831,408,2311,770
rock_cake,1832,454,2312,798
coq_au_vin,1833,370,2322,794
fish_ball,1834,453,2324,759
kringlea,1835,489,2333,792
ageh,1836,476,2322,733
malai_kofta,1837,410,2321,787
poornalu,1838,481,2311,763
khachapuri,1839,388,2300,835
naengmyeon,1840,477,2325,769
beef_bun,1841,475,2323,782
royal_dansk,1842,529,2325,741
hoagie_roll,1843,457,2322,739
dutch_letter,1844,559,2311,766
flaky_pastry,1845,425,2330,791
chongos_zamoranos,1846,459,2323,795
jelly_doughnut,1847,436,2323,777
tahu_sumedang,1848,421,2339,813
fudge_cookie,1849,377,2333,820
chiffon_pie,1850,464,2304,752
fried_pie,1851,537,2331,715
lanzhou_beef_noodle_soup,1852,305,2334,822
mealie_bread,1853,473,2335,745
kupati,1854,458,2322,752
porchetta,1855,380,2337,742
nasi_kebuli,1856,389,2329,803
roti_bolen,1857,586,2325,731
bean_chip,1858,467,2331,731
crocetta_di_caltanissetta,1859,430,2319,775
asam_pedas,1860,384,2329,781
lamington,1861,440,2337,777
akara,1862,430,2330,791
isi_ewu,1863,427,2324,803
florentine_biscuit,1864,523,2330,747
buko_pie,1865,435,2330,764
ballokume,1866,443,2337,750
xuixo,1867,409,2331,791
himbasha,1868,420,2333,756
lanttusupikas,1869,362,2330,796
ladys_navel,1870,446,2335,741
sopaipilla,1871,433,2317,737
peanut_butter_cookie,1872,474,2349,763
bacon_and_egg_pie,1873,481,2319,765
viennese_whirls,1874,515,2326,736
uchpuchmak,1875,414,2320,773
schneeball,1876,517,2330,709
ganmodoki,1877,532,2324,735
hot_and_spicy_cheese_bread,1878,406,2346,808
plantain,1879,434,2332,722
kabab_koobideh,1880,514,2334,733
medisterplse,1881,432,2330,730
schlutzkrapfen,1882,390,2333,813
kwetiau_goreng,1883,513,2341,727
alfajor,1884,495,2332,754
homity_pie,1885,505,2352,692
seekh_kebab,1886,569,2334,737
afghan,1887,365,2346,807
arancini,1888,465,2346,833
jacobina,1889,403,2342,758
tonkatsu,1890,508,2343,777
kebab,1891,590,2334,698
grape_hull_pie,1892,454,2324,723
aachener_printen,1893,406,2348,772
stutenkerl,1894,408,2338,737
kulich,1895,493,2325,744
mee_bandung_muar,1896,462,2326,711
kinpira,1897,513,2333,755
sangah,1898,516,2333,718
ttongppang,1899,420,2351,776
lngos,1900,450,2361,763
cat_tongue,1901,515,2347,761
knafeh,1902,439,2368,767
rosca_de_reyes,1903,463,2338,758
tombet,1904,370,2352,759
poppy_seed_roll,1905,533,2342,763
koulourakia,1906,550,2341,737
scotch_egg,1907,447,2355,743
romeritos,1908,430,2345,800
hawaiian_pizza,1909,477,2354,731
hornazo,1910,475,2343,714
kifli,1911,514,2371,783
bakewell_pudding,1912,554,2343,748
lattice,1913,481,2339,748
savory_spinach_pie,1914,498,2357,751
sausage_roll,1915,573,2341,726
rum_cake,1916,545,2337,711
schuxen,1917,591,2365,750
karaoreva_nicla,1918,555,2362,766
quiche,1919,462,2345,792
lebkuchen,1920,416,2363,798
ishikarinabe,1921,468,2329,791
bolo_de_rolo,1922,440,2343,756
noppe,1923,459,2346,743
skilpadjies,1924,434,2359,785
eclair,1925,472,2355,679
ricciarelli,1926,649,2350,752
lahmacun,1927,465,2351,735
ghugni,1928,477,2352,773
nut_roll,1929,443,2362,771
custard_pie,1930,481,2347,754
bun_bo_hue,1931,558,2368,783
frittella,1932,499,2346,732
bear_claw,1933,423,2370,762
mole_de_olla,1934,600,2350,691
kadhi,1935,593,2356,699
pyshka,1936,491,2365,757
boortsog,1937,535,2358,739
pampushka,1938,525,2361,702
mandazi,1939,484,2359,753
laufabrau,1940,500,2348,755
cannoli,1941,529,2364,702
tendon,1942,471,2361,708
dal_makhani,1943,416,2357,788
tihlo,1944,534,2376,728
pottage,1945,521,2372,786
oyakodon,1946,588,2366,770
amaretti_di_saronno,1947,508,2357,737
spritzgebck,1948,564,2352,714
klobsnk,1949,508,2361,773
ht,1950,585,2353,761
coulibiac,1951,645,2362,750
bresaola,1952,544,2344,715
thieboudienne,1953,368,2363,663
katsudon,1954,484,2359,762
danish_pastry,1955,471,2364,742
parmigiana,1956,497,2379,791
chankonabe,1957,586,2359,726
lumpia,1958,622,2363,683
pizza,1959,501,2365,735
mantecada,1960,555,2334,717
kuru_fasulye,1961,599,2362,749
sausage_bread,1962,396,2374,700
kniekchle,1963,524,2346,752
chiayi_turkey_rice,1964,566,2349,743
camachile_cookie,1965,502,2388,747
shanghai_fried_noodles,1966,641,2370,771
sugar_cookie,1967,484,2366,734
enchilada,1968,546,2367,729
black_bun,1969,569,2363,715
speculaas,1970,515,2370,752
okroshka,1971,501,2354,716
scovard,1972,547,2357,752
pinolate,1973,560,2370,733
rafanata,1974,565,2359,729
nazook,1975,575,2361,716
haddekuche,1976,562,2369,750
ballotine,1977,567,2363,731
rosquillo,1978,620,2374,748
borracho_beans,1979,535,2349,745
kabab_barg,1980,542,2355,712
samgyeopsal,1981,527,2355,767
paprenjak,1982,486,2381,723
shashlik,1983,588,2384,718
buttermilk_pie,1984,537,2347,756
escabeche,1985,504,2366,732
kuzhambu,1986,491,2360,726
tahini_cookie,1987,582,2385,746
sandie,1988,570,2372,716
bethmnnchen,1989,475,2369,773
caramel_shortbread,1990,411,2365,741
bizcocho,1991,498,2379,819
moqueca,1992,586,2371,720
sandwich_cookie,1993,420,2376,757
zucchini_slice,1994,516,2368,698
arsik,1995,566,2396,679
el_fudge,1996,496,2380,756
rajma,1997,651,2367,679
ollada,1998,549,2380,733
marzipan,1999,574,2370,704
meimurska_gibanica,2000,418,2370,718
ugoyugoy,2001,508,2370,755
bredele,2002,574,2373,690
vnoka,2003,538,2384,681
khapse,2004,536,2364,761
panettone,2005,524,2368,713
masa_podrida,2006,493,2381,760
brudet,2007,528,2381,721
iron_egg,2008,552,2376,700
doner_kebab,2009,545,2377,726
piata_cookie,2010,421,2379,783
bossche_bol,2011,631,2386,729
fried_rice,2012,468,2393,744
nasi_kapau,2013,496,2398,737
tallarn_saltado,2014,611,2383,713
mchoui,2015,613,2387,663
spanakopita,2016,564,2387,779
springerle,2017,449,2369,714
fat_rascal,2018,548,2373,729
gingerbread_man,2019,479,2375,744
southern_tomato_pie,2020,414,2388,781
kuchen,2021,576,2381,731
char_siu,2022,574,2383,738
flour_kurabiye,2023,529,2368,724
charleston_red_rice,2024,579,2390,706
schnitzel,2025,615,2377,701
chess_pie,2026,559,2394,772
chicken_curry,2027,599,2378,757
peanut_pie,2028,526,2383,743
hasenpfeffer,2029,543,2388,741
cornulee,2030,595,2367,734
qottab,2031,503,2375,736
tandoori_chicken,2032,648,2397,740
yassa,2033,693,2397,709
stuffed_apples,2034,539,2375,692
jodenkoek,2035,480,2390,709
hokkien_char_mee,2036,640,2389,695
krotule,2037,556,2379,676
pt_chaud,2038,651,2385,689
babka,2039,521,2381,705
ampaw,2040,553,2400,716
battered_sausage,2041,625,2389,725
stuffed_pizza,2042,461,2393,725
haminados,2043,460,2385,760
saag,2044,466,2390,699
thalassery_biryani,2045,657,2397,699
general_tso,2046,582,2391,722
pastizz,2047,648,2386,748
bndnerfleisch,2048,588,2404,714
french_fries,2049,551,2387,766
garbure,2050,641,2396,711
tzimmes,2051,629,2399,717
korovai,2052,550,2395,741
arrs_negre,2053,659,2403,721
solyanka,2054,562,2377,749
sundae_sausage,2055,477,2407,717
vetkoek,2056,574,2401,703
almond_biscuit,2057,572,2393,693
hot_link_sausage,2058,475,2388,669
pasc,2059,505,2386,685
butterkaka,2060,685,2394,688
hellimli,2061,674,2407,709
cornbread,2062,673,2390,681
rijstevlaai,2063,722,2410,638
stuffed_dates,2064,612,2408,664
concave_cake,2065,468,2396,689
rasstegai,2066,561,2398,690
red_beans_and_rice,2067,521,2407,710
gajar_ka_halwa,2068,586,2394,701
taco,2069,553,2406,756
run_down,2070,626,2402,727
fusi,2071,596,2402,640
claypot_rice,2072,549,2416,718
paksiw_na_baboy,2073,578,2410,670
moussaka,2074,609,2404,682
rappie_pie,2075,579,2399,676
gyro,2076,575,2413,737
stuffed_eggplant,2077,609,2415,717
barbajuan,2078,612,2408,725
krofne,2079,627,2411,691
laing,2080,649,2408,720
mandelkubb,2081,601,2396,693
stuffed_chine,2082,729,2418,692
panellets,2083,722,2409,672
kibbeh,2084,495,2405,740
cocido_lebaniego,2085,680,2420,657
fasole_cu_crnai,2086,553,2407,760
jamaican_patty,2087,649,2399,671
sosatie,2088,652,2406,729
maqluba,2089,620,2404,718
maconochie,2090,508,2420,732
manchamanteles,2091,718,2413,687
coxinha,2092,631,2404,717
pastilla,2093,634,2412,735
oil_down,2094,658,2404,729
carac,2095,546,2415,678
fla,2096,638,2403,668
cream_pie,2097,501,2401,712
bara_brith,2098,572,2416,730
carrot_bread,2099,605,2395,687
tuna_pot,2100,482,2413,694
black_and_white_cookie,2101,539,2409,717
nilaga,2102,668,2415,727
cheesecake,2103,621,2415,717
sugar_cream_pie,2104,633,2414,733
bun_kebab,2105,605,2422,710
moravian_chicken_pie,2106,773,2404,642
beef_chow_fun,2107,739,2416,670
andong_jjimdak,2108,527,2424,724
stuffed_ham,2109,644,2416,700
croquembouche,2110,638,2425,741
linatan,2111,574,2412,709
moambe_chicken,2112,662,2403,717
strata,2113,565,2426,678
ostropel,2114,656,2416,667
arroz_con_gandules,2115,570,2415,662
biscotti,2116,670,2419,687
paskha,2117,714,2419,716
oyster_stew,2118,637,2427,682
chatti_pathiri,2119,679,2420,671
stuffed_sorrel,2120,535,2422,675
chasan,2121,741,2424,651
kibbeh_nayyeh,2122,599,2425,665
arroz_caldoso,2123,769,2424,645
massaman_curry,2124,572,2416,671
yau_gok,2125,691,2415,660
chicken_tikka_masala,2126,548,2433,701
carrot_cake,2127,669,2421,691
babi_hong,2128,698,2417,633
silvana,2129,699,2432,630
ayam_buah_keluak,2130,516,2422,718
poutine,2131,654,2420,662
cream_stew,2132,671,2424,669
natchitoches_meat_pie,2133,723,2429,663
chilorio,2134,664,2424,623
makarony_poflotski,2135,649,2421,704
huaian_pingqiao_tofu,2136,757,2422,697
chimichanga,2137,660,2428,663
acbadem_kurabiyesi,2138,603,2416,678
chow_fun,2139,673,2410,693
falafel,2140,666,2426,653
duck_rice,2141,626,2428,704
stargazy_pie,2142,706,2429,605
bunny_chow,2143,660,2419,645
hot_pot,2144,523,2441,702
gyudon,2145,697,2410,631
wat,2146,731,2419,582
pernil,2147,774,2432,659
pasulj,2148,622,2424,670
duck_confit,2149,670,2425,688
queso_flameado,2150,660,2430,690
cebolada,2151,639,2422,671
sopa_paraguaya,2152,682,2421,669
calabacitas_con_puerco,2153,609,2433,644
ladera,2154,826,2427,661
cashew_pie,2155,716,2440,675
shiro,2156,726,2426,670
melton_mowbray_pork_pie,2157,778,2424,605
steamed_cheeseburger,2158,697,2424,675
tatws_pum_munud,2159,720,2443,596
kiampong,2160,653,2437,669
pollo_motuleo,2161,652,2431,665
koeksister,2162,695,2446,681
naan,2163,535,2431,686
riz_gras,2164,561,2439,711
stuffed_crust_pizza,2165,698,2435,652
stuffed_melon,2166,750,2438,683
galinhada,2167,567,2444,614
chocolate_pudding,2168,719,2428,623
bicol_express,2169,570,2437,617
calfs_liver_and_bacon,2170,748,2425,665
stuffed_quinces,2171,749,2436,663
mandi,2172,662,2417,674
madumongso,2173,725,2434,622
gumbo,2174,633,2425,657
ghormeh_sabzi,2175,607,2443,628
curry_bread,2176,624,2438,626
kibinai,2177,803,2429,563
peanut_stew,2178,660,2427,631
cocido_montas,2179,613,2438,642
kabsa,2180,700,2442,737
lauzinaj,2181,662,2439,670
christmas_ham,2182,662,2436,707
sapo_tahu,2183,793,2430,636
akhni,2184,594,2435,636
frijoles_charros,2185,682,2444,681
hoppin_john,2186,757,2439,667
banitsa,2187,689,2452,596
rainbow_cookie,2188,781,2433,627
bndner_nusstorte,2189,685,2441,670
prklt,2190,700,2434,584
hot_pockets,2191,634,2447,681
gteau_basque,2192,837,2444,581
saltah,2193,696,2447,640
fricot,2194,609,2435,663
walnut_pie,2195,718,2438,613
cookie_cake,2196,688,2445,621
angel_wings,2197,822,2436,650
alcapurria,2198,568,2437,602
cozido_portuguesa,2199,611,2444,699
carnitas,2200,717,2446,550
sha_phaley,2201,578,2438,647
dalcha,2202,700,2442,632
sheikh_almahshi,2203,723,2447,634
lskisoosi,2204,679,2449,683
haggis,2205,656,2451,633
bean_pie,2206,694,2443,643
andrajos,2207,719,2442,637
motsunabe,2208,646,2436,585
karaage,2209,664,2445,632
mun_tahu,2210,644,2446,622
chiko_roll,2211,646,2434,637
belokranjska_povitica,2212,648,2451,607
roast_chicken,2213,608,2440,702
kedjenou,2214,655,2445,644
shchi,2215,632,2457,612
gustavus_adolphus_pastry,2216,666,2446,606
solomon_gundy,2217,774,2446,629
olla_podrida,2218,722,2457,652
sekba,2219,797,2457,625
korokke,2220,776,2457,563
empanada,2221,717,2447,657
eisbein,2222,747,2451,623
qaz,2223,676,2457,620
frijoles_negros,2224,701,2454,638
pata_tim,2225,700,2452,617
chicharrn,2226,732,2446,624
paste_pasty,2227,703,2457,627
pirozhki,2228,740,2454,582
rubaboo,2229,757,2458,602
waterzooi,2230,789,2454,564
vegetarian_chili,2231,755,2451,567
jalapeo_popper,2232,800,2457,593
dodol,2233,704,2451,661
gaifan,2234,749,2444,641
bibimbap,2235,779,2461,626
potaufeu,2236,827,2453,584
shahan_ful,2237,788,2441,589
judd_mat_gaardebounen,2238,784,2449,653
lo_mein,2239,839,2456,602
kue_makmur,2240,919,2458,586
b_nng_l_lt,2241,756,2459,604
tahu_campur,2242,649,2458,603
bichak,2243,752,2458,561
ribs,2244,889,2453,613
malewa,2245,863,2461,536
gulai,2246,775,2464,574
bariis_iskukaris,2247,727,2451,621
taro_dumpling,2248,748,2453,623
coffee_jelly,2249,542,2467,629
caruru,2250,724,2462,640
burro_perchern,2251,797,2461,565
saltimbocca,2252,863,2468,586
rssypottu,2253,837,2467,580
caparrones,2254,765,2462,550
orez_shuit,2255,787,2466,607
kaasstengels,2256,934,2460,524
tocan,2257,763,2455,540
chocolate_brownie,2258,783,2469,545
lancashire_hotpot,2259,708,2464,512
kesme,2260,899,2467,576
lomo_saltado,2261,750,2461,563
turo,2262,758,2465,553
taquito,2263,823,2465,558
molote,2264,920,2481,591
francesinha,2265,848,2466,545
chipotle,2266,954,2474,534
jota,2267,750,2466,600
cocido,2268,866,2473,565
pariser_schnitzel,2269,871,2464,546
negimaki,2270,785,2472,617
alicot,2271,875,2472,577
fudge,2272,905,2473,555
stuffed_ribs,2273,718,2462,551
ramen,2274,799,2468,592
nargesi_kebab,2275,797,2481,545
kitfo,2276,850,2460,554
buuz,2277,678,2476,557
muskazine,2278,899,2465,559
bamia,2279,821,2471,603
kadyos_baboy_kag_langka,2280,876,2470,523
medovik,2281,704,2477,560
umngqusho,2282,975,2478,541
smoked_egg,2283,822,2471,577
karnyark,2284,782,2470,579
crispy_pata,2285,762,2481,544
qurabiya,2286,914,2472,532
schweinshaxe,2287,885,2482,531
wallenbergare,2288,840,2470,559
kipper,2289,803,2473,535
frijoles_puercos,2290,762,2469,495
chakhchoukha,2291,770,2475,523
gordita,2292,810,2480,552
pltanos_rellenos,2293,755,2478,566
beef_tartare,2294,888,2479,535
paomo,2295,919,2481,507
pide,2296,802,2479,523
goto,2297,900,2479,558
bulgogi,2298,886,2484,549
spare_ribs,2299,913,2481,533
gibanica,2300,840,2477,567
tajine,2301,797,2478,547
cotoletta_alla_bolognese,2302,828,2484,580
figolla,2303,823,2478,513
bruttiboni,2304,918,2480,498
mandelbrot,2305,798,2480,587
tsuivan,2306,853,2472,567
new_orleans_hot_sausage,2307,974,2491,537
loobia_polo,2308,930,2489,532
chelow_kabab,2309,912,2499,492
dhansak,2310,927,2487,505
tomato_bredie,2311,821,2485,523
kurnik,2312,913,2486,547
runza,2313,876,2491,526
adobo,2314,790,2485,566
croline,2315,1002,2488,518
pichelsteiner,2316,982,2490,480
saksang,2317,930,2491,457
cabidela,2318,860,2491,510
patlcanl_kebap,2319,932,2494,521
loco_moco,2320,857,2484,494
black_bottom_pie,2321,951,2493,467
ch_gi,2322,904,2485,440
kare_kare,2323,962,2497,471
teriyaki,2324,919,2502,473
hortobgyi_palacsinta,2325,903,2500,476
dosa,2326,880,2499,536
schnitz_un_knepp,2327,1034,2494,474
croquette,2328,783,2492,527
biltong,2329,956,2496,455
sa,2330,989,2494,508
rogan_josh,2331,974,2496,484
goulash,2332,1011,2501,440
carimaola,2333,866,2494,464
chicken_feet,2334,864,2498,486
chorizo,2335,799,2491,511
rauchkse,2336,890,2493,521
nikujaga,2337,986,2488,509
mixiote,2338,848,2501,483
hariharinabe,2339,1051,2502,453
tarta_de_santiago,2340,1048,2498,440
pasty,2341,876,2499,512
jokbal,2342,968,2494,482
paio,2343,970,2496,513
stuffed_cucumber,2344,844,2502,471
lukanka,2345,1074,2502,416
yakitori,2346,956,2499,487
rissole,2347,991,2503,473
carrot_pudding,2348,1024,2510,454
hawawshi,2349,1185,2507,418
chocolate_chip_cookie,2350,1012,2506,422
koobideh,2351,975,2508,501
salchichn,2352,1021,2511,419
balyk,2353,1131,2506,440
suya,2354,1100,2510,411
szczecin_pasztecik,2355,882,2507,462
bridie,2356,942,2505,434
cannelloni,2357,1012,2502,431
escudella,2358,1121,2510,417
cabrito,2359,982,2509,387
bockwurst,2360,1066,2513,423
taco_rice,2361,1047,2516,458
bierock,2362,1014,2513,467
bandeja_paisa,2363,932,2516,438
meat_pie,2364,1131,2506,396
sweet_and_sour,2365,1069,2513,430
hog_maw,2366,959,2505,443
tzfatit,2367,1004,2515,381
drob,2368,1044,2517,437
karelian_hot_pot,2369,1054,2518,409
kofte,2370,1071,2511,436
mrouzia,2371,1034,2511,409
steak_and_kidney_pudding,2372,921,2512,415
derby_pie,2373,998,2512,415
fleischkuekle,2374,1005,2511,416
kharcho,2375,1243,2512,376
lasagna,2376,1057,2513,383
guokui,2377,1230,2515,373
skirts_and_kidneys,2378,962,2513,449
keftedes,2379,1173,2518,382
roulade,2380,989,2518,418
irish_stew,2381,1184,2522,384
kulen,2382,1049,2518,436
chaudin,2383,1133,2520,377
potjiekos,2384,1252,2521,381
carne_asada,2385,1184,2523,393
kadyos_manok_kag_ubad,2386,1121,2523,388
picadillo,2387,1136,2528,373
occhi_di_lupo,2388,1182,2525,410
papa_rellena,2389,1029,2518,364
zrcher_geschnetzeltes,2390,1222,2522,404
manicotti,2391,1054,2522,391
piti,2392,898,2524,488
navarin,2393,1159,2520,352
mansaf,2394,1062,2524,413
mississippi_mud_pie,2395,1191,2525,315
chicken_sandwich,2396,1047,2524,398
fabada_asturiana,2397,1399,2526,314
tharid,2398,1250,2525,377
katiya,2399,1073,2525,386
beef_stroganoff,2400,1071,2523,403
flipper_pie,2401,1103,2524,353
sajji,2402,1176,2527,363
linguia,2403,1171,2524,345
corned_beef_pie,2404,1247,2529,316
chili,2405,1287,2528,359
babic_sausage,2406,1016,2526,382
sarma,2407,1191,2532,363
stuffed_squash,2408,1259,2525,377
guernsey_bean_jar,2409,1266,2526,335
gheimeh,2410,1371,2530,314
turducken,2411,1031,2526,393
efo_riro,2412,1111,2531,354
andouille,2413,1317,2529,290
burrito,2414,1300,2534,328
palaver_sauce,2415,1295,2529,330
pastitsio,2416,1268,2529,275
kig_ha_farz,2417,1034,2527,344
pie_floater,2418,1097,2528,324
pt_chinois,2419,1340,2530,302
beef_bourguignon,2420,1178,2535,334
halfsmoke,2421,1279,2531,308
tibs,2422,1218,2529,324
ragout_fin,2423,1231,2535,322
paupiette,2424,1151,2530,323
doctors_sausage,2425,1294,2532,295
fried_chicken,2426,1269,2534,307
kalops,2427,1249,2537,298
stroganoff,2428,1381,2533,325
steak_and_eggs,2429,1267,2534,300
khash,2430,1191,2532,294
anticucho,2431,1308,2533,300
brownie,2432,1314,2532,307
sulu_kfte,2433,1300,2529,304
bakso,2434,1424,2534,301
harqma,2435,1257,2535,319
qarta,2436,1266,2533,333
zrazy,2437,1134,2539,311
kholodets,2438,1344,2536,309
pirog,2439,1211,2535,341
kishka,2440,1263,2536,312
pabelln_criollo,2441,1249,2538,280
waterblommetjiebredie,2442,1164,2538,309
boerewors,2443,1308,2539,327
stew_peas,2444,1386,2536,275
carne_a_la_tampiquea,2445,1262,2536,293
vanillerostbraten,2446,1217,2538,290
killie_pie,2447,1272,2537,272
sukiyaki,2448,1392,2539,286
aspic,2449,1317,2537,274
gored_gored,2450,1342,2539,288
jucy_lucy,2451,1222,2540,300
stuffed_peppers,2452,1474,2541,266
meat_and_potato_pie,2453,1364,2541,290
cocido_madrileo,2454,1388,2540,270
holishkes,2455,1446,2543,293
ndol,2456,1375,2535,278
stuffed_intestines,2457,1339,2541,279
sachertorte,2458,1285,2543,263
mulligan_stew,2459,1401,2545,255
vienna_sausage,2460,1272,2541,269
yaka_mein,2461,1277,2548,262
soto_betawi,2462,1283,2539,249
tagine,2463,1344,2544,260
shepherds_pie,2464,1383,2545,234
drowors,2465,1538,2542,257
qoiri,2466,1453,2546,231
steak_and_kidney_pie,2467,1332,2544,267
carpetbag_steak,2468,1344,2547,245
buffalo_wings,2469,1403,2544,252
jellied_veal,2470,1329,2548,249
rendang,2471,1570,2549,245
bife_a_cavalo,2472,1416,2547,234
tripas,2473,1514,2549,247
butifarra_soledeas,2474,1395,2548,246
gobki,2475,1446,2547,221
picanha,2476,1463,2547,247
frikkadel,2477,1519,2548,240
cholent,2478,1547,2547,264
hayashi_rice,2479,1343,2550,249
rice_and_gravy,2480,1460,2549,231
kamounia,2481,1623,2547,213
beefsteak,2482,1544,2548,217
steak_pie,2483,1399,2548,222
balbacua,2484,1444,2547,255
osso_buco,2485,1594,2550,209
rawon,2486,1493,2551,214
bistek,2487,1557,2550,204
semur,2488,1358,2550,205
lorne_sausage,2489,1535,2549,207
new_yorkstyle_cheesecake,2490,1581,2551,203
khoresh_karafs,2491,1340,2553,230
galbijjim,2492,1655,2551,204
trl,2493,1445,2551,209
birria,2494,1283,2552,226
mechado,2495,1674,2552,203
guyanese_pepperpot,2496,1448,2553,185
tripas_moda_do_porto,2497,1543,2551,211
bannu_pulao,2498,1458,2552,212
cowboy_beans,2499,1563,2554,194
blanquette_de_veau,2500,1452,2554,206
ragout,2501,1620,2552,213
mala_mogodu,2502,1445,2555,205
chili_con_carne,2503,1615,2553,195
scouse,2504,1524,2553,220
bobotie,2505,1609,2554,204
flaki,2506,1653,2552,194
kapana,2507,1619,2555,201
seco,2508,1476,2554,188
cabbage_roll,2509,1609,2555,181
fajita,2510,1612,2555,174
brisket,2511,1743,2555,166
krautshuptchen,2512,1541,2557,184
kilishi,2513,1415,2554,177
hamin,2514,1717,2556,188
konro,2515,1658,2556,176
puchero,2516,1621,2556,151
lunggoi_katsa,2517,1597,2556,182
gaisburger_marsch,2518,1750,2555,152
callos,2519,1654,2557,167
kotlovina,2520,1704,2555,170
fish_and_chips,2521,1490,2557,168
cachopo,2522,1701,2556,178
meatloaf,2523,1591,2556,161
braciolone,2524,1741,2557,172
asado,2525,1763,2557,142
scotch_pie,2526,1570,2557,157
puntas,2527,1736,2557,158
sujuk,2528,1728,2556,164
hamburger,2529,1771,2557,143
seapie,2530,1434,2557,174
tamale_pie,2531,1791,2557,139
ahriche,2532,1663,2558,150
machaca,2533,1739,2558,136
jjim,2534,1709,2558,137
spanish_fricco,2535,1794,2559,141
paticada,2536,1798,2559,139
steak,2537,1661,2558,134
pepper_pot_soup,2538,1780,2559,130
spicy_cow_feet,2539,1770,2560,121
seswaa,2540,1759,2559,127
lobby,2541,1917,2561,116
empado,2542,1883,2560,134
orange_chicken,2543,1710,2560,123
ostrich_stew,2544,1795,2560,127
sonofabitch_stew,2545,1748,2560,136
guatita,2546,1648,2560,119
menudo,2547,1830,2560,119
tripoux,2548,1800,2560,123
zoervleis,2549,1762,2560,119
sapu_mhicha,2550,1966,2560,108
farsu_magru,2551,1927,2560,114
mocot,2552,1945,2559,112
hache,2553,1992,2560,110
oxtail_stew,2554,1857,2561,127
churrasco,2555,1722,2561,131
kapuska,2556,1802,2561,117
brsi,2557,1947,2562,110
kuurdak,2558,1959,2562,71
hochepot,2559,2116,2563,61
boliche,2560,2050,2563,62
pot_roast,2561,2117,2563,66
paya,2562,2132,2563,63
donburi,2563,2413,2563,12
