dish_id,H_mean,H_bert,E_composite,E_carbon,E_water,E_energy,log_H,log_E,log_DEI,Z_H,Z_E,DEI_z,cuisine,cook_method,source,DEI_tier,is_pareto,rank_DEI,rank_invE,rank_shift,meal_role,NDI,protein_g,category
ackee_saltfish,7.7129,7.34,0.1479771222253908,1.1,273.725,0.5,2.042894251743997,-1.9106975967248436,3.95359184846884,0.7915422730088895,-0.6839541509852561,1.4754964239941455,Caribbean,saute,expanded,A,False,57,67,10,Light Main,8.44594462551326,25.31,Protein Main
adobo,3.6628,7.1536,0.3835664436260561,2.0755,992.99,1.2,1.29822788225144,-0.9582424173121228,2.2564702995635626,-1.185910281716938,0.7155792248549389,-1.9014895065718769,Filipino,braise,expanded,E,False,304,276,-28,Light Main,7.180923379545444,50.562,Other
aji_de_gallina,7.0785,7.5229,0.2064411581111852,1.872,1053.4300000000003,0.4,1.9570620208524148,-1.577739855800735,3.53480187665315,0.4817978467680397,-0.3366448204008984,0.8184426671689382,South American,simmer,expanded,B,False,107,137,30,Full Main,6.173775906581849,49.900000000000006,Other
al_pastor,7.9826,7.3924,0.26940861804542,1.831,1288.7500000000002,0.6,2.0772641729320283,-1.3115260257424055,3.388790198674433,0.9232227139880144,0.0374173877072869,0.8858053262807276,Mexican,grill,expanded,C,False,137,204,67,Full Main,6.0031756564603285,59.57,Other
aloo_gobi,8.5603,7.3359,0.1261275381026411,0.4946,164.88,0.5,2.1471352362685003,-2.070461676803084,4.217596913071585,1.2052834880096708,-0.8137529977505148,2.0190364857601857,Indian,stir_fry,expanded,A,False,35,49,14,Light Main,9.512193731040036,5.971,Other
anticucho,6.1642,7.3393,0.6438722352678695,12.3135,3126.545,0.6,1.8187583633948297,-0.4402549650013634,2.2590133283961933,0.0353928516356174,2.2619423671284697,-2.2265495154928523,South American,grill,expanded,E,False,303,320,17,Full Main,9.330699437321211,53.454,Protein Main
arancini,5.9359,7.4578,0.3167546374612211,1.976,747.29,1.0,1.781018659361992,-1.149627819126513,2.930646478488505,-0.0760741289929858,0.3186794329971056,-0.3947535619900915,Italian,deep_fry,expanded,D,False,224,255,31,Heavy Main,2.622543929164137,16.52,Other
arepa,8.5603,7.6274,0.1550682589430726,1.1205,354.4699999999999,0.5,2.1471352362685003,-1.8638898787239384,4.011025114992439,1.2052834880096708,-0.6418288014573655,1.847112289467036,South American,pan_fry,expanded,A,False,49,77,28,Light Main,4.932989217979075,11.43,Wrapped/Stuffed
arroz_con_pollo,7.2606,7.2726,0.2455558063386589,2.3725,1398.8249999999998,0.4,1.9824624700499247,-1.4042310405184233,3.386693510568348,0.5707077774402635,-0.1042817601690718,0.6749895376093353,Caribbean,simmer,expanded,C,False,140,182,42,Full Main,5.072461861432285,42.56,Noodle/Rice
asado,4.9488,7.5207,0.7671063086509742,15.2865,3854.4,0.6,1.5991451229486682,-0.2651298840238828,1.864275006972551,-0.5580235664809154,2.9940222326970614,-3.552045799177977,South American,grill,expanded,E,False,327,324,-3,Full Main,7.790044444444445,65.0,Other
baba_ganoush,7.3074,7.495,0.2283327510889237,0.6891,485.7,0.8,1.9888875333389828,-1.4769512793667894,3.465838812705772,0.5935577760973755,-0.2065964173557198,0.8001541934530952,Mediterranean,unknown,original,B,False,115,159,44,Light Main,5.739597547364537,6.065,Salad/Cold/Side
bacalhau,6.7438,7.5148,0.2658607847000939,1.7759999999999998,720.66,0.8,1.9086235642692968,-1.3247824729932374,3.233406037262534,0.3183812965429258,0.0163412576467983,0.3020400388961274,Portuguese,bake,expanded,C,False,172,200,28,Full Main,7.39875087130718,41.510000000000005,Other
bak_kut_teh,4.3571,6.8786,0.2194583776857819,1.6685,1263.8900000000003,0.4,1.4718066984441045,-1.516592687747081,2.988399386191185,-0.8469198101863233,-0.2593151980437582,-0.5876046121425651,Indonesian,simmer,expanded,D,False,215,147,-68,Full Main,6.223887922001129,56.290000000000006,Other
baklava,7.628,7.48,0.28131109410514,1.2435,987.8,0.8,2.0318256877381726,-1.26829412556817,3.3001198133063427,0.7500900318552826,0.108124805181388,0.6419652266738944,Mediterranean,unknown,original,C,False,155,221,66,Heavy Main,1.445982850941529,15.54,Bread/Pastry
banh_mi,6.8396,7.249,0.2565416685710571,1.1665,706.3,0.8,1.9227292503923008,-1.3604641769955543,3.283193427387855,0.3651554390931674,-0.0390195455440072,0.4041749846371746,Vietnamese,unknown,original,C,False,161,191,30,Full Main,4.756600278276457,32.015,Wrapped/Stuffed
banh_xeo,5.2167,7.1571,0.1938191426312755,1.5539000000000005,712.77,0.5,1.651865018073996,-1.6408298092162388,3.2926948272902345,-0.4272219716039867,-0.4116267076506291,-0.0155952639533576,Vietnamese,pan_fry,expanded,C,False,157,122,-35,Full Main,4.431735724987822,27.588,Other
beef_bourguignon,8.9939,7.344,0.8163411367437777,13.068,3390.9,1.2,2.196546569763244,-0.2029229516456316,2.399469521408876,1.4169877490721432,3.286504866289972,-1.8695171172178284,French,unknown,original,E,False,294,330,36,Heavy Main,5.942043306127021,66.185,Protein Main
beef_tartare,4.3571,7.6015,0.4750862509475642,11.0205,3030.125,0.0,1.4718066984441045,-0.7442589104890793,2.216065608933184,-0.8469198101863233,1.259258472010123,-2.1061782821964465,French,raw,expanded,E,False,310,303,-7,Full Main,7.669839664614652,51.155,Protein Main
bibimbap,5.4794,7.176,0.4103771234250521,6.316,2058.8,0.5,1.7009956059144655,-0.890678728820914,2.59167433473538,-0.2989592654667372,0.8748497766124409,-1.1738090420791782,Korean,unknown,original,E,False,274,291,17,Full Main,7.036463790862726,36.14,Noodle/Rice
biltong,4.3571,7.9368,0.5032713534949004,12.0195,3114.25,0.0,1.4718066984441045,-0.6866257841753288,2.158432482619433,-0.8469198101863233,1.426693869684154,-2.2736136798704774,African,raw,expanded,E,False,318,305,-13,Full Main,9.04796252508107,52.375,Other
birria,7.5688,7.432,0.7940919484839885,12.760500000000002,3216.055,1.2,2.0240345344080977,-0.230556020303777,2.2545905547118745,0.7211857600497054,3.1543321456853315,-2.4331463856356264,Mexican,braise,expanded,E,False,305,328,23,Heavy Main,8.408615453875916,58.74399999999999,Protein Main
biryani,7.8317,6.789,0.3345396378994281,2.5269,1305.9,0.8,2.05817960010234,-1.0949999074823478,3.153179507584688,0.8495461157538654,0.4243323613837522,0.4252137543701132,Indian,unknown,original,C,False,183,264,81,Heavy Main,4.739492442608156,45.902,Noodle/Rice
blini,4.6633,7.5421,0.1563061924550484,0.918,421.755,0.5,1.5397233520209026,-1.8559384233053005,3.395661775326203,-0.6974183232459892,-0.6344747785467317,-0.0629435446992574,Russian,pan_fry,expanded,C,False,135,80,-55,Full Main,3.3829038239757963,15.155,Other
boat_noodles,4.0257,7.3491,0.2884333857069896,4.533500000000001,1361.3000000000002,0.4,1.3926988087928849,-1.2432911184578073,2.635989927250692,-1.0087251425574104,0.1504352322839075,-1.159160374841318,Thai,simmer,expanded,E,False,269,232,-37,Heavy Main,3.6487336473489904,22.97,Other
borek,4.6633,7.3382,0.2701911221855115,2.171,671.2499999999999,0.8,1.5397233520209026,-1.3086257104521095,2.8483490624730123,-0.6974183232459892,0.0420659034136872,-0.7394842266596765,Turkish,bake,expanded,D,False,239,206,-33,Heavy Main,4.793244732846655,28.12,Other
borscht,7.8508,7.5279,0.2299651404148642,3.591,895.17,0.4,2.060615437429787,-1.4698275449594704,3.5304429823892574,0.8588716493938404,-0.1968991045469883,1.0557707539408288,Eastern European,simmer,expanded,B,False,108,161,53,Light Main,9.7294759392371,16.46,Soup/Stew
bossam,4.9488,7.4729,0.2477463793234811,2.013,1518.1900000000005,0.4,1.5991451229486682,-1.3953497201130118,2.99449484306168,-0.5580235664809154,-0.0912685217665612,-0.4667550447143541,Korean,boil,expanded,D,False,213,184,-29,Full Main,5.5193948848008025,69.2,Other
bouillabaisse,3.6628,7.2039,0.177158941750859,1.85,703.83,0.4,1.29822788225144,-1.730707973353995,3.028935855605435,-1.185910281716938,-0.5105976925905231,-0.6753125891264149,French,simmer,expanded,D,False,207,101,-106,Full Main,8.563801278086991,41.46,Other
bratwurst,3.2587,7.1491,0.228276205868912,1.497,875.9,0.6,1.181328342841382,-1.477198953966418,2.6585272968078,-1.3832112316600766,-0.2069323278383346,-1.176278903821742,German,grill,expanded,E,False,268,158,-110,Full Main,4.97407884736129,33.629999999999995,Other
brisket,8.5209,7.046,0.9792094431862688,15.7454,3882.1,1.5,2.142521969065184,-0.0210097234937495,2.1635316925589336,1.186046523328256,4.254034418892991,-3.0679878955647357,American,unknown,original,E,False,316,334,18,Full Main,7.781761490015912,65.85799999999999,Protein Main
brownie,3.8751,7.362,0.3645830754384144,2.5955,1653.7,0.8,1.3545714689239423,-1.0090008373475932,2.363572306271536,-1.0822552664411933,0.6028073164912158,-1.685062582932409,Other,unknown,original,E,False,298,268,-30,Heavy Main,2.336284025996903,15.31,Dessert
bruschetta,5.9191,7.304,0.2200736836601747,0.7575,367.7,0.8,1.7781844103116076,-1.51379286297681,3.291977273288418,-0.0842766926134875,-0.2556599336947767,0.1713832410812891,Italian,unknown,original,C,False,158,149,-9,Light Main,3.671071684635993,8.336,Salad/Cold/Side
budae_jjigae,8.2292,7.2623,0.1505586489631374,1.144,563.31,0.4,2.1076888046179385,-1.8934025765970093,4.001091381214948,1.0436246299889504,-0.668618426901414,1.7122430568903644,Korean,simmer,expanded,A,False,50,72,22,Full Main,6.321184922444453,23.87,Other
buffalo_wings,3.4398,6.761,0.386292331318037,2.6625,1365.4,1.0,1.235413330160255,-0.9511608611299428,2.1865741912901977,-1.2947895488224068,0.7317725343862787,-2.026562083208685,American,unknown,original,E,False,311,277,-34,Heavy Main,3.1903121831302403,62.02,Protein Main
bulgogi,8.7381,7.375,0.6615588732726678,12.4425,3274.3,0.6,2.167692774730181,-0.4131562997310227,2.580849074461204,1.2920939529933135,2.367010967211669,-1.074917014218356,Korean,unknown,original,E,False,275,322,47,Full Main,6.93971600973789,55.0,Other
bun_bo_hue,7.0751,6.883,0.4268114422342925,7.3015,2273.4,0.4,1.956581577705032,-0.8514129505552047,2.8079945282602363,0.4801378041305572,0.9724788947150124,-0.4923410905844551,Vietnamese,unknown,original,D,False,248,296,48,Heavy Main,4.863058728465313,47.42,Noodle/Rice
bun_cha,5.5335,7.232,0.2664993860833531,1.947,1162.3,0.6,1.710820526722703,-1.322383339006084,3.0332038657287868,-0.2725450576173835,0.0201349098565647,-0.2926799674739482,Vietnamese,unknown,original,D,False,205,201,-4,Heavy Main,2.811740554683765,39.245,Other
bun_rieu,4.6633,7.2622,0.1646911696881013,1.608,615.02,0.4,1.5397233520209026,-1.803683257758613,3.343406609779516,-0.6974183232459892,-0.58466328699207,-0.1127550362539191,Vietnamese,simmer,expanded,C,False,147,87,-60,Full Main,5.08570543658263,20.0,Other
burrito,2.4568,6.827,0.276301431930006,2.2195,1211.6,0.6,0.8988596901444755,-1.2862628645471723,2.185122554691648,-1.7747371701886665,0.0783645878077817,-1.853101757996448,Mexican,unknown,original,E,False,312,214,-98,Heavy Main,5.642069254196187,53.81000000000001,Wrapped/Stuffed
butter_chicken,9.4037,7.297,0.2453824918883798,2.5309,1290.8,0.4,2.2411032288503776,-1.404937094448642,3.64604032329902,1.6170717116722382,-0.1053113457047781,1.7223830573770162,Indian,unknown,original,B,False,84,181,97,Heavy Main,4.509626626214222,52.602,Protein Main
ca_phe_sua_da,9.6366,7.43,0.0363340634140795,0.513,336.3,0.0,2.2655683493147696,-3.314999591657493,5.580567940972262,1.730784632339788,-1.3471768558955082,3.077961488235296,Vietnamese,unknown,original,A,True,6,13,7,Side/Snack,3.0931680865977844,1.995,Beverage
caesar_salad,2.7919,6.747,0.0525168062162769,0.752,471.8,0.0,1.0267223676397843,-2.946622042206249,3.9733444098460335,-1.611125320829731,-1.2510422410935276,-0.3600830797362033,Other,unknown,original,A,False,52,21,-31,Light Main,6.166558767714838,13.96,Salad/Cold/Side
caldo_verde,4.9488,7.2615,0.1354072417849046,0.6995,494.2049999999999,0.4,1.5991451229486682,-1.9994684355552892,3.5986135585039576,-0.5580235664809154,-0.7586263267111786,0.2006027602302631,Portuguese,boil,expanded,B,False,93,54,-39,Full Main,6.194406524036606,13.240000000000002,Other
callaloo,7.9826,7.4256,0.1195534483647046,0.7745,282.495,0.4,2.0772641729320283,-2.1239917409542373,4.201255913886266,0.9232227139880144,-0.8528067967483188,1.7760295107363333,Caribbean,simmer,expanded,A,False,36,45,9,Light Main,19.20244086316788,15.3,Soup/Stew
cannoli,4.6633,7.345,0.2979839265015034,1.525,635.95,1.0,1.5397233520209026,-1.2107157318458523,2.750439083866755,-0.6974183232459892,0.2071708284466614,-0.9045891516926506,Italian,deep_fry,expanded,D,False,259,245,-14,Heavy Main,1.1975350042642692,7.439999999999999,Other
caprese,4.8561,7.136,0.1118488797934876,2.474,751.6,0.0,1.5802356466258871,-2.190606606353303,3.7708422529791914,-0.6032841407440412,-0.898576277290815,0.2952921365467738,Italian,unknown,original,B,False,71,42,-29,Full Main,7.866406619014502,23.640000000000004,Salad/Cold/Side
carnitas,7.4181,7.2454,0.4370581929843786,2.4255,1551.665,1.2,2.0039229596991017,-0.8276889280282033,2.831611887727305,0.6476068113824667,1.033350370482252,-0.3857435590997853,Mexican,braise,expanded,D,False,243,302,59,Heavy Main,4.8995367131210354,68.85999999999999,Protein Main
causa,5.2167,7.3292,0.0402119664414746,0.6519999999999999,429.95,0.0,1.651865018073996,-3.213590654979384,4.86545567305338,-0.4272219716039867,-1.3241399258562172,0.8969179542522305,South American,cold,expanded,A,False,21,16,-5,Full Main,5.148248720975993,19.21,Other
ceviche,9.6743,7.301,0.039418546557507,0.9145,270.8,0.0,2.2694728848771666,-3.2335188486245943,5.50299173350176,1.749191575702462,-1.328853287234679,3.0780448629371406,Mexican,unknown,original,A,True,7,15,8,Light Main,12.992279082724012,31.475,Protein Main
chana_masala,6.8396,7.131,0.1795333304373007,0.5939,986.9,0.4,1.9227292503923008,-1.7173944034036397,3.64012365379594,0.3651554390931674,-0.4964924852995651,0.8616479243927326,Indian,unknown,original,B,False,86,103,17,Heavy Main,6.162542119076322,44.892,Other
char_kway_teow,7.0959,7.1974,0.23130799903834,2.2105,998.15,0.5,1.9595171524615305,-1.4640051273840518,3.423522279845582,0.4902933590892738,-0.1889217673255233,0.6792151264147972,Indonesian,stir_fry,expanded,B,False,129,163,34,Heavy Main,2.51573861698748,28.885,Other
char_siu,5.4794,7.017,0.3230840935392318,1.941,1316.9,0.8,1.7009956059144655,-1.1298426381304052,2.8308382440448705,-0.2989592654667372,0.3562799701497437,-0.6552392356164809,Chinese,unknown,original,D,False,244,258,14,Full Main,4.968299984405637,56.105,Other
char_siu_bao,8.5603,7.0666,0.1231648026379331,0.7765000000000001,595.415,0.3,2.1471352362685003,-2.094231961574621,4.241367197843122,1.2052834880096708,-0.8313533165679895,2.03663680457766,Chinese,steam,expanded,A,False,34,48,14,Full Main,3.225476814878264,24.91,Other
cheesecake,6.6002,7.268,0.4162269009143125,5.2365,1604.2,0.8,1.8870999516035556,-0.8765247325262424,2.763624684129798,0.2482689075010184,0.9096007525428612,-0.6613318450418428,Other,unknown,original,D,False,255,293,38,Heavy Main,3.409996071134405,50.43000000000001,Dessert
chicken_salad,1.3336,6.953,0.0681619356522414,0.9585,609.1,0.0,0.2878820524544471,-2.6858689982105344,2.9737510506649816,-2.323137137959351,-1.1581013527510802,-1.165035785208271,Other,unknown,original,D,False,216,31,-185,Light Main,5.610295740399547,30.71,Protein Main
chicken_sandwich,2.0123,6.743,0.2305453291832126,1.5495,827.0,0.6,0.6992783464901856,-1.4673077799872063,2.166586126477392,-1.9917633326477735,-0.1934524561982279,-1.798310876449546,American,unknown,original,E,False,315,162,-153,Full Main,5.098766726245232,43.75000000000001,Protein Main
chilaquiles,3.6628,7.3308,0.1701742379834779,1.3735,472.44999999999993,0.5,1.29822788225144,-1.770932437498736,3.069160319750176,-1.185910281716938,-0.5520907703951057,-0.6338195113218323,Mexican,pan_fry,expanded,C,False,192,91,-101,Full Main,6.507292625874537,22.8,Other
chile_relleno,7.5825,6.786,0.3181617528849141,2.3685,612.2,1.0,2.025842960580599,-1.1451953686532157,3.1710383292338147,0.7278747553830902,0.3270384918347881,0.4008362635483021,Mexican,unknown,original,C,False,181,256,75,Full Main,7.394796016704144,23.89,Other
chili,2.798,7.0759,0.5128898796778169,9.469,2810.755,0.4,1.0289048762432895,-0.667694116351448,1.6965989925947376,-1.6081470090389534,1.483833337378832,-3.091980346417785,American,simmer,expanded,E,False,329,306,-23,Heavy Main,9.369607702941035,59.77,Soup/Stew
chimichurri,2.798,7.4868,0.0501501265330493,0.2895,644.09,0.0,1.0289048762432895,-2.992734241485665,4.021639117728954,-1.6081470090389534,-1.2651016525596646,-0.3430453564792888,South American,raw,expanded,A,False,47,20,-27,Light Main,1.682215172781211,1.87,Other
chole_bhature,8.3445,7.2896,0.2964050802571009,0.886,781.7199999999999,1.0,2.1216026392013205,-1.2160282458383296,3.3376308850396503,1.0999196053129885,0.1977915917256415,0.902128013587347,Indian,deep_fry,expanded,C,False,149,243,94,Heavy Main,4.171922741364426,33.57,Other
chow_fun,5.4249,7.171,0.372484261208624,5.834,1721.6,0.5,1.6909994660769063,-0.9875604938440836,2.67855995992099,-0.3255687724499123,0.6497448140330323,-0.9753135864829446,Chinese,unknown,original,D,False,264,274,10,Heavy Main,3.4655066277242867,27.855,Other
chow_mein,1.0,6.051,0.19426553805153,1.207,741.2,0.5,0.0,-1.6385293029641408,1.6385293029641408,-2.486016615566456,-0.4089748672117075,-2.0770417483547483,Chinese,unknown,original,E,False,330,124,-206,Heavy Main,3.664901893843579,41.04500000000001,Other
churrasco,2.798,7.0895,0.780599999224528,15.3504,4001.625000000001,0.6,1.0289048762432895,-0.247692425229053,1.2765973014723426,-1.6081470090389534,3.0741823613848616,-4.682329370423815,South American,grill,expanded,E,False,333,326,-7,Heavy Main,6.82893761883843,65.32,Protein Main
churro,9.4826,7.396,0.3234748223106578,1.554,885.8,1.0,2.2494585402674674,-1.1286339970942594,3.3780925373617268,1.6555944658185229,0.3586011193141479,1.2969933465043748,Mexican,unknown,original,C,False,143,259,116,Heavy Main,1.6484727309772629,13.435,Bread/Pastry
churros_mexican,5.9359,7.5436,0.2804111037345016,1.1325,524.0450000000001,1.0,1.781018659361992,-1.2714985249819888,3.052517184343981,-0.0760741289929858,0.1027783550360478,-0.1788524840290337,Mexican,deep_fry,expanded,C,False,197,220,23,Heavy Main,1.356437478880612,11.915,Bread/Pastry
churros_spanish,8.4772,7.323,0.3234748223106578,1.554,885.8,1.0,2.137380206600282,-1.1286339970942594,3.266014203694541,1.1647100929582608,0.3586011193141479,0.8061089736441129,Spanish,unknown,original,C,False,165,259,94,Heavy Main,1.6484727309772629,13.435,Bread/Pastry
clam_chowder,7.9892,6.858,0.1957745939328879,2.291,749.0,0.4,2.07809062960888,-1.6307913124993088,3.7088819421081887,0.9264451496960692,-0.4000102245894873,1.3264553742855565,American,unknown,original,B,False,76,129,53,Full Main,5.114757066498569,28.985000000000003,Soup/Stew
club_sandwich,4.8287,6.95,0.0745333152011155,1.1245,644.0,0.0,1.5745772802980966,-2.596509069645958,4.171086349944055,-0.6166621314108114,-1.1202517665483591,0.503589635137548,American,unknown,original,A,False,38,33,-5,Full Main,5.137354390140612,37.540000000000006,Other
cobb_salad,2.798,7.0838,0.0988467138988748,1.626,889.97,0.0,1.0289048762432895,-2.314184973227391,3.3430898494706804,-1.6081470090389534,-0.9758164723027708,-0.6323305367361826,American,cold,expanded,C,False,148,38,-110,Full Main,6.817678637419492,43.43,Salad/Cold/Side
coleslaw,2.6572,6.704,0.013196413963922,0.2035,134.3,0.0,0.9772729368089492,-4.327810155698477,5.3050830925074255,-1.6768923041441104,-1.4846275368154394,-0.192264767328671,American,unknown,original,A,False,14,5,-9,Light Main,5.497732075406327,2.61,Salad/Cold/Side
com_tam,8.6516,6.941,0.2925279261245002,2.3265,1381.5,0.6,2.1577442749370097,-1.2291951429376562,3.386939417874666,1.249860515304421,0.1747591105435972,1.075101404760824,Vietnamese,unknown,original,C,False,139,238,99,Full Main,5.248715093299843,44.03,Other
conch_fritters,5.7087,7.1416,0.2860612112475003,1.4340000000000002,514.78,1.0,1.7419913269939338,-1.2515494657215305,2.993540792715464,-0.18700403700358,0.1363431787492534,-0.3233472157528335,Caribbean,deep_fry,expanded,D,False,214,230,16,Heavy Main,3.812509755220314,29.2,Other
congee,2.4568,6.984,0.1429436030199488,0.9255,456.8,0.4,0.8988596901444755,-1.9453051109881232,2.8441648011325986,-1.7747371701886665,-0.7138560925676084,-1.0608810776210582,Chinese,unknown,original,D,False,241,61,-180,Light Main,4.1078533567901045,14.31,Other
coq_au_vin,8.3333,7.166,0.433244547442996,2.7775,1371.8,1.2,2.120259536192091,-0.836452935709711,2.956712471901802,1.0944512295659872,1.010695166133189,0.0837560634327978,French,unknown,original,D,False,220,298,78,Heavy Main,4.605528863622388,73.165,Other
coquito,4.3571,7.5858,0.0536235508357889,0.7460000000000001,568.41,0.0,1.4718066984441045,-2.9257669261403447,4.3975736245844494,-0.8469198101863233,-1.2444675541581025,0.3975477439717791,Caribbean,cold,expanded,A,False,29,23,-6,Full Main,3.268010457565969,9.283,Other
cornbread,3.9581,6.978,0.2367189718162237,1.1525,468.8,0.8,1.3757641121467097,-1.4408816143592993,2.816645726506009,-1.0417306961732384,-0.1567775387442462,-0.8849531574289923,American,unknown,original,D,False,246,173,-73,Full Main,3.041595641777332,12.5,Other
couscous,6.5556,7.3683,0.1117052975911571,0.5565,513.1600000000001,0.3,1.8803196462075356,-2.191891147074066,4.072210793281601,0.2264930540799246,-0.8994292365130049,1.1259222905929296,African,steam,expanded,A,False,43,41,-2,Heavy Main,3.425720419752924,24.05,Other
coxinha,4.3571,7.3626,0.3252279436113923,1.794,897.07,1.0,1.4718066984441045,-1.1232289775357287,2.595035675979833,-0.8469198101863233,0.3690156481123424,-1.2159354582986657,South American,deep_fry,expanded,E,False,273,261,-12,Heavy Main,2.5038125032465084,34.31,Other
creme_brulee,9.1606,7.324,0.2801526093771747,2.0055,778.2,0.8,2.214911678724271,-1.272420790799783,3.4873324695240537,1.4983786630922409,0.1012427528347487,1.3971359102574918,French,unknown,original,B,False,113,219,106,Heavy Main,1.6249978900152788,10.712,Other
crepe,8.3893,7.239,0.1703383946222554,1.1025,477.0,0.5,2.126957084340491,-1.7699682638630123,3.896925348203504,1.121793108300993,-0.5511155874221723,1.6729086957231656,French,unknown,original,A,False,62,92,30,Full Main,3.730954028148034,15.735,Other
croissant,6.8396,7.299,0.2528773599570321,1.4301,594.1,0.8,1.9227292503923008,-1.3748506510334464,3.297579901425747,0.3651554390931674,-0.0607876043601579,0.4259430434533254,French,unknown,original,C,False,156,188,32,Heavy Main,1.6033957918716282,12.05,Bread/Pastry
croquetas,4.9488,7.3931,0.3068093693849809,1.6470000000000002,711.54,1.0,1.5991451229486682,-1.1815286708908688,2.780673793839537,-0.5580235664809154,0.2595989342647173,-0.8176225007456328,Spanish,deep_fry,expanded,D,False,253,252,-1,Heavy Main,2.521979799559871,23.68,Other
cubano_sandwich,6.1523,7.5295,0.2115503017405358,1.7095,887.74,0.5,1.816825995643776,-1.553292475485072,3.370118471128848,0.0295827024044288,-0.3062936271094301,0.335876329513859,Caribbean,pan_fry,expanded,C,False,145,141,-4,Full Main,5.9812968730166185,42.41,Other
currywurst,7.9826,7.5586,0.2231653503153459,1.502,812.6,0.6,2.0772641729320283,-1.499842301048682,3.5771064739807104,0.9232227139880144,-0.2372936909246913,1.1605164049127057,German,grill,expanded,B,False,97,152,55,Full Main,4.887250291407336,29.32,Other
dakgalbi,8.1087,7.0979,0.2163950379212937,1.7065,947.295,0.5,2.0929375593476065,-1.5306496623961217,3.623587221743728,0.984790765925233,-0.2775131631147149,1.2623039290399478,Korean,stir_fry,expanded,B,False,88,145,57,Full Main,8.378780612835483,51.74,Other
dal,7.9892,6.929,0.1513163041255206,0.4209,688.1,0.4,2.07809062960888,-1.888382903745557,3.9664735333544368,0.9264451496960692,-0.6641175281304991,1.590562677826568,Indian,unknown,original,A,False,55,75,20,Full Main,7.951044084503426,27.102,Other
dan_dan_noodles,10.0,7.243,0.1768632843021446,1.0465,838.3,0.4,2.302585092994046,-1.7323782499394325,4.034963342933478,1.9082138954165928,-0.5123540645042902,2.420567959920883,Chinese,unknown,original,A,True,46,100,54,Heavy Main,3.648583797155225,42.065,Other
dan_tat,7.5688,7.3389,0.2439112050491028,1.356,562.75,0.8,2.0240345344080977,-1.410951033654792,3.43498556806289,0.7211857600497054,-0.1140516189258239,0.8352373789755293,Chinese,bake,expanded,B,False,125,180,55,Full Main,2.29601656987549,13.579999999999998,Other
dim_sum,4.1359,6.977,0.1486246479702183,1.358,682.5,0.3,1.4197049589641269,-1.906331292551165,3.326036251515292,-0.9549202311895956,-0.6801074830369215,-0.274812748152674,Chinese,unknown,original,C,False,150,68,-82,Full Main,6.083873114409301,33.730000000000004,Other
dim_sum_items,3.6628,6.852,0.1454589858508505,1.5065000000000002,677.495,0.3,1.29822788225144,-1.9278611162939996,3.226088998545439,-1.185910281716938,-0.6989133005771546,-0.4869969811397834,Chinese,steam,expanded,C,False,174,64,-110,Full Main,6.4470185537217,36.2,Other
dolma,6.8883,7.407,0.1463439103506557,0.7515,542.8,0.4,1.92982432018395,-1.9217958768865624,3.851620197070512,0.3889331086359313,-0.6936563501975158,1.0825894588334473,Mediterranean,unknown,original,A,False,65,66,1,Light Main,2.7049214338905383,4.57,Other
donburi,1.0407,6.081,0.2347841626076021,2.2265,1240.0,0.4,0.0398935636616766,-1.4490886438669626,1.4889822075286392,-2.466144928700121,-0.1682713961366349,-2.2978735325634863,Japanese,unknown,original,E,False,331,169,-162,Full Main,5.175373637926381,41.505,Noodle/Rice
doner_kebab,7.4181,7.3078,0.3982888454309511,4.206999999999999,1699.9550000000002,0.8,2.0039229596991017,-0.920577794632465,2.924500754331566,0.6476068113824667,0.8030385909076072,-0.1554317795251405,Turkish,roast,expanded,D,False,226,284,58,Full Main,7.240647541866761,46.05,Protein Main
doro_wot,7.9826,7.3599,0.2313390511602135,2.228,1263.63,0.4,2.0772641729320283,-1.463870890618004,3.5411350635500325,0.9232227139880144,-0.1887373002168521,1.1119600142048665,African,simmer,expanded,B,False,106,164,58,Heavy Main,5.351120781701995,57.40000000000002,Other
dosa,1.3336,6.872,0.1613769949862088,0.6816,476.0,0.5,0.2878820524544471,-1.8240120674675224,2.1118941199219696,-2.323137137959351,-0.604351352992207,-1.7187857849671442,Indian,unknown,original,E,False,319,84,-235,Light Main,5.196213550355206,12.32,Other
duck_confit,7.2606,7.6052,0.4095605683183486,2.576,1179.195,1.2,1.9824624700499247,-0.8926704786450047,2.875132948694929,0.5707077774402635,0.8699989789691097,-0.2992912015288462,French,slow_cook,expanded,D,False,234,289,55,Heavy Main,4.825207865974968,48.32,Other
dumplings,7.9968,7.08,0.1552253181381092,1.066,837.7,0.3,2.079041461658496,-1.862877552204473,3.941919013862969,0.9301558332386768,-0.6408957813012335,1.5710516145399105,Chinese,unknown,original,A,False,59,78,19,Full Main,4.607764657831413,36.57,Wrapped/Stuffed
eclair,3.2587,7.2581,0.281867411612305,1.804,907.64,0.8,1.181328342841382,-1.2663184901969131,2.447646833038295,-1.3832112316600766,0.1114296447819806,-1.4946408764420571,French,bake,expanded,E,False,289,222,-67,Heavy Main,2.445653986486036,13.14,Other
edamame,7.9892,7.174,0.122958281541028,0.5004,322.8,0.4,2.07809062960888,-2.095910155605574,4.174000785214454,0.9264451496960692,-0.8325801683039487,1.7590253180000175,Japanese,unknown,original,A,False,37,47,10,Full Main,7.978708287228466,54.75,Other
eggplant_parm,5.9359,7.0995,0.2847714296386164,2.265,823.89,0.8,1.781018659361992,-1.2560684217565703,3.037087081118562,-0.0760741289929858,0.1286811489151085,-0.2047552779080944,Italian,bake,expanded,D,False,202,226,24,Full Main,5.629190197091431,23.82,Other
eggs_benedict,5.9359,7.3117,0.1708245348553931,1.2735,775.7699999999999,0.4,1.781018659361992,-1.7671183612495271,3.5481370206115197,-0.0760741289929858,-0.5482276403897266,0.4721535113967408,American,boil,expanded,B,False,103,94,-9,Full Main,4.640990705069108,33.035000000000004,Other
egusi_soup,8.5603,7.3211,0.1448665139118369,1.103,504.83,0.4,2.1471352362685003,-1.931942554279668,4.079077790548169,1.2052834880096708,-0.7024329178839512,1.907716405893622,African,simmer,expanded,A,False,42,63,21,Heavy Main,4.848509813907737,39.06999999999999,Other
elote,9.5986,7.372,0.1805572994317562,0.903,384.9,0.6,2.2616172545057425,-1.7117071032098954,3.973324357715638,1.7122312146267484,-0.4904095322393593,2.202640746866108,Mexican,unknown,original,A,False,53,105,52,Light Main,4.243760389526178,11.02,Other
enchilada,5.2029,6.83,0.2953211986902908,2.3305,879.3,0.8,1.6492161624425126,-1.219691705845425,2.8689078682879376,-0.4339597917208277,0.1913527242116557,-0.6253125159324835,Mexican,unknown,original,D,False,236,242,6,Full Main,6.388599235314564,47.68,Other
escargot,8.1233,7.185,0.22905787543792,0.962,424.5,0.8,2.0947364755547597,-1.4737805761890834,3.568517051743843,0.9919191843097164,-0.2022887699546358,1.1942079542643522,French,unknown,original,B,False,99,160,61,Full Main,1.3169032925871829,4.02,Other
escovitch_fish,6.1523,7.3597,0.2895370287936256,1.7910000000000004,464.81000000000006,1.0,1.816825995643776,-1.2394720841254787,3.0562980797692543,0.0295827024044288,0.1569914943656487,-0.1274087919612199,Caribbean,deep_fry,expanded,C,False,195,234,39,Full Main,7.0480043229758405,41.11,Protein Main
fajita,1.0,6.671,0.2319769200463485,1.6045,830.3,0.6,0.0,-1.4611173948233878,1.4611173948233878,-2.486016615566456,-0.1849479994529277,-2.301068616113528,Mexican,unknown,original,E,False,332,166,-166,Full Main,6.381816291105724,41.99,Other
falafel,4.9737,7.341,0.3067878357769481,0.8195,871.3,1.0,1.6041640299313922,-1.1815988589812332,2.7857628889126254,-0.5458661954005292,0.2594710124940491,-0.8053372078945782,Mediterranean,unknown,original,D,False,250,251,1,Heavy Main,4.610353809918898,34.95899999999999,Other
fattoush,8.6612,7.5472,0.0210290629331569,0.27,295.8,0.0,2.158853281103997,-3.8618498488358073,6.020703129939805,1.254547694516136,-1.4380971865070675,2.6926448810232038,Lebanese,cold,expanded,A,True,4,6,2,Light Main,4.028981926242201,3.56,Salad/Cold/Side
feijoada,3.6628,7.3838,0.2897462854725938,2.0995,2005.445,0.4,1.29822788225144,-1.238749616611167,2.5369774988626066,-1.185910281716938,0.1582345970011685,-1.3441448787181065,South American,simmer,expanded,E,False,280,235,-45,Heavy Main,5.430319091139347,73.74999999999999,Other
fesenjan,6.9238,7.5372,0.2580113680578307,1.874,1678.61,0.4,1.9349647518592317,-1.3547516327915776,3.2897163846508093,0.4062659067625866,-0.0302887020916559,0.4365546088542426,Persian,simmer,expanded,C,False,159,196,37,Heavy Main,3.296270540843623,60.290000000000006,Other
fish_and_chips,2.9929,6.801,0.3253698736066217,2.0975,769.4,1.0,1.0962428170193752,-1.1227926711303742,2.2190354881497494,-1.5129875060844429,0.3698587922929673,-1.88284629837741,Other,unknown,original,E,False,309,262,-47,Heavy Main,4.231810131125397,47.580000000000005,Protein Main
fish_tacos,6.3586,7.1794,0.1508035934353108,1.043,322.73,0.5,1.8498082273346304,-1.891776994545568,3.741585221880198,0.1303082306728512,-0.6671633186562859,0.7974715493291371,Mexican,pan_fry,expanded,B,False,74,73,-1,Full Main,6.166414745112166,30.31,Protein Main
focaccia,3.6628,7.362,0.2253479434420961,0.6929000000000001,508.67,0.8,1.29822788225144,-1.490109655948378,2.788337538199818,-1.185910281716938,-0.2243278573775443,-0.9615824243393936,Italian,bake,expanded,D,False,249,154,-95,Full Main,1.8120222527002183,12.0,Bread/Pastry
fondue,2.798,7.4177,0.2317808476658305,3.549,928.04,0.4,1.0289048762432895,-1.4619629758825172,2.490867852125807,-1.6081470090389534,-0.1861127799233835,-1.42203422911557,Swiss,simmer,expanded,E,False,283,165,-118,Heavy Main,6.1003155094064185,44.75,Other
french_fries,4.4255,6.585,0.247277363637544,0.6991,178.4,1.0,1.4873832664267947,-1.3972446426614702,2.884627909088265,-0.813523658302852,-0.0940547393351632,-0.7194689189676887,American,unknown,original,D,False,232,183,-49,Full Main,2.948697718735887,4.0,Other
french_onion_soup,8.8056,7.065,0.2794902450794066,4.4295,1218.5,0.4,2.175387882727045,-1.274787888321964,3.4501757710490093,1.3250506818256869,0.0973079355171386,1.2277427463085482,French,unknown,original,B,False,120,218,98,Full Main,6.36383326441806,28.98,Other
fresh_spring_roll,7.1621,7.119,0.0531295222848464,1.0375,406.0,0.0,1.9688032340590496,-2.9350225299987,4.90382576405775,0.5226153657367266,-1.2474023622451216,1.7700177279818483,Vietnamese,unknown,original,A,False,18,22,4,Light Main,5.897335916365413,19.890000000000004,Wrapped/Stuffed
fried_chicken,3.9581,7.048,0.393529317972158,2.6084,1467.3,1.0,1.3757641121467097,-0.9325997082529256,2.3083638203996357,-1.0417306961732384,0.774764314755335,-1.8164950109285731,American,unknown,original,E,False,302,282,-20,Heavy Main,3.10595837246092,67.738,Protein Main
fried_rice,3.1966,6.66,0.2050187887838639,1.509,794.5,0.5,1.162087744952416,-1.584653651439358,2.746741396391774,-1.4135314221858597,-0.3450944960250837,-1.068436926160776,Chinese,unknown,original,D,False,260,134,-126,Full Main,3.330237602615417,15.32,Noodle/Rice
fufu,4.0401,7.1556,0.0927179836270745,0.315,75.5,0.4,1.3962694441419687,-2.378192827090964,3.7744622712329328,-1.0016943737398376,-1.0122245850131053,0.0105302112732676,African,boil,expanded,B,False,70,36,-34,Light Main,4.472968891573543,4.0,Other
ful_medames,4.3571,7.1423,0.1732907255875608,0.475,1011.785,0.4,1.4718066984441045,-1.7527846002098852,3.2245912986539897,-0.8469198101863233,-0.5335770771963868,-0.3133427329899365,African,simmer,expanded,C,False,175,96,-79,Full Main,6.486704755368144,33.484,Other
gado_gado,7.8508,7.2841,0.0368416990578821,0.521,422.87,0.0,2.060615437429787,-3.3011249487377263,5.361740386167513,0.8588716493938404,-1.344161214006292,2.203032863400132,Indonesian,cold,expanded,A,False,12,14,2,Light Main,7.577166799416988,22.78,Salad/Cold/Side
galaktoboureko,8.1087,7.5847,0.258852796943443,1.6639999999999997,664.54,0.8,2.0929375593476065,-1.351495730425294,3.4444332897729004,0.984790765925233,-0.0252901401797276,1.0100809061049605,Greek,bake,expanded,B,False,122,197,75,Heavy Main,2.892537014725222,17.52,Other
galette,5.2167,7.6479,0.1892821171027535,1.6529999999999998,632.145,0.5,1.651865018073996,-1.664516693783159,3.3163817118571552,-0.4272219716039867,-0.4385791969080119,0.0113572253040251,French,pan_fry,expanded,C,False,153,114,-39,Heavy Main,4.105575763722729,26.435,Other
gambas_al_ajillo,6.9238,7.2997,0.2707839602684873,2.8985,1299.535,0.5,1.9349647518592317,-1.3064339706122423,3.241398722471474,0.4062659067625866,0.0455876958220225,0.3606782109405641,Spanish,saute,expanded,C,False,170,208,38,Full Main,7.214547113365241,49.760000000000005,Other
gazpacho,9.1606,7.436,0.0402863263051759,0.668,344.6,0.0,2.214911678724271,-3.2117431652422823,5.426654843966553,1.4983786630922409,-1.3236981863475918,2.8220768494398323,Spanish,unknown,original,A,False,10,17,7,Light Main,8.208870617389495,4.96,Other
gelato,8.9939,7.564,0.0648149325917145,1.2235,500.4,0.0,2.196546569763244,-2.736219260941248,4.932765830704492,1.4169877490721432,-1.1779844377075506,2.5949721867796938,Italian,unknown,original,A,False,16,30,14,Full Main,2.511807887336124,8.73,Dessert
general_tso,6.4054,6.649,0.3714217975765348,2.3185,1272.8,1.0,1.8571413846086944,-0.9904169414881232,2.8475583260968174,0.1531582293299631,0.6434331811250349,-0.4902749517950717,Chinese,unknown,original,D,False,240,273,33,Heavy Main,3.380750702217002,56.38500000000001,Other
ghormeh_sabzi,7.7129,7.0615,0.4344752359392492,3.1170000000000004,1341.8499999999997,1.2,2.042894251743997,-0.8336163302870099,2.876510582031007,0.7915422730088895,1.0180061495662611,-0.2264638765573716,Persian,braise,expanded,D,False,233,300,67,Full Main,8.133139868552345,36.62,Other
gnocchi,8.9517,7.211,0.1493656341086219,1.189,467.3,0.4,2.1918434583837394,-1.9013580587901768,4.093201517173916,1.3963836904539786,-0.6757056076651295,2.072089298119108,Italian,unknown,original,A,False,41,69,28,Full Main,4.995241995241996,21.075,Other
gozleme,6.9238,7.8291,0.1698328688860818,1.3955,462.63,0.5,1.9349647518592317,-1.7729404497149646,3.707905201574196,0.4062659067625866,-0.5541186952706724,0.960384602033259,Turkish,pan_fry,expanded,B,False,77,90,13,Full Main,4.519692849511149,21.76,Other
green_curry,4.6754,7.287,0.2611478475643975,2.321,1536.4,0.4,1.5423147205778005,-1.3426685662766351,2.8849832868544354,-0.6915105244478896,-0.0116562457223213,-0.6798542787255683,Thai,unknown,original,D,False,231,199,-32,Heavy Main,4.148268292754985,46.04999999999999,Other
grilled_cheese,7.4912,7.194,0.1882054209607936,1.7955,516.5,0.5,2.0137289983144546,-1.6702212479906786,3.683950246305133,0.6832977280883402,-0.4449753789478105,1.1282731070361507,American,unknown,original,B,False,80,113,33,Full Main,5.053720217610839,22.335,Other
guacamole,8.4333,6.93,0.0347126588909858,0.4681,328.1,0.0,2.132188154488383,-3.3606508490176483,5.492839003506031,1.1432760130213542,-1.356808912782962,2.500084925804316,Mexican,unknown,original,A,False,8,12,4,Light Main,5.80410483759982,4.025,Salad/Cold/Side
gulab_jamun,6.5556,7.2487,0.2775554568444898,1.2995,446.295,1.0,1.8803196462075356,-1.2817345212772489,3.162054167484784,0.2264930540799246,0.0858142027203796,0.140678851359545,Indian,deep_fry,expanded,C,False,182,216,34,Heavy Main,1.3529527852282468,7.435,Other
gyro,6.5518,7.158,0.4052126119464612,4.2615,1720.4,0.8,1.879739821054345,-0.9033433818539308,2.7830832029082755,0.2246377123086207,0.8441696670844485,-0.6195319547758278,Mediterranean,unknown,original,D,False,251,286,35,Full Main,7.299945210791229,47.26,Other
gyudon,5.2167,7.0105,0.4060873920872168,7.163,2110.11,0.4,1.651865018073996,-0.9011868910973264,2.553051909171322,-0.4272219716039867,0.8493663542527413,-1.276588325856728,Japanese,simmer,expanded,E,False,278,287,9,Full Main,6.9759720710734525,32.725,Noodle/Rice
halloumi,8.4884,7.692,0.2737251146473554,3.525,903.9,0.6,2.138700525554757,-1.2956309073813612,3.4343314329361188,1.170178468705262,0.0630598108238904,1.1071186578813716,Lebanese,grill,expanded,B,False,126,210,84,Full Main,6.59535378109487,37.5,Other
halo_halo,3.2587,7.4075,0.0321684610849158,0.6815000000000001,324.745,0.0,1.181328342841382,-3.436768775837944,4.618097118679327,-1.3832112316600766,-1.371922881969531,-0.0112883496905455,Filipino,cold,expanded,A,False,24,9,-15,Light Main,3.587441514714242,6.085000000000001,Dessert
hamburger,3.8876,6.712,0.5502933141427692,9.981,2552.6,0.6,1.3577920006471784,-0.597303844467298,1.9550958451144764,-1.0761521685092723,1.7060308232136223,-2.782182991722894,American,unknown,original,E,False,323,314,-9,Full Main,8.06344271491002,51.365,Protein Main
harissa,6.9238,7.5812,0.0337149583840212,0.277,447.91,0.0,1.9349647518592317,-3.3898136711424547,5.324778423001686,0.4062659067625866,-1.362735816219366,1.7690017229819526,African,raw,expanded,A,False,13,11,-2,Light Main,8.011402935983941,7.904999999999999,Other
horiatiki,6.1523,7.3264,0.0624649954359781,1.229,551.02,0.0,1.816825995643776,-2.773148952163614,4.58997494780739,0.0295827024044288,-1.1919443891222703,1.2215270915266991,Greek,cold,expanded,A,False,27,25,-2,Light Main,6.348986794946921,11.77,Other
hot_and_sour_soup,4.1637,6.726,0.1340866392818403,0.713,403.6,0.4,1.426404102047767,-2.009269126157478,3.435673228205245,-0.9413469413890032,-0.7664714500311499,-0.1748754913578534,Chinese,unknown,original,B,False,124,51,-73,Side/Snack,10.534350614607437,13.329999999999998,Other
hot_dog,6.5556,7.0579,0.186911584136972,0.9695,510.175,0.6,1.8803196462075356,-1.6771195860401913,3.5574392322477264,0.2264930540799246,-0.4526614990446964,0.6791545531246211,American,grill,expanded,B,False,100,110,10,Full Main,4.952690241359956,20.275,Other
hu_tieu,2.798,6.9639,0.1931435082000524,1.8215,905.125,0.4,1.0289048762432895,-1.6443218005819629,2.6732266768252524,-1.6081470090389534,-0.415640357041619,-1.1925066519973342,Vietnamese,boil,expanded,D,False,266,119,-147,Heavy Main,3.0529923484545325,31.87,Other
hummus,7.6735,7.347,0.0956000970923752,0.2991,1112.0,0.0,2.0377728346330124,-2.3475814433146778,4.38535427794769,0.7723053083274745,-0.9951032063204488,1.767408514647923,Mediterranean,unknown,original,A,False,30,37,7,Heavy Main,5.978190321219054,35.415,Salad/Cold/Side
ice_cream,6.2072,7.338,0.0838113240686453,1.5265,653.7,0.0,1.8257099085976023,-2.4791871485395447,4.304897057137147,0.0563875085214254,-1.0651351636639446,1.12152267218537,Other,unknown,original,A,False,32,35,3,Full Main,1.7144310050488545,8.94,Dessert
idli,2.8199,6.4518,0.1159702392454211,0.6375,544.0,0.3,1.0367014233283585,-2.1544216790215933,3.191123102349952,-1.597454381462228,-0.8740930788481919,-0.7233613026140361,Indian,steam,expanded,C,False,176,43,-133,Light Main,7.0658263305322135,15.400000000000002,Other
injera,6.5556,7.2875,0.1348193172949901,0.4775,274.75,0.5,1.8803196462075356,-2.0038197873955808,3.884139433603116,0.2264930540799246,-0.7621189296068327,0.9886119836867574,African,pan_fry,expanded,A,False,63,53,-10,Full Main,2.5203764489478773,15.0,Bread/Pastry
iskender_kebab,7.8508,7.5031,0.3672064267488129,4.378,1817.94,0.6,2.060615437429787,-1.0018311183497095,3.0624465557794966,0.8588716493938404,0.618391502114013,0.2404801472798274,Turkish,grill,expanded,C,False,194,270,76,Heavy Main,5.886906185857912,47.05,Protein Main
jalebi,5.7087,7.2048,0.2667636352741989,0.979,398.08,1.0,1.7419913269939338,-1.3213922738022674,3.063383600796201,-0.18700403700358,0.0217046990130879,-0.208708736016668,Indian,deep_fry,expanded,C,False,193,202,9,Heavy Main,1.1723845869273155,10.0,Other
japchae,8.3452,7.318,0.2850385521038225,4.039,1118.6,0.5,2.1216865232735818,-1.255130837321993,3.3768173605955747,1.1002613787971762,0.130268006941058,0.969993371856118,Korean,unknown,original,C,False,144,229,85,Light Main,7.381399513519765,19.885,Noodle/Rice
jerk_chicken,3.6628,6.7026,0.2704630231587363,2.1505,1219.08,0.6,1.29822788225144,-1.3076198881589145,2.6058477704103544,-1.185910281716938,0.0436811484710148,-1.229591430187953,Caribbean,grill,expanded,E,False,271,207,-64,Full Main,5.682147305871176,63.1,Protein Main
jjajangmyeon,7.4181,7.2121,0.2009040454731696,1.2305,882.1999999999999,0.5,2.0039229596991017,-1.604927870613519,3.6088508303126208,0.6476068113824667,-0.3695383908590861,1.0171452022415528,Korean,stir_fry,expanded,B,False,92,133,41,Heavy Main,3.839719792242047,49.68,Other
jokbal,4.6633,6.7188,0.4363466234641828,2.4115,1546.645,1.2,1.5397233520209026,-0.8293183435391541,2.369041695560057,-0.6974183232459892,1.0291232464053888,-1.726541569651378,Korean,braise,expanded,E,False,296,301,5,Full Main,5.460363449633148,69.455,Other
jollof_rice,8.2292,7.3086,0.2133692450734617,2.1495,1065.865,0.4,2.1076888046179385,-1.5447310691816396,3.652419873799578,1.0436246299889504,-0.2954880783347368,1.3391127083236871,African,simmer,expanded,B,False,83,143,60,Full Main,4.772464303034488,31.370000000000005,Noodle/Rice
karaage,4.0257,7.2208,0.3507997598775191,2.0965,1129.255,1.0,1.3926988087928849,-1.047539702984004,2.4402385117768883,-1.0087251425574104,0.5209266521108309,-1.5296517946682413,Japanese,deep_fry,expanded,E,False,291,265,-26,Heavy Main,3.3115577273420174,52.00500000000001,Other
kare_kare,4.9488,7.3561,0.4884342294134526,9.3995,2531.9750000000004,0.4,1.5991451229486682,-0.7165504544072829,2.3156955773559518,-0.5580235664809154,1.3385529886373708,-1.8965765551182865,Filipino,simmer,expanded,E,False,301,304,3,Heavy Main,6.48442549588403,52.84,Other
katsu,7.6735,6.973,0.3813776644673086,2.1645,1433.4,1.0,2.0377728346330124,-0.9639651494936456,3.001737984126658,0.7723053083274745,0.70257664279053,0.0697286655369444,Japanese,unknown,original,D,False,210,275,65,Heavy Main,3.923798696594363,58.27,Other
katsu_curry,5.2167,7.273,0.4151069941812468,2.8080000000000003,1725.85,1.0,1.651865018073996,-0.8792189746763995,2.5310839927503954,-0.4272219716039867,0.9029478752331632,-1.33016984683715,Japanese,deep_fry,expanded,E,False,281,292,11,Heavy Main,3.5196253649567324,54.53,Other
kebab,7.1849,7.286,0.4289247527784806,5.291,2279.8,0.6,1.971981601549652,-0.8464737768875165,2.8184553784371684,0.5337474163645504,0.9850331506656722,-0.4512857343011218,Mediterranean,unknown,original,D,False,245,297,52,Heavy Main,7.36957344869248,52.034,Protein Main
keftedes,4.6633,7.4303,0.528921603586283,9.492,2729.71,0.5,1.5397233520209026,-0.6369150554855815,2.176638407506484,-0.6974183232459892,1.579070814819481,-2.27648913806547,Greek,pan_fry,expanded,E,False,314,310,-4,Full Main,6.860790766559553,44.074,Other
khao_man_gai,5.2167,6.973,0.2492308730802638,2.5045,1409.345,0.4,1.651865018073996,-1.3893756109773148,3.0412406290513108,-0.4272219716039867,-0.0824497920105108,-0.3447721795934759,Thai,boil,expanded,C,False,199,186,-13,Full Main,4.976155331456192,54.23,Other
kibbeh,7.7129,7.6081,0.4201524414376171,3.626,1575.9399999999998,1.0,2.042894251743997,-0.8671376777533967,2.9100319294973938,0.7915422730088895,0.932920676162126,-0.1413784031532365,Lebanese,deep_fry,expanded,D,False,228,295,67,Heavy Main,5.317414021521978,38.835,Other
kimbap,8.3893,7.307,0.1364470620417334,2.6715,1000.1,0.0,2.126957084340491,-1.9918185634503345,4.118775647790825,1.121793108300993,-0.752449208216781,1.8742423165177744,Korean,unknown,original,A,False,40,56,16,Light Main,5.83820041583517,16.53,Other
kimchi,3.7433,7.178,0.0107893163244967,0.1615,115.8,0.0,1.3199675753230935,-4.529198863675368,5.849166438998461,-1.1466063310353671,-1.4989270537258537,0.3523207226904865,Korean,unknown,original,A,False,5,3,-2,Side/Snack,22.25429162244664,5.75,Salad/Cold/Side
kimchi_jjigae,3.9581,6.817,0.1738305685587496,1.121,782.3,0.4,1.3757641121467097,-1.749674198079432,3.1254383102261416,-1.0417306961732384,-0.53037010562654,-0.5113605905466985,Korean,unknown,original,C,False,185,97,-88,Light Main,10.041783192225672,31.28,Salad/Cold/Side
kitfo,6.1523,7.5087,0.5233179288846862,12.36,3269.59,0.0,1.816825995643776,-0.6475661049933105,2.4643921006370864,0.0295827024044288,1.5457818281811673,-1.5161991257767384,African,raw,expanded,E,False,287,309,22,Heavy Main,6.589719532003938,53.470000000000006,Other
kofte,4.9488,7.2882,0.5200499512413249,9.3335,2393.36,0.6,1.5991451229486682,-0.653830411940667,2.252975534889335,-0.5580235664809154,1.5263681987509718,-2.0843917652318877,Turkish,grill,expanded,E,False,306,308,2,Full Main,9.682582061436689,41.87199999999999,Other
koobideh,8.4548,7.2432,0.6431374471788253,12.3104,3118.4300000000003,0.6,2.1347343274285446,-0.4413968183671966,2.576131145795741,1.1537733414642588,2.257577311663845,-1.103803970199586,Persian,grill,expanded,E,False,276,319,43,Full Main,8.973188695267659,52.752,Other
korean_fried_chicken,4.6144,6.228,0.3907836556182036,2.5675,1444.4,1.0,1.529181848668438,-0.9396011825688586,2.4687830312372965,-0.7212936423556636,0.7584535325844743,-1.479747174940138,Korean,unknown,original,E,False,285,280,-5,Heavy Main,2.9301046339696315,65.83999999999999,Protein Main
korma,8.4066,7.243,0.2480675328093393,2.2049,1407.1,0.4,2.129017111623104,-1.394054260171638,3.523071371794742,1.130239795838771,-0.0893606890195006,1.2196004848582718,Indian,unknown,original,B,False,109,185,76,Full Main,5.666904531748068,59.84200000000001,Other
kunefe,8.4548,7.7086,0.284870239117631,2.613,735.27,0.8,2.1347343274285446,-1.25572150373626,3.3904558311648048,1.1537733414642588,0.1292681329214638,1.024505208542795,Turkish,bake,expanded,C,False,136,227,91,Heavy Main,3.5584920303957,26.27,Other
kung_pao_chicken,4.6754,6.489,0.2407579913425084,1.9045,1127.7,0.5,1.5423147205778005,-1.4239630353241268,2.966277755901927,-0.6915105244478896,-0.1327834858767476,-0.558727038571142,Chinese,unknown,original,D,False,217,177,-40,Heavy Main,5.284238072104764,58.24500000000001,Protein Main
labneh,6.1523,7.7099,0.045353367769428,0.7909,456.48,0.0,1.816825995643776,-3.093270843448864,4.910096839092639,0.0295827024044288,-1.293597103650696,1.3231798060551248,Lebanese,cold,expanded,A,False,17,19,2,Light Main,7.880384623800427,20.0,Other
lagman,5.9359,7.6892,0.2345345114302771,2.6095,1203.9349999999995,0.4,1.781018659361992,-1.450152531645919,3.2311711910079106,-0.0760741289929858,-0.1697544648636335,0.0936803358706476,Central Asian,boil,expanded,C,False,173,168,-5,Heavy Main,5.085214597079004,41.05,Other
lahmacun,7.9826,7.7783,0.3993846022337299,5.4125,1402.11,0.8,2.0772641729320283,-0.9178304109876204,2.995094583919649,0.9232227139880144,0.8095480040175705,0.1136747099704439,Turkish,bake,expanded,D,False,212,285,73,Full Main,7.266143639823261,29.76,Other
laksa,6.1523,7.3046,0.1932544214695525,1.8185,907.245,0.4,1.816825995643776,-1.643747712244372,3.460573707888148,0.0295827024044288,-0.4149814696966153,0.4445641721010441,Indonesian,simmer,expanded,B,False,117,120,3,Heavy Main,3.009410062874047,23.58,Noodle/Rice
larb,8.3075,7.071,0.2198598697019789,1.4525,989.5,0.5,2.117158721246612,-1.5147648914724623,3.631923612719074,1.0818544354345023,-0.2569301091379438,1.3387845445724462,Thai,unknown,original,B,False,87,148,61,Full Main,7.386347703641985,43.925,Other
lasagna,6.4539,6.885,0.5943961798471784,9.715,2622.1,0.8,1.8646845992426115,-0.5202092125050639,2.3848938117476752,0.1768382493058161,1.9680267072229236,-1.7911884579171071,Italian,unknown,original,E,False,295,317,22,Heavy Main,5.635534435016224,63.81,Other
lo_mein,2.3516,6.505,0.1958151798842702,1.199,762.1,0.5,0.8550959475459627,-1.630584024392002,2.485679971937965,-1.8261008423837128,-0.399769121159111,-1.4263317212246016,Chinese,unknown,original,E,False,284,130,-154,Heavy Main,3.512615511435221,40.11500000000001,Noodle/Rice
lobster_roll,8.8667,7.177,0.1997214767272574,2.36,779.3,0.4,2.1823026865109734,-1.610831499389194,3.793134185900168,1.354882624516916,-0.3765635158490039,1.73144614036592,American,unknown,original,B,False,69,132,63,Full Main,7.154178257007173,42.03999999999999,Other
lomo_saltado,7.7129,7.2693,0.5341185394748995,9.9005,2687.33,0.5,2.042894251743997,-0.6271374806213602,2.670031732365357,0.7915422730088895,1.6099435436213558,-0.8184012706124664,South American,stir_fry,expanded,D,False,267,312,45,Heavy Main,6.745668108857776,44.23,Other
loukoumades,7.0959,7.7733,0.269907763552017,0.933,448.1,1.0,1.9595171524615305,-1.3096749948219737,3.269192147283504,0.4902933590892738,0.0403825933954307,0.4499107656938431,Greek,deep_fry,expanded,C,False,162,205,43,Heavy Main,1.2771309518475606,10.58,Other
lumpia,3.8468,7.2598,0.2834301385015858,1.109,566.74,1.0,1.3472416338561897,-1.260789611220467,2.6080312450766567,-1.096072680159062,0.1207131234467537,-1.216785803605816,Filipino,deep_fry,expanded,E,False,270,225,-45,Full Main,2.9836957423164323,21.08,Other
mac_and_cheese,6.1067,6.986,0.3013898684318615,2.8415,822.0,0.8,1.8093865290782607,-1.199350608378424,3.0087371374566847,0.0073186011487812,0.227404043515026,-0.2200854423662447,American,unknown,original,D,False,209,246,37,Heavy Main,4.53834148439158,37.48,Other
macarons,7.2606,7.4965,0.3030896685319408,1.2000000000000002,1321.0199999999998,0.8,1.9824624700499247,-1.193726581504135,3.17618905155406,0.5707077774402635,0.2375018143230316,0.3332059631172318,French,bake,expanded,C,False,180,247,67,Heavy Main,2.6160180928189134,17.939999999999998,Dessert
mafe,5.7087,7.036,0.1927050992098769,1.6499999999999997,944.07,0.4,1.7419913269939338,-1.646594242002861,3.3885855689967945,-0.18700403700358,-0.4182447535837506,0.2312407165801705,African,simmer,expanded,C,False,138,117,-21,Heavy Main,4.482504214524655,53.45,Other
malai_kofta,8.1087,7.1975,0.3646055679806885,3.16,1022.27,1.0,2.0929375593476065,-1.0089391453767045,3.1018767047243108,0.984790765925233,0.6029409348718492,0.3818498310533837,Indian,deep_fry,expanded,C,False,189,269,80,Heavy Main,4.687646563862099,30.86,Other
manakish,7.4181,7.4129,0.2410900318939242,1.266,551.7499999999999,0.8,2.0039229596991017,-1.422584838930406,3.426507798629508,0.6476068113824667,-0.130810977823004,0.7784177892054707,Lebanese,bake,expanded,B,False,128,178,50,Full Main,3.013245234297865,17.5,Other
mango_sticky_rice,8.5646,7.382,0.1575942646055001,1.1553,843.6,0.3,2.147637428992589,-1.8477314943176475,3.995368923310236,1.207382953698252,-0.626822903859332,1.834205857557584,Thai,unknown,original,A,False,51,82,31,Full Main,3.372001621055368,6.77,Other
manti_turkish,6.3586,7.6294,0.3164032495057304,5.378000000000001,1482.6900000000005,0.4,1.8498082273346304,-1.1507377728957056,3.000546000230336,0.1303082306728512,0.316591990456613,-0.1862837597837618,Turkish,boil,expanded,D,False,211,254,43,Full Main,6.096727943426654,32.305,Wrapped/Stuffed
manty,4.6633,7.4271,0.2208545689303118,2.8055000000000008,1256.99,0.3,1.5397233520209026,-1.5102508532191958,3.0499742052400984,-0.6974183232459892,-0.2510210349884971,-0.4463972882574921,Central Asian,steam,expanded,C,False,198,150,-48,Full Main,5.4594991376088124,33.83,Other
mapo_tofu,7.5825,6.879,0.2133064982371322,1.3605,933.4,0.5,2.025842960580599,-1.5450251887221362,3.5708681493027354,0.7278747553830902,-0.2958608299142625,1.0237355852973526,Chinese,unknown,original,B,False,98,142,44,Full Main,8.60080918884979,32.055,Other
massaman_curry,8.7381,7.313,0.5748645506702768,10.3715,3286.4,0.4,2.167692774730181,-0.5536208299860484,2.72131360471623,1.2920939529933135,1.8519978195165945,-0.559903866523281,Thai,unknown,original,D,False,263,316,53,Heavy Main,5.138990161751923,54.85,Other
meatloaf,4.0257,7.2313,0.7061207571069935,12.624,3262.42,0.8,1.3926988087928849,-0.3479690120543652,1.74066782084725,-1.0087251425574104,2.631733677670974,-3.640458820228385,American,bake,expanded,E,False,328,323,-5,Full Main,7.5282196718109216,59.97,Other
mee_goreng,3.6628,7.3103,0.1954133635557322,1.2715,804.9999999999999,0.5,1.29822788225144,-1.632638150945711,2.9308660331971508,-1.185910281716938,-0.4021561366630527,-0.7837541450538853,Indonesian,stir_fry,expanded,D,False,223,127,-96,Heavy Main,3.516836211713717,41.155,Other
minestrone,2.753,6.638,0.1196048159520431,0.5215,276.6,0.4,1.0126912261604704,-2.123562171118755,3.136253397279225,-1.630118161593869,-0.8525016443225248,-0.7776165172713438,Italian,unknown,original,C,False,184,46,-138,Light Main,4.155539071916477,7.750000000000001,Soup/Stew
miso_soup,3.5943,6.965,0.1090529409366971,0.4095,177.0,0.4,1.279349257331826,-2.2159218179984954,3.4952710753303213,-1.2193552583838645,-0.915185730230458,-0.3041695281534062,Japanese,unknown,original,B,False,110,40,-70,Side/Snack,11.038576807807578,11.52,Soup/Stew
mofongo,7.9826,7.1259,0.30598424460965,1.216,812.77,1.0,2.0772641729320283,-1.1842216665590777,3.261485839491105,0.9232227139880144,0.2546972279588349,0.6685254860291796,Caribbean,deep_fry,expanded,C,False,166,249,83,Full Main,3.479012302084743,19.22,Other
mole,5.2167,7.2974,0.2340693241587429,2.0695,1337.6650000000002,0.4,1.651865018073996,-1.4521379504112566,3.1040029684852524,-0.4272219716039867,-0.1725179394925234,-0.2547040321114633,Mexican,simmer,expanded,C,False,188,167,-21,Full Main,5.91632197820978,58.08,Other
moussaka,7.9968,7.124,0.5167985075858745,7.8365,2160.3,0.8,2.079041461658496,-0.660102214316145,2.739143675974641,0.9301558332386768,1.5070527905295286,-0.5768969572908517,Mediterranean,unknown,original,D,False,261,307,46,Full Main,7.445828200531096,42.78,Other
muhammara,6.9238,7.7094,0.0689125430117803,0.4645000000000001,826.565,0.0,1.9349647518592317,-2.6749170709159,4.609881822775131,0.4062659067625866,-1.153642321902057,1.5599082286646435,Lebanese,raw,expanded,A,False,25,32,7,Full Main,4.726321604004007,11.375000000000002,Other
mujaddara,4.0257,7.5951,0.1930589222252236,0.8800000000000001,1147.1,0.4,1.3926988087928849,-1.644759840166997,3.0374586489598814,-1.0087251425574104,-0.4161428454150184,-0.592582297142392,Lebanese,simmer,expanded,D,False,201,118,-83,Full Main,5.525330296859296,28.76,Other
naan,3.2794,7.203,0.2138116130018896,0.7861,284.2,0.8,1.187660478833631,-1.5426599647386732,2.730320443572304,-1.3731045014848158,-0.292860163467648,-1.0802443380171678,Indian,unknown,original,D,False,262,144,-118,Full Main,2.604989839468951,13.09,Wrapped/Stuffed
nachos,8.1233,6.823,0.2693445432591771,1.9215,668.3,0.8,2.0947364755547597,-1.3117638889834855,3.406500364538245,0.9919191843097164,0.0370367473566819,0.9548824369530344,Mexican,unknown,original,B,False,132,203,71,Heavy Main,6.003734887065874,33.135000000000005,Other
nasi_goreng,7.2606,7.3769,0.2281692407185525,1.8985,1040.595,0.5,1.9824624700499247,-1.477667641530802,3.460130111580727,0.5707077774402635,-0.2075677611300045,0.778275538570268,Indonesian,stir_fry,expanded,B,False,118,157,39,Full Main,4.1558645779425,27.975,Noodle/Rice
nasi_lemak,5.4694,7.1132,0.1665603804553572,1.5875,912.61,0.3,1.6991689212036942,-1.7923973899240595,3.491566311127754,-0.3038417438122738,-0.5735591213206327,0.2697173775083589,Indonesian,steam,expanded,B,False,112,89,-23,Full Main,4.158558713014158,24.1,Other
nasi_padang,8.3445,7.5521,0.2257431782942434,2.1065,1227.095,0.4,2.1216026392013205,-1.4883573051073131,3.609959944308634,1.0999196053129885,-0.2219799395534819,1.3218995448664703,Indonesian,simmer,expanded,B,False,91,155,64,Full Main,5.189403331676823,38.000000000000014,Other
nicoise_salad,5.2167,7.3713,0.0633398040954804,0.969,628.7400000000001,0.0,1.651865018073996,-2.7592413307801142,4.41110634885411,-0.4272219716039867,-1.1867475325365455,0.7595255609325589,French,cold,expanded,A,False,28,27,-1,Full Main,7.429491881319124,27.16,Salad/Cold/Side
okonomiyaki,4.2962,7.216,0.1942506282035568,1.149,755.9,0.5,1.4577309110577392,-1.6386060557444653,3.0963369668022045,-0.8766541033106421,-0.4090634401136673,-0.4675906631969747,Japanese,unknown,original,C,False,190,123,-67,Full Main,5.154674112031189,32.66,Other
onigiri,6.1067,7.085,0.0556931760085771,1.0421,436.0,0.0,1.8093865290782607,-2.887897652865271,4.697284181943532,0.0073186011487812,-1.2321728139399326,1.239491415088714,Japanese,unknown,original,A,False,22,24,2,Light Main,5.120408211317303,10.29,Other
orange_chicken,3.0317,6.438,0.3702907257974551,2.3175,1259.3,1.0,1.109123518293757,-0.9934668364816452,2.102590354775402,-1.4940434901037605,0.6367139771480395,-2.1307574672518,Chinese,unknown,original,E,False,320,272,-48,Heavy Main,3.1139524148594324,55.20000000000001,Protein Main
osso_buco,8.6082,7.166,0.934,15.8045,4119.8,1.2,2.1527152373502623,-0.0682788407532943,2.2209940781035566,1.228670559284792,3.985464840840141,-2.756794281555349,Italian,unknown,original,E,False,308,333,25,Heavy Main,6.367642185791094,67.1,Protein Main
oxtail_stew,6.5556,7.3162,0.928986539843908,15.7225,4088.225,1.2,1.8803196462075356,-0.0736610291388089,1.953980675346344,0.2264930540799246,3.955682061318641,-3.7291890072387166,Caribbean,braise,expanded,E,False,324,332,8,Heavy Main,7.254965805969722,74.98999999999998,Protein Main
pad_see_ew,6.9342,6.887,0.2391870645940731,1.991,1086.4,0.5,1.9364656902273136,-1.4305093361518917,3.366975026379205,0.4113436842419447,-0.1421156763273335,0.5534593605692782,Thai,unknown,original,C,False,146,176,30,Heavy Main,3.580710836564481,37.475,Noodle/Rice
pad_thai,6.1571,6.777,0.2390955383002528,2.316,1001.9,0.5,1.8176058874733196,-1.4308920650840489,3.2484979525573685,0.0319262920102862,-0.1426593941079481,0.1745856861182343,Thai,unknown,original,C,False,168,175,7,Heavy Main,3.515898622067992,37.61500000000001,Noodle/Rice
paella,8.2123,7.111,0.2576096497632017,2.681,1401.0,0.4,2.1056330303939435,-1.3563098251926804,3.461942855586624,1.0353732415849934,-0.0326751352189143,1.0680483768039075,Spanish,unknown,original,B,False,116,195,79,Heavy Main,6.160788853015076,47.42,Noodle/Rice
pajeon,6.1523,7.2748,0.1644038414617883,1.0375,489.16,0.5,1.816825995643776,-1.8054294300771612,3.622255425720937,0.0295827024044288,-0.5863701786294127,0.6159528810338415,Korean,pan_fry,expanded,B,False,89,85,-4,Full Main,4.042465852077682,21.97,Other
palak_paneer,7.4454,7.231,0.2075051881169707,2.7469,774.7,0.4,2.007596392026492,-1.5725989366506006,3.5801953286770924,0.6609359772657821,-0.3303238823501468,0.991259859615929,Indian,unknown,original,B,False,96,139,43,Heavy Main,8.136648961259176,32.862,Other
pancake,5.2029,7.162,0.1740145033925502,1.1345,513.5,0.5,1.6492161624425126,-1.748616630410514,3.3978327928530265,-0.4339597917208277,-0.5292774290257795,0.0953176373049517,American,unknown,original,B,False,134,98,-36,Full Main,3.5763263454288983,17.735000000000003,Other
paneer_butter,8.4548,7.0638,0.25735879951274,4.1755,1076.6750000000002,0.4,2.1347343274285446,-1.3572840606847976,3.492018388113342,1.1537733414642588,-0.0341653271162881,1.1879386685805469,Indian,simmer,expanded,B,False,111,194,83,Heavy Main,5.087228729552255,39.690000000000005,Other
paneer_tikka,8.7381,7.1,0.2850173554547919,3.7719,919.3,0.6,2.167692774730181,-1.2552052042349895,3.422897978965171,1.2920939529933135,0.1301420868968135,1.1619518660965,Indian,unknown,original,B,False,130,228,98,Heavy Main,8.440988214365182,43.622,Other
panna_cotta,7.8093,7.57,0.0769170517835727,1.4655,585.5,0.0,2.0553153311535266,-2.5650276873427966,4.620343018496323,0.8386093642598634,-1.106091027485461,1.9447003917453245,Italian,unknown,original,A,False,23,34,11,Full Main,1.0262823559013892,4.8,Dessert
pao_de_queijo,3.2587,7.0552,0.2428052824914401,1.7550000000000003,446.35,0.8,1.181328342841382,-1.4154954634789334,2.5968238063203155,-1.3832112316600766,-0.1206214223504504,-1.2625898093096262,South American,bake,expanded,E,False,272,179,-93,Full Main,5.862766404562071,18.55,Other
papaya_salad,5.6087,7.193,0.0108332800613693,0.201,106.2,0.0,1.7243189636260203,-4.52513239573871,6.2494513593647305,-0.2358288204589475,-1.4986658843455352,1.2628370638865876,Thai,unknown,original,A,False,3,4,1,Side/Snack,6.584247563699618,5.715,Salad/Cold/Side
pasta_bolognese,7.1684,7.058,0.3871269799507092,6.6765,1951.1,0.4,1.9696824776870965,-0.949002526202116,2.9186850038892125,0.5256913270944149,0.7367308177735701,-0.2110394906791551,Italian,unknown,original,D,False,227,278,51,Heavy Main,5.790065037713941,43.255,Noodle/Rice
pasta_carbonara,3.9581,7.116,0.20538029673412,1.8885,969.1,0.4,1.3757641121467097,-1.5828919124076954,2.958656024554405,-1.0417306961732384,-0.3429469350108281,-0.6987837611624104,Italian,unknown,original,D,False,218,135,-83,Heavy Main,4.558069855242271,56.308,Noodle/Rice
pasteis_de_nata,5.2167,7.3468,0.2510483708520002,1.501,611.92,0.8,1.651865018073996,-1.382109645859263,3.033974663933259,-0.4272219716039867,-0.0716528306841765,-0.3555691409198101,Portuguese,bake,expanded,D,False,204,187,-17,Heavy Main,1.877527256693924,12.74,Other
pastelitos,6.9238,7.5647,0.3065621564613411,1.573,727.64,1.0,1.9349647518592317,-1.1823347498384835,3.1172995016977154,0.4062659067625866,0.2581303501391045,0.1481355566234821,Caribbean,deep_fry,expanded,C,False,186,250,64,Heavy Main,2.910169747295802,29.38,Other
pastitsio,4.0257,7.1429,0.5295074333734805,8.072000000000001,2294.46,0.8,1.3926988087928849,-0.6358080755623863,2.028506884355271,-1.0087251425574104,1.5825509740001673,-2.591276116557577,Greek,bake,expanded,E,False,322,311,-11,Heavy Main,4.746911559690789,60.78,Other
patatas_bravas,5.9025,7.31,0.2824044679241891,0.9015,553.7,1.0,1.775375989977531,-1.264414952226912,3.039790942204443,-0.0923816066670786,0.1146200620246584,-0.2070016686917371,Spanish,unknown,original,C,False,200,223,23,Full Main,3.127943481510723,5.59,Other
pav_bhaji,4.0257,6.8956,0.1166340260317642,0.704,265.27,0.4,1.3926988087928849,-2.14871422918223,3.541413037975115,-1.0087251425574104,-0.8701498111465589,-0.1385753314108515,Indian,simmer,expanded,B,False,105,44,-61,Full Main,5.136402059478983,8.56,Other
peking_duck,9.5503,7.07,0.3637668649375477,2.945,1554.1,0.8,2.256572567611807,-1.0112420974817378,3.267814665093545,1.6886488442178065,0.5979585660008169,1.0906902782169894,Chinese,unknown,original,C,False,164,267,103,Heavy Main,3.8075314895790737,62.56499999999999,Other
penne_arrabbiata,7.4601,7.216,0.1413938119152791,0.7355,486.7,0.4,2.009568818951563,-1.9562062894526868,3.96577510840425,0.6681132204337209,-0.7230627253796139,1.3911759458133348,Italian,unknown,original,A,False,56,59,3,Full Main,3.265122614994569,18.236,Other
pernil,5.7087,7.2536,0.3931432205868955,2.6655,2035.385,0.8,1.7419913269939338,-0.933581304526697,2.6755726315206307,-0.18700403700358,0.772470678635553,-0.959474715639133,Caribbean,roast,expanded,D,False,265,281,16,Heavy Main,4.396603053914308,83.07999999999998,Other
pho,8.3893,6.974,0.395002904915845,6.945,1978.0,0.4,2.126957084340491,-0.9288621598907282,3.0558192442312198,1.121793108300993,0.783518251893194,0.3382748564077993,Vietnamese,unknown,original,C,False,196,283,87,Heavy Main,4.622826055872258,33.29,Noodle/Rice
picanha,7.0959,7.4037,0.7671063086509742,15.2865,3854.4,0.6,1.9595171524615305,-0.2651298840238828,2.224647036485413,0.4902933590892738,2.9940222326970614,-2.503728873607788,South American,grill,expanded,E,False,307,324,17,Full Main,7.790044444444445,65.0,Protein Main
pide,4.9488,7.7344,0.4337136613633501,6.112,1638.08,0.8,1.5991451229486682,-0.8353707290672839,2.434515852015952,-0.5580235664809154,1.0134819672696052,-1.5715055337505206,Turkish,bake,expanded,E,False,293,299,6,Heavy Main,6.256490840230905,41.0,Other
pierogi,7.5688,7.3984,0.1424313635192919,1.2085,448.055,0.4,2.0240345344080977,-1.9488950548223776,3.9729295892304752,0.7211857600497054,-0.7168990839618314,1.4380848440115368,Polish,boil,expanded,A,False,54,60,6,Full Main,3.681755354967348,19.455,Wrapped/Stuffed
piri_piri,5.4694,7.5041,0.2866743619176335,2.166,1411.77,0.6,1.6991689212036942,-1.2494083348642628,2.9485772560679573,-0.3038417438122738,0.1399856393759422,-0.443827383188216,African,grill,expanded,D,False,222,231,9,Full Main,5.388311721568232,62.355,Other
pita,4.6139,7.042,0.2214726334827755,0.7217,393.9,0.8,1.5290734863480782,-1.5074562479978146,3.036529734345893,-0.7215377662729403,-0.2473493831307052,-0.474188383142235,Mediterranean,unknown,original,D,False,203,151,-52,Full Main,2.3762083963319816,14.0,Wrapped/Stuffed
pizza,5.6406,6.838,0.3198078040607087,2.9604,1015.5,0.8,1.7299904428304231,-1.140035075938477,2.8700255187689,-0.2202537145366852,0.3368169637331286,-0.5570706782698138,Italian,unknown,original,D,False,235,257,22,Heavy Main,4.736701930376628,38.18000000000001,Other
pizza_margherita,2.5585,7.126,0.2942943620278918,2.4919,825.4,0.8,0.9394211492630096,-1.2231747811538989,2.1625959304169085,-1.725082365414558,0.1852527355872999,-1.9103351010018577,Italian,unknown,original,E,False,317,240,-77,Heavy Main,4.722437596200869,32.796,Other
plantain,3.2587,7.3233,0.256694606304495,0.814,318.5,1.0,1.181328342841382,-1.359868202995074,2.5411965458364563,-1.3832112316600766,-0.0381110091931271,-1.3451002224669495,African,deep_fry,expanded,E,False,279,192,-87,Full Main,1.8757687303924744,2.75,Other
plov,3.6628,7.03,0.2947560645684604,3.6190000000000007,1674.045,0.4,1.29822788225144,-1.221607164480446,2.519835046731886,-1.185910281716938,0.1879955089498372,-1.373905790666775,Central Asian,simmer,expanded,E,False,282,241,-41,Heavy Main,5.281339987832837,32.534,Other
polenta,2.798,7.4648,0.1501811407834025,1.3810000000000002,497.56,0.4,1.0289048762432895,-1.895913108231895,2.9248179844751845,-1.6081470090389534,-0.6708610382984439,-0.9372859707405096,Italian,boil,expanded,D,False,225,70,-155,Full Main,4.464163988703867,14.13,Other
pot_roast,3.2587,7.0053,0.9118051850146176,15.646,3899.51,1.2,1.181328342841382,-0.092328924648864,1.2736572674902462,-1.3832112316600766,3.85361512813685,-5.236826359796927,American,braise,expanded,E,False,334,331,-3,Heavy Main,7.67392984082831,67.39999999999999,Protein Main
poutine,2.2532,7.3804,0.2927894152712246,2.0195000000000003,445.295,1.0,0.8123514280384219,-1.2283016475783792,2.040653075616801,-1.8741444293037937,0.1763125034821438,-2.050456932785938,American,deep_fry,expanded,E,False,321,239,-82,Full Main,6.223123972701802,19.135,Other
pozole,4.3612,7.237,0.1813985581478384,1.1925,856.0,0.4,1.4727472488500897,-1.7070586898010562,3.179805938651146,-0.8449179940646532,-0.4854119812303678,-0.3595060128342854,Mexican,unknown,original,C,False,179,106,-73,Full Main,7.03741196587768,37.2,Soup/Stew
pretzel,5.7087,7.2801,0.207120970625836,0.7045,284.53000000000003,0.8,1.7419913269939338,-1.574452257252829,3.3164435842467626,-0.18700403700358,-0.3326063508390732,0.1456023138354931,German,bake,expanded,C,False,152,138,-14,Full Main,2.125319556407933,12.09,Bread/Pastry
profiterole,4.3571,7.482,0.277099260390222,1.789,853.6599999999999,0.8,1.4718066984441045,-1.2833794962245904,2.755186194668694,-0.8469198101863233,0.0831041386143672,-0.9300239488006906,French,bake,expanded,D,False,258,215,-43,Heavy Main,2.2847259367852906,12.97,Other
prosciutto,8.4548,7.3345,0.0648074671569017,1.039,628.48,0.0,2.1347343274285446,-2.7363344483600205,4.871068775788565,1.1537733414642588,-1.1780287865987635,2.331802128063022,Italian,cold,expanded,A,False,20,29,9,Light Main,6.215113696029727,29.54,Other
pulled_pork,8.4804,6.972,0.4097443133224298,2.1585,1244.8,1.2,2.137757618502672,-0.892221939862241,3.029979558364913,1.1662724860288325,0.8710905278743258,0.2951819581545064,American,unknown,original,D,False,206,290,84,Full Main,5.801381816707488,55.45,Protein Main
pupusa,7.5688,7.4362,0.1955979718318633,1.5295,740.65,0.5,2.0240345344080977,-1.631693890392932,3.6557284248010298,0.7211857600497054,-0.4010594594352151,1.1222452194849204,Caribbean,pan_fry,expanded,B,False,82,128,46,Full Main,6.741842838930217,31.21,Wrapped/Stuffed
quesadilla,7.8093,6.777,0.2259953170821839,2.5205,790.1,0.5,2.0553153311535266,-1.487241000799824,3.5425563319533504,0.8386093642598634,-0.2204820930171082,1.0590914572769716,Mexican,unknown,original,B,False,104,156,52,Full Main,6.619688171946806,41.505,Wrapped/Stuffed
quiche,6.3562,7.306,0.3547504593313247,3.3045,1352.2,0.8,1.8494307145104407,-1.0363406681399348,2.8857713826503755,0.1291364358699225,0.544396033959897,-0.4152595980899744,French,unknown,original,D,False,230,266,36,Heavy Main,3.6503040934716,47.85,Other
raclette,5.2167,7.603,0.2387250995474016,2.889,643.4,0.6,1.651865018073996,-1.4324426001498258,3.084307618223822,-0.4272219716039867,-0.1448600091241023,-0.2823619624798844,Swiss,grill,expanded,C,False,191,174,-17,Full Main,7.78475169259552,32.22,Other
raita,6.0561,6.859,0.0280594219823921,0.5678,221.6,0.0,1.8010660285483546,-3.5734308038645355,5.37449683241289,-0.0173867392796346,-1.3963328905914163,1.3789461513117818,Indian,unknown,original,A,False,11,8,-3,Side/Snack,16.06481082445208,15.926,Salad/Cold/Side
ramen,2.0123,6.942,0.1942964691225439,1.321,979.9,0.4,0.6992783464901856,-1.6383700950616278,2.337648441551813,-1.9917633326477735,-0.4087911192133812,-1.5829722134343926,Japanese,unknown,original,E,False,299,126,-173,Heavy Main,4.330287221753668,45.43,Noodle/Rice
ratatouille,2.3516,7.242,0.1346233349410699,0.74,403.2,0.4,0.8550959475459627,-2.005274511707828,2.86037045925379,-1.8261008423837128,-0.7632831752685475,-1.0628176671151652,French,unknown,original,D,False,237,52,-185,Light Main,8.153898824734528,3.84,Other
ravioli,6.7444,7.222,0.1935701450266944,2.0345,788.0,0.4,1.9087125309216884,-1.6421153256040386,3.5508278565257267,0.3186742452436578,-0.413105893787096,0.7317801390307538,Italian,unknown,original,B,False,102,121,19,Heavy Main,5.570406737884153,31.24,Other
red_curry,7.1218,7.176,0.2608840882697989,2.335,1529.6,0.4,1.963160502461841,-1.3436790765498106,3.306839579011652,0.5029389780042139,-0.0132231246189713,0.5161621026231853,Thai,unknown,original,C,False,154,198,44,Heavy Main,4.781676962725137,45.84999999999999,Other
rendang,8.6612,7.3914,0.8130001292883734,12.8131,3431.89,1.2,2.158853281103997,-0.2070240104080495,2.365877291512047,1.254547694516136,3.26665739860778,-2.012109704091644,Indonesian,braise,expanded,E,False,297,329,32,Heavy Main,7.221964945348976,57.497,Protein Main
ribs,8.5646,7.004,0.5441126977074214,3.0445,1849.0,1.5,2.147637428992589,-0.6085988886785316,2.756236317671121,1.207382953698252,1.6693144774424802,-0.4619315237442283,American,unknown,original,D,False,257,313,56,Heavy Main,4.905990405990406,83.08999999999999,Protein Main
rice_and_peas,7.4181,7.0251,0.1843953955683595,1.2425,948.425,0.4,2.0039229596991017,-1.6906729379742171,3.694595897673319,0.6476068113824667,-0.467609077571364,1.1152158889538306,Caribbean,simmer,expanded,B,False,78,107,29,Full Main,4.337080820569603,19.94,Other
risotto,8.4772,7.082,0.1798937436216193,1.7245,701.2,0.4,2.137380206600282,-1.7153889156085966,3.852769122208879,1.1647100929582608,-0.4943514278121211,1.6590615207703818,Italian,unknown,original,A,False,64,104,40,Full Main,3.5798901204952163,15.500000000000002,Noodle/Rice
rojak,2.2532,7.0849,0.00285504702091,0.135,110.14,0.0,0.8123514280384219,-5.858666966339034,6.671018394377456,-1.8741444293037937,-1.5460610861058228,-0.328083343197971,Indonesian,cold,expanded,A,True,2,1,-1,Side/Snack,5.46689643808107,6.57,Salad/Cold/Side
roti_caribbean,2.2532,6.949,0.1967827292452522,1.0955,867.0400000000001,0.5,0.8123514280384219,-1.625655056115075,2.438006484153497,-1.8741444293037937,-0.3940213325266872,-1.4801230967771066,Caribbean,pan_fry,expanded,E,False,292,131,-161,Heavy Main,4.544869051765605,43.31,Wrapped/Stuffed
saganaki,8.1087,7.5151,0.2233837961242186,2.5045,826.125,0.5,2.0929375593476065,-1.4988639279937144,3.591801487341321,0.984790765925233,-0.2359959996774304,1.2207867656026634,Greek,pan_fry,expanded,B,False,95,153,58,Full Main,5.304538288219443,26.61,Other
salt_pepper_squid,5.9359,7.2281,0.2891595326065388,1.6879,486.84,1.0,1.781018659361992,-1.2407767272348758,3.0217953865968674,-0.0760741289929858,0.1547489542117092,-0.2308230832046951,Chinese,deep_fry,expanded,D,False,208,233,25,Full Main,5.492146216979035,35.512,Other
samgyeopsal,4.5518,7.223,0.274564609930532,1.809,1295.8,0.6,1.515522759127676,-1.2925686725753445,2.808091431703021,-0.7518579567987234,0.068046886047338,-0.8199048428460615,Korean,unknown,original,D,False,247,213,-34,Full Main,6.004749086543282,56.93000000000001,Other
samosa,6.6002,7.343,0.2564875522755967,0.7475,278.0,1.0,1.8870999516035556,-1.3606751446888634,3.247775096292419,0.2482689075010184,-0.0393410268455506,0.287609934346569,Indian,unknown,original,C,False,169,190,21,Full Main,2.7594956023504165,8.113999999999999,Wrapped/Stuffed
sancocho,7.5688,7.5097,0.1744279861970753,1.3864999999999998,790.325,0.4,2.0240345344080977,-1.7462433090678966,3.770277843475994,0.7211857600497054,-0.5268211080778332,1.2480068681275385,South American,simmer,expanded,B,False,72,99,27,Full Main,6.732211731610407,40.46,Soup/Stew
sardines_grilled,2.2532,6.8794,0.1916051199035331,1.4288999999999998,448.55,0.6,0.8123514280384219,-1.652318691967675,2.4646701200060965,-1.8741444293037937,-0.4247792507452054,-1.4493651785585886,Portuguese,grill,expanded,E,False,286,115,-171,Light Main,8.659648664145935,40.11,Other
sashimi,6.2072,7.112,0.0629854347994419,1.8165,326.0,0.0,1.8257099085976023,-2.7648517729796307,4.590561681577233,0.0563875085214254,-1.188852685920537,1.2452401944419624,Japanese,unknown,original,A,False,26,26,0,Light Main,8.188471541764956,31.73,Other
satay,7.3074,7.066,0.2351079257839079,1.5179,890.6,0.6,1.9888875333389828,-1.4477106116100291,3.436598144949012,0.5935577760973755,-0.1663480603571774,0.7599058364545529,Thai,unknown,original,B,False,123,170,47,Full Main,5.2526222761737325,45.294,Protein Main
satay_indonesian,6.1523,7.1925,0.253680020757254,1.846,1094.0449999999998,0.6,1.816825995643776,-1.37168156692749,3.1885075625712656,0.0295827024044288,-0.0560193467298442,0.0856020491342731,Indonesian,grill,expanded,C,False,177,189,12,Full Main,5.260890461744486,60.275000000000006,Protein Main
scallion_pancake,8.4333,6.964,0.145579254449721,0.5236,324.4,0.5,2.132188154488383,-1.9270346365462363,4.059222791034619,1.1432760130213542,-0.698198837301892,1.8414748503232463,Chinese,unknown,original,A,False,45,65,20,Full Main,1.7435135764586682,10.44,Other
schnitzel,7.4181,7.3505,0.3886454747417314,2.279,1541.3300000000002,1.0,2.0039229596991017,-0.9450877269045544,2.949010686603656,0.6476068113824667,0.7457515328401104,-0.0981447214576437,German,deep_fry,expanded,D,False,221,279,58,Heavy Main,3.5231380419219307,63.080000000000005,Other
sfeeha,8.3445,7.9096,0.3120068417868014,2.51,1091.1,0.8,2.1216026392013205,-1.1647301626092368,3.2863328018105573,1.0999196053129885,0.290474850257468,0.8094447550555204,Lebanese,bake,expanded,C,False,160,253,93,Full Main,5.622069983543633,30.01,Other
shakshuka,8.6612,7.4834,0.1566349541233384,1.166,631.355,0.4,2.158853281103997,-1.853837313925264,4.0126905950292615,1.254547694516136,-0.6325217489071318,1.887069443423268,African,simmer,expanded,A,False,48,81,33,Light Main,9.514213169950876,15.644000000000002,Other
shashlik,7.4181,7.5325,0.4082318573771191,5.1215,2123.8,0.6,2.0039229596991017,-0.8959199881016098,2.8998429478007117,0.6476068113824667,0.8621056869555377,-0.214498875573071,Central Asian,grill,expanded,D,False,229,288,59,Full Main,7.130093568878564,51.352,Other
shawarma,7.8544,7.158,0.3031312637237955,2.0475,1046.9,0.8,2.061073884321651,-1.1935893536728055,3.2546632379944564,0.8606293415982339,0.2377489132107445,0.6228804283874894,Mediterranean,unknown,original,C,False,167,248,81,Full Main,6.336045956379411,57.934000000000005,Wrapped/Stuffed
simit,7.9826,7.8361,0.2085930123056449,0.5860000000000001,332.975,0.8,2.0772641729320283,-1.567370235031931,3.64463440796396,0.9232227139880144,-0.3238615934397483,1.2470843074277629,Turkish,bake,expanded,B,False,85,140,55,Full Main,3.474309623894112,12.685,Bread/Pastry
sinigang,7.7129,7.0812,0.1879552349351595,1.434,942.19,0.4,2.042894251743997,-1.671551456552386,3.7144457082963833,0.7915422730088895,-0.4464616249752703,1.23800389798416,Filipino,simmer,expanded,B,False,75,112,37,Full Main,7.724321542639486,43.18999999999999,Other
sisig,8.4418,7.2971,0.2742649021074548,1.899,1330.12,0.6,2.133195556011202,-1.2936608436277215,3.426856399638924,1.1474261196150612,0.0662664526265736,1.0811596669884875,Filipino,grill,expanded,B,False,127,212,85,Full Main,6.711926280347335,60.02,Other
som_tam,8.4548,7.1529,0.0035871560812386,0.181,107.15,0.0,2.1347343274285446,-5.630395568348659,7.7651298957772035,1.1537733414642588,-1.5417119455819943,2.695485287046253,Thai,cold,expanded,A,True,1,2,1,Side/Snack,6.444002234324814,5.859999999999999,Salad/Cold/Side
sopes,8.2292,7.6013,0.1586691847014456,0.9075,453.135,0.5,2.1076888046179385,-1.8409338435776592,3.948622648195598,1.0436246299889504,-0.6204372725340541,1.6640619025230046,Mexican,pan_fry,expanded,A,False,58,83,25,Light Main,6.108821121328479,16.685000000000002,Other
souffle,5.7318,7.419,0.2974611158696626,2.5855,839.9,0.8,1.7460296175218806,-1.212471765497946,2.9585013830198266,-0.1757255120253905,0.2040650385740343,-0.3797905505994248,French,unknown,original,D,False,219,244,25,Full Main,6.01692675092926,31.76,Other
soup,3.7433,6.733,0.1268497208512982,0.7254,312.4,0.4,1.3199675753230935,-2.0647521935597,3.384719768882793,-1.1466063310353671,-0.8094628251136885,-0.3371435059216786,Other,unknown,original,C,False,141,50,-91,Light Main,5.348555646949937,13.89,Other
souvlaki,8.5603,7.2506,0.2720715998352537,1.768,1337.3199999999997,0.6,2.1471352362685003,-1.3016900126378788,3.4488252489063798,1.2052834880096708,0.0532370007184749,1.1520464872911955,Greek,grill,expanded,B,False,121,209,88,Heavy Main,5.273905249795195,55.07,Other
spaetzle,2.2532,7.3799,0.139575093353475,0.9005000000000001,492.895,0.4,0.8123514280384219,-1.9691525189449908,2.7815039469834124,-1.8741444293037937,-0.7338669388871355,-1.1402774904166584,German,boil,expanded,D,False,252,58,-194,Full Main,3.398011458030568,18.685,Other
spanakopita,4.7362,7.365,0.2741309781639822,2.1975,655.7,0.8,1.5552351264197843,-1.2941492643141377,2.8493843907339222,-0.6618250561070262,0.0654708689065658,-0.7272959250135921,Mediterranean,unknown,original,D,False,238,211,-27,Full Main,6.8423608264245726,28.53,Wrapped/Stuffed
spring_rolls,7.0283,6.845,0.2903988081034614,1.1495,587.3,1.0,1.9499448558110808,-1.2365001003668423,3.186444956177923,0.4572878054734453,0.1621109492694327,0.2951768562040125,Chinese,unknown,original,C,False,178,236,58,Full Main,3.0163607545917364,22.545,Wrapped/Stuffed
steak,5.4249,6.761,0.7815011469219191,15.4751,3955.0,0.6,1.6909994660769063,-0.2465386615312551,1.9375381276081616,-0.3255687724499123,3.0795356867035224,-3.405104459153435,American,unknown,original,E,False,325,327,2,Heavy Main,6.6841435597979055,65.663,Protein Main
stroganoff,5.4694,7.2623,0.6202507674104062,11.875,3222.745,0.5,1.6991689212036942,-0.4776314191511675,2.1768003403548617,-0.3038417438122738,2.121617532130397,-2.425459275942671,Russian,saute,expanded,E,False,313,318,5,Heavy Main,4.682940391708427,63.17499999999999,Other
sundubu_jjigae,7.7188,7.119,0.1660415503417002,1.23,659.6,0.4,2.043658911540064,-1.795517218682975,3.839176130223039,0.7944229352327559,-0.5766412646713451,1.3710641999041009,Korean,unknown,original,A,False,66,88,22,Light Main,12.838609134837954,24.75,Other
sushi,5.081,6.974,0.0640243446175479,1.1451,510.9,0.0,1.625508092611595,-2.748491883301179,4.373999975912774,-0.4934772027529199,-1.1826809759453865,0.6892037731924665,Japanese,unknown,original,A,False,31,28,-3,Light Main,5.118091983454469,20.05,Wrapped/Stuffed
suya,8.5603,7.4566,0.655841093852841,12.423,3243.5,0.6,2.1471352362685003,-0.421836754362105,2.568971990630605,1.2052834880096708,2.333044134223808,-1.1277606462141374,African,grill,expanded,E,False,277,321,44,Heavy Main,6.751536287210127,61.16,Protein Main
sweet_and_sour,4.2962,6.416,0.3685525819004364,2.1365,1284.6,1.0,1.4577309110577392,-0.9981718858078552,2.4559027968655944,-0.8766541033106421,0.6263884225709984,-1.5030425258816404,Chinese,unknown,original,E,False,288,271,-17,Heavy Main,4.184389818106604,48.7,Other
tabbouleh,6.6965,7.356,0.0422978507033765,0.3775,443.6,0.0,1.90158500184504,-3.1630190050156988,5.064604006860739,0.2952871739685372,-1.311748597483117,1.607035771451654,Mediterranean,unknown,original,A,False,15,18,3,Full Main,2.8244492736396043,7.3,Salad/Cold/Side
taco,6.6002,7.05,0.418539769036379,6.887,1744.0,0.6,1.8870999516035556,-0.870983366001421,2.758083317604976,0.2482689075010184,0.9233404930009776,-0.6750715854999592,Mexican,unknown,original,D,False,256,294,38,Full Main,8.093634305325564,36.815000000000005,Wrapped/Stuffed
tagine,3.7665,7.4859,0.5588869032456304,5.167500000000001,2322.09,1.2,1.3261461882836123,-0.5818081460717033,1.907954334355316,-1.135278981273722,1.7570815868739016,-2.892360568147624,African,braise,expanded,E,False,326,315,-11,Heavy Main,6.47913881713778,55.904,Other
tahdig,8.6612,7.2985,0.1874786263494951,1.4775,655.56,0.5,2.158853281103997,-1.6740904328720376,3.832943713976035,1.254547694516136,-0.4492929486485318,1.7038406431646678,Persian,pan_fry,expanded,A,False,67,111,44,Full Main,2.481923022234196,8.694,Other
takoyaki,6.3849,7.144,0.1512882831212846,0.818,318.3,0.5,1.8539358276547304,-1.888568102552826,3.742503930207557,0.1431491487216128,-0.6642839886916982,0.807433137413311,Japanese,unknown,original,B,False,73,74,1,Light Main,6.541669065852863,20.140000000000004,Other
tamagoyaki,4.9488,6.8993,0.1557918010710155,0.8474999999999999,433.71,0.5,1.5991451229486682,-1.859234771634868,3.458379894583536,-0.5580235664809154,-0.6375305533412705,0.079506986860355,Japanese,pan_fry,expanded,B,False,119,79,-40,Light Main,7.145378451097542,15.385,Other
tamale,8.034,7.247,0.1372645889738489,0.8955,663.0,0.3,2.0836825359370907,-1.985844909349968,4.069527445287059,0.9483186526840736,-0.7475926373826639,1.6959112900667377,Mexican,unknown,original,A,False,44,57,13,Full Main,4.743875649048064,25.765,Wrapped/Stuffed
tandoori_chicken,4.489,7.061,0.2790571517430138,2.2714,1231.8,0.6,1.501629959799795,-1.276338673181596,2.7779686329813917,-0.782519920808694,0.0947351169550236,-0.8772550377637177,Indian,unknown,original,D,False,254,217,-37,Full Main,7.793487181808099,68.57200000000002,Protein Main
tapas,7.0751,7.397,0.1942673219562087,1.37,699.4,0.5,1.956581577705032,-1.6385201201903663,3.595101697895398,0.4801378041305572,-0.408964269812291,0.8891020739428482,Spanish,unknown,original,B,False,94,125,31,Full Main,4.988899646940313,19.76,Other
tempura,7.4454,6.976,0.3320592974999239,2.3195,793.8,1.0,2.007596392026492,-1.1024417190864853,3.1100381111129773,0.6609359772657821,0.4095977411899648,0.2513382360758173,Japanese,unknown,original,C,False,187,263,76,Heavy Main,4.388097481651466,36.7,Other
teriyaki,3.3604,6.712,0.2907920050126571,2.45,1328.7,0.6,1.212060014508555,-1.23514702677961,2.447207041288165,-1.3335564268859683,0.1644467605635308,-1.4980031874494992,Japanese,unknown,original,E,False,290,237,-53,Full Main,4.819455503639936,53.32000000000001,Other
thai_iced_tea,5.6406,7.216,0.0243759548418201,0.3815,224.6,0.0,1.7299904428304231,-3.71415808986772,5.444148532698144,-0.2202537145366852,-1.418214761855326,1.1979610473186408,Thai,unknown,original,A,False,9,7,-2,Side/Snack,2.8233372687918146,2.64,Beverage
tikka_masala,6.5032,7.079,0.2352417448800396,2.3429,1215.7,0.4,1.8722943634502252,-1.44714159197171,3.319435955421936,0.200908867549312,-0.1655530994894793,0.3664619670387914,Indian,unknown,original,C,False,151,171,20,Heavy Main,5.463351114714079,57.232000000000006,Other
tiramisu,7.9892,7.448,0.1078809838214075,1.522,947.6,0.0,2.07809062960888,-2.226726661161836,4.304817290770716,0.9264451496960692,-0.9221478161524754,1.8485929658485445,Italian,unknown,original,A,False,33,39,6,Full Main,2.476707867776015,10.765,Dessert
tiropita,7.4181,7.7669,0.2824712241123217,2.543,724.23,0.8,2.0039229596991017,-1.2641785951331852,3.268101554832287,0.6476068113824667,0.1150166314140515,0.5325901799684152,Greek,bake,expanded,C,False,163,224,61,Heavy Main,4.816274817650145,29.96,Wrapped/Stuffed
tom_kha,5.4627,7.207,0.1858816088936304,1.2495,895.9,0.4,1.6979431730237702,-1.682645319252838,3.3805884922766083,-0.3071130043037836,-0.4587801326091362,0.1516671283053526,Thai,unknown,original,C,False,142,109,-33,Full Main,4.385090527375096,29.835000000000004,Other
tom_yum,7.7028,7.086,0.1541886022669634,1.563,430.0,0.4,2.041583899123596,-1.869578735844416,3.911162634968012,0.7866109698798971,-0.6470544579946657,1.4336654278745629,Thai,unknown,original,A,False,60,76,16,Side/Snack,19.071001432199186,27.715,Soup/Stew
tonkotsu_ramen,8.5603,7.1532,0.1856153352164573,1.2865,951.87,0.4,2.1471352362685003,-1.684078836954631,3.831214073223131,1.2052834880096708,-0.4603619483556899,1.6656454363653608,Japanese,boil,expanded,B,False,68,108,40,Heavy Main,4.2801280202241365,44.855,Noodle/Rice
tortilla_espanola,3.2587,7.1747,0.1919485336685301,1.0075,831.0999999999999,0.5,1.181328342841382,-1.6505279966969384,2.8318563395383203,-1.3832112316600766,-0.4227391793914667,-0.96047205226861,Spanish,pan_fry,expanded,D,False,242,116,-126,Full Main,4.797730230106571,17.040000000000003,Other
tostones,7.7129,7.2455,0.2569469812346993,0.8124,321.975,1.0,2.042894251743997,-1.3588855140670888,3.401779765811086,0.7915422730088895,-0.036611759838588,0.8281540328474775,Caribbean,deep_fry,expanded,B,False,133,193,60,Full Main,1.4873670784996265,2.52,Other
tteokbokki,5.2591,6.906,0.1505269670921717,1.1205,499.0,0.4,1.6599599094482913,-1.8936130275079344,3.553572936956225,-0.4065202634189111,-0.668806635074696,0.2622863716557848,Korean,unknown,original,B,False,101,71,-30,Light Main,5.112948764213202,12.544999999999998,Other
tzatziki,4.3571,7.1544,0.0328547225145804,0.6149999999999999,350.235,0.0,1.4718066984441045,-3.4156597844272043,4.887466482871309,-0.8469198101863233,-1.367846102217133,0.5209262920308098,Greek,cold,expanded,A,False,19,10,-9,Side/Snack,8.738381171646058,15.795,Salad/Cold/Side
udon,5.7463,6.941,0.1444559831100882,0.7345,524.2,0.4,1.7485561694273968,-1.9347804329893692,3.683336602416766,-0.1686459184243623,-0.7048717022712988,0.5362257838469365,Japanese,unknown,original,B,False,81,62,-19,Heavy Main,3.100668208364392,25.68,Noodle/Rice
uttapam,6.5556,7.271,0.1644797233120192,0.7845,555.38,0.5,1.8803196462075356,-1.8049679789150783,3.685287625122614,0.2264930540799246,-0.5859193976628252,0.8124124517427499,Indian,pan_fry,expanded,B,False,79,86,7,Light Main,7.248387982015187,15.800000000000002,Other
vindaloo,7.5825,7.325,0.2360593776690798,1.7869,1368.3,0.4,2.025842960580599,-1.4436719053098617,3.469514865890461,0.7278747553830902,-0.1606958998055558,0.8885706551886461,Indian,unknown,original,B,False,114,172,58,Heavy Main,5.759459373364141,58.352,Other
waffle,4.5518,7.266,0.1785825277098203,1.208,550.2,0.5,1.515522759127676,-1.7227044444976627,3.238227203625339,-0.7518579567987234,-0.5021407894885551,-0.2497171673101682,American,unknown,original,C,False,171,102,-69,Full Main,3.2753478270554166,17.78,Other
warak_enab,7.64,7.3835,0.2056933839172815,2.105,984.22,0.4,2.033397603178429,-1.5813686465872985,3.614766249765728,0.7559490058699264,-0.3410870206489326,1.097036026518859,Lebanese,simmer,expanded,B,False,90,136,46,Light Main,5.969346478086368,17.849999999999998,Other
wonton_noodle,8.4548,6.9994,0.1706561372336773,1.262,776.6949999999999,0.4,2.1347343274285446,-1.768104640410431,3.902838967838976,1.1537733414642588,-0.5492280171920458,1.7030013586563046,Chinese,boil,expanded,A,False,61,93,32,Heavy Main,4.1090725592570605,40.14,Other
wonton_soup,5.2029,6.753,0.1715262451683963,1.2425,723.1,0.4,1.6492161624425126,-1.763018991032632,3.4122351534751445,-0.4339597917208277,-0.5440590855614327,0.1100992938406049,Chinese,unknown,original,B,False,131,95,-36,Full Main,5.637598194850105,33.800000000000004,Other
xiao_long_bao,8.4772,7.102,0.1355547936033021,0.862,650.8,0.3,2.137380206600282,-1.9983793395660985,4.135759546166381,1.1647100929582608,-0.7577497857317934,1.9224598786900544,Chinese,unknown,original,A,False,39,55,16,Full Main,4.088325789009098,28.46,Other
yakitori,2.2428,6.842,0.2192980503856408,1.4135,725.1,0.6,0.8077250852673804,-1.5173235137681689,2.3250485990355494,-1.8792222067831523,-0.2602676325865117,-1.618954574196641,Japanese,unknown,original,E,False,300,146,-154,Light Main,5.334627279359067,36.645,Other
