dish_id,H_mean,H_median,H_std,H_n,H_q25,H_q75,H_ci95,H_iqr,cuisine,cook_method_h,H_bert,E_carbon,E_carbon_ingredients,E_carbon_cooking,E_water,E_water_ingredients,E_energy,E_land,cook_method_e,n_ingredients,total_grams,missing_ingredients,E_carbon_norm,E_water_norm,E_energy_norm,E_composite_equal,E_composite_carbon_first,E_composite_water_first,E_composite_energy_first,E_composite,DEI,log_H,log_E,log_DEI,Z_H,Z_E,DEI_z,DEI_equal,log_DEI_equal,DEI_carbon_first,log_DEI_carbon_first,DEI_water_first,log_DEI_water_first,DEI_energy_first,log_DEI_energy_first,DEI_tier
baba_ganoush,7.6778,7.984,1.228,500,7.714,8.021,0.108,0.308,Mediterranean,grill,7.495,0.6891,0.2996,0.38,485.7,484.7,0.8,0.5635,roast,6,257,,0.0433902704084894,0.1036079828582818,0.538,0.2283327510889237,0.1820971309188152,0.1971515590312632,0.3057495633166928,0.2283327510889237,33.62548720402312,2.038333047789222,-1.4769512793667894,3.5152843271560115,0.4810191918666815,-0.13270391825977204,0.6137231101264535,33.62548720402312,3.5152843271560115,42.16321235408708,3.7415480956873686,38.943643345891566,3.66211555863591,25.11140135970497,3.2233219804415887,B
baklava,7.9629,7.965,1.267,500,7.729,8.019,0.111,0.29,Mediterranean,bake,7.48,1.2435,0.854,0.38,987.8,986.8,0.8,2.13,bake,5,220,,0.0784766349165761,0.2274566473988439,0.538,0.28131109410514,0.230602479307999,0.267847482428566,0.345483320578855,0.28131109410514,28.306384521841387,2.0747932551153294,-1.2682941255681701,3.3430873806834995,0.6232503594242436,0.19756819470081452,0.425682164723429,28.306384521841387,3.3430873806834995,34.53085163652786,3.541853174767838,29.72923220259753,3.392130810998668,23.048580135962034,3.1376041682378384,C
banh_mi,7.2672,7.936,1.505,500,7.39,8.023,0.132,0.633,Vietnamese,bake,7.249,1.1665,0.777,0.38,706.3,705.3,0.8,1.7845,bake,7,245,,0.0736035287348974,0.1580214769782738,0.538,0.2565416685710571,0.2108071336120171,0.2319116206728612,0.3269062514282928,0.2565416685710571,28.327561914126733,1.9833710729291023,-1.3604641769955543,3.3438352499246564,0.2761783732095961,0.04315320090877716,0.23302517230081893,28.327561914126733,3.3438352499246564,34.47321670515675,3.5401826951523967,31.336075263995703,3.44476999819865,22.230226458652066,3.1014529149980845,C
beef_bourguignon,9.2647,7.96,1.39,402,7.656,8.023,0.136,0.367,French,braise,7.344,13.068,12.4885,0.57,3390.9,3389.9,1.2,66.427,braise,7,365,,0.8268148692706002,0.8202085409607334,0.802,0.8163411367437777,0.8189595698754835,0.8173079877980167,0.8127558525578334,0.8163411367437777,11.349054436917198,2.226211479288635,-0.20292295164563165,2.429134430934267,1.2726945331402526,3.532997213792018,-2.2603026806517654,11.349054436917198,2.429134430934267,11.31276846964329,2.4259320408676057,11.335628842880716,2.427950760398654,11.399118161798471,2.433535998180253,E
bibimbap,6.0879,7.912,1.508,500,7.215,8.018,0.132,0.803,Korean,stir_fry,7.176,6.316,6.069,0.2375,2058.8,2057.8,0.5,27.164,stir_fry,10,450,,0.3995004155213194,0.4916309547538369,0.34,0.4103771234250521,0.4076579464491189,0.4306905812572483,0.3927828425687891,0.4103771234250521,14.834891256095673,1.8063031946688959,-0.890678728820914,2.69698192348981,-0.3121527944530937,1.0021783011715397,-1.3143310956246335,14.834891256095673,2.69698192348981,14.93384356426338,2.7036300174189227,14.135205794908579,2.6486685502831895,15.499404098675237,2.7408015779394046,E
biryani,8.249,7.921,1.941,500,6.343,8.018,0.17,1.675,Indian,bake,6.789,2.5269,2.1374,0.38,1305.9,1304.9,0.8,2.894,bake,9,460,,0.1596992904174391,0.3059196232808451,0.538,0.3345396378994281,0.2908295510289308,0.3273846342447823,0.3854047284245711,0.3345396378994281,24.65776567403316,2.1100919808785945,-1.0949999074823478,3.2050918883609425,0.7659804086638736,0.5294000835043878,0.2365803251594858,24.65776567403316,3.2050918883609425,28.363692653706348,3.3451098995949433,25.19666208229035,3.226711528692197,21.403473781236812,3.0635532350803487,C
brisket,8.7905,7.922,1.711,500,7.087,8.011,0.15,0.924,American,smoke,7.046,15.7454,15.0234,0.7125,3882.1,3881.1,1.5,81.571,smoke,5,290,,0.9962597327878284,0.9413685967709784,1.0,0.9792094431862688,0.9834720155866588,0.9697492315824464,0.9844070823897018,0.9792094431862688,8.977139733657408,2.1736715929007073,-0.021009723493749546,2.194681316394457,1.0361248395036482,4.548333984264603,-3.5122091447609547,8.977139733657408,2.194681316394457,8.938230941687047,2.190337688361287,9.064714581578555,2.20438935795035,8.929740711190925,2.1893873587659596,E
brownie,4.2749,7.974,1.383,500,7.615,8.025,0.121,0.41,Other,bake,7.362,2.5955,2.206,0.38,1653.7,1652.7,0.8,6.713,bake,5,260,,0.1640407850156619,0.3917084412995814,0.538,0.3645830754384144,0.3144475028327263,0.3713644169037062,0.4079373065788109,0.3645830754384144,11.725448294217701,1.4527607103022653,-1.0090008373475932,2.4617615476498584,-1.2166252840422207,0.71669377809131,-1.9333190621335308,11.725448294217701,2.4617615476498584,13.594956110286168,2.609698849707481,11.511334434360926,2.443332152969393,10.47930633226877,2.349402487033253,E
bruschetta,6.3635,7.966,1.452,500,7.551,8.023,0.127,0.472,Italian,bake,7.304,0.7575,0.368,0.38,367.7,366.7,0.8,0.7021,bake,5,183,,0.0477191075880585,0.0745019433924656,0.538,0.2200736836601747,0.1769850396421456,0.1836807485932474,0.299555262745131,0.2200736836601747,28.91531551689822,1.8505785404499648,-1.51379286297681,3.364371403426775,-0.1746610028751769,-0.1841917431987654,0.009530740323588499,28.91531551689822,3.364371403426775,35.95501638368226,3.582268612226229,34.6443492240533,3.545134630779766,21.243158747019653,3.056034902219473,C
buffalo_wings,4.3427,7.893,1.941,500,5.987,8.01,0.17,2.023,American,deep_fry,6.761,2.6625,2.178,0.475,1365.4,1364.4,1.0,4.542,deep_fry,4,320,,0.1682810202646551,0.3205959736894558,0.67,0.386292331318037,0.3317895035546915,0.3698682419108917,0.4572192484885278,0.386292331318037,11.242004171251919,1.468496274491672,-0.9511608611299427,2.4196571356216148,-1.1828011059980161,0.8520313783626191,-2.0348324843606354,11.242004171251919,2.4196571356216148,13.088720268343746,2.571750811074122,11.741208105794168,2.4631047141987845,9.498069065018734,2.2510885216333136,E
bulgogi,9.0043,7.943,1.274,500,7.478,8.022,0.112,0.544,Korean,grill,7.375,12.4425,12.148,0.285,3274.3,3273.3,0.6,65.473,grill,7,280,,0.7872287924311194,0.7914478273868845,0.406,0.6615588732726678,0.6929763530622809,0.6940311118012221,0.597669154954501,0.6615588732726678,13.610731204399993,2.197702241014536,-0.41315629973102275,2.610858540745559,1.1427857431297685,2.5680696170610644,-1.4252838739312959,13.610731204399993,2.610858540745559,12.993661270272442,2.5644616439542087,12.973914060756007,2.5629407308099306,15.065692993116693,2.7124201717311704,E
bun_bo_hue,7.4734,7.762,1.693,500,6.476,7.999,0.148,1.523,Vietnamese,boil,6.883,7.3015,7.102,0.19,2273.4,2272.4,0.4,33.94,boil,8,380,,0.46186984593748,0.5445644807653975,0.274,0.4268114422342925,0.4355760431600893,0.4562497018670687,0.3886085816757194,0.4268114422342925,17.509839850773204,2.011350049542717,-0.8514129505552047,2.8627630000979214,0.3790477760519998,1.104631433700323,-0.7255836576483231,17.509839850773204,2.8627630000979214,17.157509273881864,2.8424359363152587,16.38006549794398,2.7960650770704074,19.231175924561278,2.9565327082542785,D
bun_cha,6.1345,7.93,1.462,130,7.322,8.029,0.251,0.706,Vietnamese,grill,7.232,1.947,1.6525,0.285,1162.3,1161.3,0.6,2.5615,grill,8,360,,0.1229991050310043,0.2704990532190552,0.406,0.2664993860833531,0.2306243158202659,0.2674993028672787,0.3013745395625149,0.2664993860833531,23.01881475284641,1.8139285752491006,-1.322383339006084,3.1363119142551845,-0.2889049080687291,0.10523057471497521,-0.3941354827837043,23.01881475284641,3.1363119142551845,26.59953690564374,3.2808938060738395,22.93277004554912,3.1325668940022036,20.35507050099534,3.013330045520319,D
burrito,3.4995,7.922,1.913,500,6.476,8.017,0.168,1.541,Mexican,grill,6.827,2.2195,1.925,0.285,1211.6,1210.6,0.6,4.706,grill,7,400,,0.1402448379466854,0.2826594578433326,0.406,0.276301431930006,0.2422872834341758,0.2778909384083377,0.3087260739475045,0.276301431930006,12.665515251062867,1.2526201011474571,-1.2862628645471725,2.5388829656946297,-1.6034581403176804,0.16633747630530368,-1.769795616622984,12.665515251062867,2.5388829656946297,14.44359749466892,2.6702512364158055,12.593069856987475,2.533146651295504,11.335291364457449,2.4279209884776023,E
butter_chicken,9.7021,7.966,1.555,500,7.656,8.026,0.136,0.37,Indian,simmer,7.297,2.5309,2.3314,0.19,1290.8,1289.8,0.4,5.0115,simmer,10,420,,0.1599524387905133,0.3021950368746262,0.274,0.2453824918883798,0.2240249786139132,0.2595856281349414,0.2525368689162849,0.2453824918883798,39.538680715710214,2.2723423569230707,-1.4049370944486421,3.677279451371713,1.4909053808767578,-0.02641418553742058,1.5173195664141783,39.538680715710214,3.677279451371713,43.30811706814485,3.7683400785978765,37.375335721423376,3.621011014183508,38.41854871185645,3.648540382338981,B
ca_phe_sua_da,9.9583,7.962,1.303,500,7.637,8.019,0.114,0.382,Vietnamese,cold,7.43,0.513,0.5035,0.0,336.3,335.3,0.0,0.9,cold,3,95,,0.0322454132838969,0.0667567769583416,0.01,0.0363340634140795,0.0353119008815338,0.043939741800145,0.0297505475605596,0.0363340634140795,274.0761440995654,2.298406374297628,-3.314999591657493,5.6134059659551205,1.618718867822557,-1.3296423020182189,2.948361169840776,274.0761440995654,5.6134059659551205,282.0097403821058,5.641941610703686,226.6353781798312,5.4233424625320765,334.72661233307014,5.813314116060543,A
caesar_salad,2.7727,7.839,1.902,500,6.261,8.004,0.167,1.744,Other,raw,6.747,0.752,0.7425,0.0,471.8,470.8,0.0,2.513,raw,6,240,,0.0473710285750815,0.1001793900737492,0.01,0.0525168062162769,0.051230361805978,0.064432452180645,0.0418876046622076,0.0525168062162769,52.79643222364573,1.0198215747010473,-2.9466220422062492,3.9664436169072967,-1.9660453468446397,-1.2287575186428028,-0.7372878282018369,52.79643222364573,3.9664436169072967,54.122202191366476,3.99124449337212,43.03266298520448,3.7619594316473055,66.19380655350824,4.19258690197274,B
caprese,5.5521,7.977,1.743,500,7.552,8.028,0.153,0.476,Italian,raw,7.136,2.474,2.4645,0.0,751.6,750.6,0.0,9.2715,raw,4,240,,0.1563514031835325,0.1691952361969304,0.01,0.1118488797934876,0.1229745106409989,0.1261854688943483,0.0863866598451157,0.1118488797934876,49.639299117265466,1.7141762345696754,-2.190606606353303,3.9047828409229783,-0.5794535997050816,-0.8588756350081967,0.27942203530311516,49.639299117265466,3.9047828409229783,45.14838051446546,3.809954410215599,43.99951950607422,3.784178713542139,64.27034000335777,4.163098249603491,B
ceviche,10.0,7.954,1.513,500,7.617,8.019,0.133,0.403,Mexican,raw,7.301,0.9145,0.905,0.0,270.8,269.8,0.0,0.6105,raw,6,250,,0.0576551812312216,0.0506004584412995,0.01,0.039418546557507,0.0439777052259357,0.0422140245284552,0.0320639099181302,0.039418546557507,253.6876895095861,2.302585092994046,-3.2335188486245943,5.53610394161864,1.6395222339647895,-1.3104133358563423,2.9499355698211316,253.6876895095861,5.53610394161864,227.38794461022798,5.4266575658840015,236.88809848630524,5.467587871347677,311.87712370491676,5.742609275957282,A
chana_masala,7.2672,7.943,1.674,500,7.425,8.015,0.147,0.59,Indian,simmer,7.131,0.5939,0.3944,0.19,986.9,985.9,0.4,1.3585,simmer,9,345,,0.037365339129323,0.2272346521825791,0.274,0.1795333304373007,0.1439913326103063,0.1914586608736203,0.2031499978279755,0.1795333304373007,40.47827766743268,1.9833710729291023,-1.7173944034036395,3.7007654763327418,0.2761783732095961,-0.43692422512989615,0.7131025983394923,40.47827766743268,3.7007654763327418,50.469704448584594,3.921373244352948,37.957018851171206,3.6364544367054883,35.77258221855242,3.577181740169231,B
char_siu,6.0879,7.889,1.689,500,7.002,8.007,0.148,1.005,Chinese,roast,7.017,1.941,1.5515,0.38,1316.9,1315.9,0.8,3.569,roast,6,260,,0.1226193824713929,0.3086328981463025,0.538,0.3230840935392318,0.2729679157722721,0.3194712946909995,0.3768130701544239,0.3230840935392318,18.843081791214065,1.8063031946688959,-1.1298426381304052,2.9361458327993013,-0.3121527944530937,0.4579851123000661,-0.7701379067531597,18.843081791214065,2.9361458327993013,22.30262110759907,3.1047042100163273,19.056172185636793,2.9473910483423147,16.156286716660553,2.7823092443040656,D
cheesecake,7.0585,7.947,1.476,500,7.409,8.025,0.129,0.616,Other,bake,7.268,5.2365,4.847,0.38,1604.2,1603.2,0.8,17.482,bake,6,430,,0.3311819983379147,0.3794987044050229,0.538,0.4162269009143125,0.3949656752702131,0.4070448517869902,0.4466701756857344,0.4162269009143125,16.958298429281758,1.9542325643421172,-0.8765247325262424,2.8307572968683594,0.1720617661620229,1.0386463796679914,-0.8665846135059685,16.958298429281758,2.8307572968683594,17.871173223270542,2.88318898024908,17.34084086560016,2.853064463002502,15.802487795751508,2.760167383065427,E
chicken_salad,2.5094,7.944,1.832,500,6.94,8.019,0.161,1.079,Other,raw,6.953,0.9585,0.949,0.0,609.1,608.1,0.0,1.598,cold,6,290,,0.060439813335038,0.1340459936216862,0.01,0.0681619356522414,0.0662314050729405,0.0846329501446026,0.053621451739181,0.0681619356522414,36.81526904991117,0.9200436807434622,-2.6858689982105344,3.6059126789539966,-2.097400893733121,-1.1312242689755523,-0.9661766247575689,36.81526904991117,3.6059126789539966,37.88837028651896,3.6346442124010445,29.65039025240732,3.3894752873270093,46.798434555743114,3.84584975270054,B
chicken_sandwich,3.1131,7.887,1.944,500,6.194,8.01,0.17,1.816,American,deep_fry,6.743,1.5495,1.255,0.285,827.0,826.0,0.6,2.173,grill,5,295,,0.0978424854567538,0.1877935020928841,0.406,0.2305453291832126,0.1973696182515979,0.2198573724106305,0.2744089968874095,0.2305453291832126,13.50320134885944,1.1356190142972054,-1.4673077799872065,2.6029267942844116,-1.7962260222687219,-0.11891049248072444,-1.6773155297879974,13.50320134885944,2.6029267942844116,15.77294432434662,2.758296087691627,14.159634338691278,2.6503952643933886,11.344744652367615,2.428754610474551,E
chile_relleno,7.9222,7.874,1.927,500,6.337,8.006,0.169,1.669,Mexican,deep_fry,6.786,2.3685,1.884,0.475,612.2,611.2,1.0,5.922,deep_fry,6,310,,0.1496746148437,0.1348106438110424,0.67,0.3181617528849141,0.2760399683746106,0.2723239756164463,0.4061213146636856,0.3181617528849141,24.899913104469313,2.069668945031008,-1.1451953686532155,3.214864313684224,0.6029458749640794,0.42729876470864225,0.1756471102554371,24.899913104469313,3.214864313684224,28.69946713386402,3.356878555828891,29.091085285703944,3.370431779673133,19.506979106872237,2.970772304454255,C
chow_fun,6.0409,7.886,1.477,500,7.154,8.015,0.13,0.861,Chinese,stir_fry,7.171,5.834,5.587,0.2375,1721.6,1720.6,0.5,26.723,stir_fry,6,320,,0.368996036565876,0.4084567470599959,0.34,0.372484261208624,0.371612205047937,0.381477382671467,0.364363195906468,0.372484261208624,16.217866441923473,1.798553007468856,-0.9875604938440837,2.78611350131294,-0.33560023351028595,0.7659505341665703,-1.1015507676768563,16.217866441923473,2.78611350131294,16.255924638483656,2.7884574354652747,15.835539076251072,2.762256722748753,16.579336409022766,2.808157125324928,E
chow_mein,2.2025,7.511,2.31,500,3.726,7.997,0.202,4.271,Chinese,stir_fry,6.051,1.207,0.96,0.2375,741.2,740.2,0.5,1.758,stir_fry,7,350,,0.0761666560122738,0.1666299581423161,0.34,0.19426553805153,0.1647408175417159,0.1873566430742265,0.2306991535386475,0.19426553805153,11.337574446249828,0.7895930788281976,-1.6385293029641408,2.4281223817923383,-2.250507681959764,-0.34508221837184755,-1.9054254635879164,11.337574446249828,2.4281223817923383,13.36948567371459,2.5929749216913844,11.755654690756916,2.464334375103577,9.547065805037859,2.256233861737282,E
churro,9.7885,7.971,1.387,500,7.719,8.026,0.122,0.306,Mexican,deep_fry,7.396,1.554,1.0695,0.475,885.8,884.8,1.0,2.956,deep_fry,6,215,,0.0981272773764623,0.2022971895555112,0.67,0.3234748223106578,0.267137936077109,0.2931804141218712,0.4101061167329934,0.3234748223106578,30.2604695168496,2.2812082272344605,-1.1286339970942594,3.40984222432872,1.5340087582074262,0.46042095324159676,1.0735878049658294,30.2604695168496,3.40984222432872,36.642118838466146,3.60119836669468,33.38729167607715,3.5081753388382424,23.868212642078127,3.1725475587067145,C
churros_spanish,8.7482,7.853,1.029,20,7.003,8.033,0.451,1.03,Spanish,deep_fry,7.323,1.554,1.0695,0.475,885.8,884.8,1.0,2.956,deep_fry,6,215,,0.0981272773764623,0.2022971895555112,0.67,0.3234748223106578,0.267137936077109,0.2931804141218712,0.4101061167329934,0.3234748223106578,27.044454147959716,2.168847964921723,-1.1286339970942594,3.2974819620159823,1.0150221443521759,0.46042095324159676,0.554601191110579,27.044454147959716,3.2974819620159823,32.747875979227615,3.4888381043819425,29.838964605471535,3.395815076525505,21.33155211068375,3.060187296393977,C
clam_chowder,8.29,7.917,1.894,500,6.593,8.009,0.166,1.416,American,simmer,6.858,2.291,2.0915,0.19,749.0,748.0,0.4,3.014,simmer,7,335,,0.1447698651153871,0.1685539166832768,0.274,0.1957745939328879,0.1830234117285127,0.1889694246204852,0.215330945449666,0.1957745939328879,42.34461598649432,2.1150499691472033,-1.6307913124993088,3.745841281646512,0.7864345576286573,-0.33567461809338806,1.1221091757220454,42.34461598649432,3.745841281646512,45.29475175720661,3.813191170527948,43.86953083362103,3.78122002065139,38.498878935809074,3.6506291223193714,B
club_sandwich,5.3447,7.91,1.802,500,6.918,8.018,0.158,1.1,American,raw,6.95,1.1245,1.115,0.0,644.0,643.0,0.0,1.645,cold,6,245,,0.0709454708176181,0.1426544747857284,0.01,0.0745333152011155,0.0736363541052411,0.0915636050972687,0.0583999864008366,0.0745333152011155,71.70887254348251,1.6761054156801145,-2.596509069645958,4.272614485326073,-0.6829216605659671,-1.0915044728045695,0.4085828122386024,71.70887254348251,4.272614485326073,72.58235507370928,4.284721849229143,58.371445666892264,4.066826826201993,91.51885692773783,4.516545037690484,A
coleslaw,3.6724,7.815,1.925,500,5.855,8.004,0.169,2.149,American,raw,6.704,0.2035,0.194,0.0,134.3,133.3,0.0,0.2125,raw,5,235,,0.0126580579172792,0.0169311839744867,0.01,0.013196413963922,0.0130618249522613,0.0141301064665631,0.0123973104729415,0.013196413963922,278.2877234709418,1.3008453992874078,-4.327810155698477,5.628655554985885,-1.5172014974881383,-1.4738846459228931,-0.04331685156524512,278.2877234709418,5.628655554985885,281.1551994780196,5.638906828175671,259.8989617445711,5.560292946812883,296.22554085544755,5.691121126527612,A
com_tam,8.9184,7.793,1.676,500,6.656,8.016,0.147,1.36,Vietnamese,grill,6.941,2.3265,2.032,0.285,1381.5,1380.5,0.6,2.925,grill,6,410,,0.1470165569264207,0.3245672214470799,0.406,0.2925279261245002,0.2561500838249804,0.3005377499551451,0.3208959445933751,0.2925279261245002,30.487345663553228,2.188116558305492,-1.2291951429376562,3.417311701243148,1.0999318066401345,0.2674950100907202,0.8324367965494143,30.487345663553228,3.417311701243148,34.81708796196871,3.5501082996528894,29.674807911255943,3.390298467391578,27.792186689367465,3.324754926854119,C
congee,3.4995,7.816,1.648,500,6.823,8.002,0.144,1.179,Chinese,boil,6.984,0.9255,0.726,0.19,456.8,455.8,0.4,0.8825,simmer,5,148,,0.0583513392571757,0.0964794698026709,0.274,0.1429436030199488,0.1217955370792556,0.1313275697156294,0.1757077022649616,0.1429436030199488,24.481683167812832,1.2526201011474571,-1.9453051109881232,3.1979252121355803,-1.6034581403176804,-0.6650281237943318,-0.9384300165233486,24.481683167812832,3.1979252121355803,28.732579895130165,3.3580316669105317,26.647108505682805,3.282680645876752,19.916599869497272,2.991553548305113,D
coq_au_vin,8.7905,7.938,1.567,409,7.174,8.02,0.152,0.846,French,braise,7.166,2.7775,2.198,0.57,1371.8,1370.8,1.2,4.201,braise,7,400,,0.1755590359905389,0.3221746063384492,0.802,0.433244547442996,0.3688231695798817,0.4054770621668593,0.525433410582247,0.433244547442996,20.28992644427131,2.1736715929007073,-0.836452935709711,3.0101245286104183,1.0361248395036482,1.1447360336030776,-0.10861119409942943,20.28992644427131,3.0101245286104183,23.833914799910925,3.1711095579333053,21.679401426615325,3.076362566716834,16.729998174762066,2.8172034058990296,D
cornbread,4.7848,7.896,1.741,500,6.858,8.017,0.153,1.159,American,bake,6.978,1.1525,0.763,0.38,468.8,467.8,0.8,1.9305,bake,6,245,,0.0727175094291376,0.0994394060195335,0.538,0.2367189718162237,0.1957186062194522,0.2023990803670512,0.3120392288621678,0.2367189718162237,20.212997561153102,1.56544422674821,-1.4408816143592993,3.0063258411075093,-0.9622455143557918,-0.08042340736286759,-0.8818221069929242,20.212997561153102,3.0063258411075093,24.447343522541626,3.1965215606333084,23.64042361913282,3.1629581119684103,15.333969441750911,2.7300705922920736,D
creme_brulee,9.4399,7.965,1.428,500,7.544,8.024,0.125,0.48,French,bake,7.324,2.0055,1.616,0.38,778.2,777.2,0.8,4.216,bake,4,252,,0.1267013999872147,0.1757564281443093,0.538,0.2801526093771747,0.2417898070296847,0.2540535640689583,0.344614457032881,0.2801526093771747,33.69556336093549,2.244945386880962,-1.272420790799783,3.5173661776807448,1.360098603838551,0.19034608889013338,1.1697525149484176,33.69556336093549,3.5173661776807448,39.04176158609141,3.664631883121453,37.15712485512586,3.6151555389158267,27.392640695568097,3.310274389564885,B
crepe,8.6639,7.948,1.545,500,7.521,8.018,0.135,0.497,French,pan_fry,7.239,1.1025,0.8555,0.2375,477.0,476.0,0.5,2.042,pan_fry,5,235,,0.0695531547657099,0.1014620291010564,0.34,0.1703383946222554,0.145142084658119,0.1531193032419556,0.2127537959666915,0.1703383946222554,50.86287222098797,2.159164967619153,-1.7699682638630125,3.929133231482165,0.9729664185538505,-0.4942463440803215,1.467212762634172,50.86287222098797,3.929133231482165,59.69254210732708,4.089207089769708,56.58267649186924,4.0357028693122,40.72265766462005,3.7067846369253514,B
croissant,7.2672,7.962,1.52,500,7.62,8.021,0.133,0.401,French,bake,7.299,1.4301,1.0406,0.38,594.1,593.1,0.8,3.102,bake,6,202,,0.0902860065204883,0.1303460733506079,0.538,0.2528773599570321,0.2122295215978961,0.222244538305426,0.3241580199677741,0.2528773599570321,28.738041243529327,1.9833710729291023,-1.3748506510334464,3.358221723962549,0.2761783732095961,0.020309546698541164,0.2558688265110549,28.738041243529327,3.358221723962549,34.24217302703491,3.533458013834368,32.699116277102114,3.4873480523729485,22.41869567417293,3.1098952390637575,C
dal,8.29,7.938,1.873,500,6.882,8.014,0.164,1.132,Indian,simmer,6.929,0.4209,0.2214,0.19,688.1,687.1,0.4,0.945,simmer,8,185,,0.026416671993863,0.1535322403826988,0.274,0.1513163041255206,0.1200913960926062,0.1518702881898151,0.1819872280941404,0.1513163041255206,54.785900619957246,2.1150499691472033,-1.888382903745557,4.003432872892761,0.7864345576286573,-0.6128318955265242,1.3992664531551815,54.785900619957246,4.003432872892761,69.030757154387,4.234552161138311,54.586055632150654,3.9997784587803817,45.552647220450304,3.818868738821868,A
dan_dan_noodles,10.0,7.904,1.449,500,7.262,8.015,0.127,0.753,Chinese,boil,7.243,1.0465,0.847,0.19,838.3,837.3,0.4,1.848,boil,7,265,,0.0660090775426708,0.1905807753637631,0.274,0.1768632843021446,0.1491497326122762,0.1802926570675493,0.2011474632266085,0.1768632843021446,56.54084757872351,2.302585092994046,-1.7323782499394325,4.034963342933478,1.6395222339647895,-0.4535695509093439,2.0930917848741335,56.54084757872351,4.034963342933478,67.04671758276368,4.205389653760738,55.465375920736214,4.015758968788429,49.714770644331765,3.906302085011595,A
dim_sum,4.844,7.865,1.7,500,6.759,8.022,0.149,1.264,Chinese,steam,6.977,1.358,1.206,0.1425,682.5,681.5,0.3,1.3165,steam,6,180,,0.0857230070958256,0.1521509368148295,0.208,0.1486246479702183,0.1328992377516202,0.1495062201813711,0.1634684859776638,0.1486246479702183,32.59217139387708,1.5777408256908458,-1.906331292551165,3.484072118242011,-0.9327117187773709,-0.6296119402610859,-0.303099778516285,32.59217139387708,3.484072118242011,36.44866653827702,3.5959048744734656,32.3999897403839,3.4781581061434155,29.63262289382114,3.3888758792276157,C
dolma,7.1005,7.977,1.423,500,7.697,8.025,0.125,0.328,Mediterranean,simmer,7.407,0.7515,0.552,0.19,542.8,541.8,0.4,0.6965,simmer,7,195,,0.0473393850284472,0.11769234602352,0.274,0.1463439103506557,0.1215927790201036,0.1391810192688718,0.1782579327629918,0.1463439103506557,48.5192720557107,1.9601652041029307,-1.9217958768865622,3.881961080989493,0.19301479680887518,-0.6438302791111905,0.8368450759200656,48.5192720557107,3.881961080989493,58.39573745432725,4.067242898374603,51.016295449619875,3.93214510030912,39.832729404759135,3.6846889212017206,B
donburi,1.0,6.892,1.998,500,4.35,7.938,0.175,3.588,Japanese,simmer,6.081,2.2265,2.027,0.19,1240.0,1239.0,0.4,2.3915,simmer,6,420,,0.1406878475995653,0.2896646402232409,0.274,0.2347841626076021,0.2112600838555929,0.2485042820115118,0.2445881219557015,0.2347841626076021,4.25923106947939,0.0,-1.4490886438669626,1.4490886438669626,-2.8504129046464293,-0.0924851950505546,-2.7579277095958745,4.25923106947939,1.4490886438669626,4.733501860595451,1.554665279656437,4.024075528620773,1.3922952021592578,4.0885059830547075,1.40817961800508,E
dosa,2.5094,7.918,1.898,500,6.688,8.019,0.166,1.331,Indian,pan_fry,6.872,0.6816,0.4346,0.2375,476.0,475.0,0.5,0.646,pan_fry,4,132,,0.0429156172089752,0.1012153677496511,0.34,0.1613769949862088,0.1317616505419004,0.1463365881770694,0.2060327462396566,0.1613769949862088,15.549923954244234,0.9200436807434622,-1.8240120674675226,2.744055748210985,-2.097400893733121,-0.55011257590972,-1.5472883178234014,15.549923954244234,2.744055748210985,19.04499518395155,2.946804347053221,17.148137941849438,2.841889592898002,12.179617297733218,2.4997638412407603,E
dumplings,8.4138,7.939,1.702,500,7.25,8.021,0.149,0.772,Chinese,steam,7.08,1.066,0.914,0.1425,837.7,836.7,0.3,2.1305,steam,6,250,,0.0672431758614076,0.19043277855292,0.208,0.1552253181381092,0.1332297825689338,0.1640271832418119,0.1684189886035819,0.1552253181381092,54.20378647582451,2.129873214978523,-1.862877552204473,3.992750767182996,0.8481961098686656,-0.5884627242005166,1.4366588340691822,54.20378647582451,3.992750767182996,63.15254620825231,4.145553167987666,51.2951562887977,3.9375963283972566,49.95754973807661,3.91117363958061,A
edamame,8.29,7.934,1.518,500,7.164,8.014,0.133,0.85,Japanese,boil,7.174,0.5004,0.3009,0.19,322.8,321.8,0.4,0.27,boil,2,153,,0.0314479959087131,0.0634268487143711,0.274,0.122958281541028,0.1000807101329493,0.1080754233343638,0.160718711155771,0.122958281541028,67.42124154714898,2.1150499691472033,-2.095910155605574,4.210960124752777,0.7864345576286573,-0.789618550320495,1.5760531079491522,67.42124154714898,4.210960124752777,82.8331452583359,4.416828286342888,76.70569075036045,4.339975900540857,51.580801889116735,3.943149546844891,A
elote,9.9163,7.965,1.319,500,7.51,8.024,0.116,0.515,Mexican,grill,7.372,0.903,0.6085,0.285,384.9,383.9,0.6,2.006,grill,5,250,,0.0569273796586332,0.0787445186366354,0.406,0.1805572994317562,0.1496498194884755,0.155104104232976,0.2369179745738172,0.1805572994317562,54.92051571001694,2.2941798678500285,-1.7117071032098954,4.005886971059924,1.5977658371757049,-0.43054070340854994,2.028306540584255,54.92051571001694,4.005886971059924,66.26336091747609,4.193637118758873,63.933188931642334,4.157838615149517,41.8554143806018,3.7342211644477157,A
enchilada,5.8499,7.924,1.983,500,6.798,8.01,0.174,1.212,Mexican,bake,6.83,2.3305,1.941,0.38,879.3,878.3,0.8,5.294,bake,6,330,,0.1472697052994949,0.2006938907713772,0.538,0.2953211986902908,0.2583083253425918,0.2716643717105624,0.3559908990177181,0.2953211986902908,19.808601705341534,1.7664245670805667,-1.219691705845425,2.986116272925992,-0.4308866347852573,0.2849085413537896,-0.7157951761390469,19.808601705341534,2.986116272925992,22.64696653598499,3.120025915188836,21.533556141961157,3.069612469216814,16.432723466081764,2.799274680094424,D
escargot,8.4138,7.971,1.611,500,7.4,8.028,0.141,0.628,French,bake,7.185,0.962,0.5725,0.38,424.5,423.5,0.8,1.962,bake,4,95,,0.0606613181614779,0.0885123081522822,0.538,0.22905787543792,0.1869587361188095,0.1939214836165106,0.30629340657844,0.22905787543792,36.73220134393648,2.129873214978523,-1.4737805761890834,3.6036537911676065,0.8481961098686656,-0.12818342295419272,0.9763795328228583,36.73220134393648,3.6036537911676065,45.00351347397404,3.8067405639218768,43.387663105129235,3.7701751404462773,27.46973920852349,3.3130850063789534,B
fajita,2.2025,7.832,1.959,500,5.85,7.995,0.172,2.146,Mexican,grill,6.671,1.6045,1.31,0.285,830.3,829.3,0.6,2.221,grill,5,325,,0.1013232755865243,0.1886074845525213,0.406,0.2319769200463485,0.1993135089313925,0.2211345611728917,0.2754826900347614,0.2319769200463485,9.494479017826192,0.7895930788281976,-1.4611173948233878,2.2507104736515853,-2.250507681959764,-0.10998581661613123,-2.140521865343633,9.494479017826192,2.2507104736515853,11.05043010786661,2.4024693509950845,9.959998963156188,2.298576967495717,7.995057692089767,2.0788235622811166,E
falafel,5.653,7.959,1.417,500,7.506,8.023,0.124,0.517,Mediterranean,deep_fry,7.341,0.8195,0.335,0.475,871.3,870.3,1.0,1.368,deep_fry,7,258,,0.0516429073707089,0.1987205999601355,0.67,0.3067878357769481,0.2430016036753883,0.279771026822745,0.3975908768327111,0.3067878357769481,18.42641506852327,1.7321863776931536,-1.1815988589812332,2.9137852366743866,-0.5291164379844295,0.35639266568745065,-0.8855091036718802,18.42641506852327,2.9137852366743866,23.263220960267873,3.146873613869324,20.20580924407723,3.005970149402591,14.218133084523807,2.654518127747899,D
fish_and_chips,3.4085,7.913,1.966,500,6.583,8.014,0.172,1.431,Other,deep_fry,6.801,2.0975,1.613,0.475,769.4,768.4,1.0,1.173,deep_fry,5,530,,0.1325238125679217,0.1735858082519433,0.67,0.3253698736066217,0.2771583583469467,0.2874238572679521,0.4115274052049663,0.3253698736066217,10.475770120379803,1.2262723118207028,-1.1227926711303742,2.3490649829510772,-1.6488563733858606,0.47223488625749194,-2.1210912596433524,10.475770120379803,2.3490649829510772,12.298023484946615,2.509438557185221,11.858792907446134,2.47306960992826,8.282558966643679,2.114151974592309,E
french_fries,5.1836,7.818,2.069,500,5.534,8.005,0.181,2.47,American,deep_fry,6.585,0.6991,0.2146,0.475,178.4,177.4,1.0,0.51,deep_fry,3,232,,0.0440231413411749,0.027808949571457,0.67,0.247277363637544,0.1964638080634517,0.1924102601210222,0.352958022728158,0.247277363637544,20.962695184659342,1.6454997955791224,-1.3972446426614702,3.0427444382405926,-0.7632914995471076,-0.014601371833635595,-0.748690127713472,20.962695184659342,3.0427444382405926,26.384503339800165,3.2727768430988915,26.940351292803303,3.2936252107191493,14.686165680365669,2.68690594048326,D
french_onion_soup,9.2211,7.944,1.746,500,7.181,8.02,0.153,0.839,French,simmer,7.065,4.4295,4.23,0.19,1218.5,1217.5,0.4,20.822,simmer,5,350,,0.2801093140701911,0.2843614211680287,0.274,0.2794902450794066,0.2796450123271027,0.2807080391015621,0.278117683809555,0.2794902450794066,32.992564722179026,2.221494336308958,-1.274787888321964,3.4962822246309218,1.2509432918020917,0.1862168458123242,1.0647264459897676,32.992564722179026,3.4962822246309218,32.97430525674463,3.4957286295943057,32.84943327420609,3.4919344928550484,33.155389019830466,3.5012052681204304,C
fresh_spring_roll,7.5144,7.897,1.564,500,7.014,8.014,0.137,1.0,Vietnamese,raw,7.119,1.0375,1.028,0.0,406.0,405.0,0.0,0.369,raw,7,200,,0.0654394937032538,0.0839490731512856,0.01,0.0531295222848464,0.0562070151394483,0.0608344100014562,0.0423471417136348,0.0531295222848464,141.43548966453358,2.0168211796981685,-2.9350225299986996,4.951843709696869,0.3995019250167844,-1.2249377874264187,1.624439712443203,141.43548966453358,4.951843709696869,133.69149707304237,4.895534885025253,123.52219738500179,4.816420875828413,177.44763155007783,5.178675531863831,A
fried_chicken,4.7848,7.904,1.653,500,6.885,8.019,0.145,1.134,American,deep_fry,7.048,2.6084,2.1239,0.475,1467.3,1466.3,1.0,3.939,deep_fry,6,375,,0.1648571885188263,0.3457307653976479,0.67,0.393529317972158,0.3363612856088251,0.3815796798285306,0.4626469884791185,0.393529317972158,12.15868750174929,1.56544422674821,-0.9325997082529256,2.4980439350011356,-0.9622455143557918,0.8971474529252476,-1.8593929672810394,12.15868750174929,2.4980439350011356,14.225180497034172,2.655013668651343,12.539451791956354,2.5288798174992775,10.342226620191132,2.336235186341874,E
fried_rice,4.135,7.859,2.067,500,5.858,8.016,0.181,2.158,Chinese,stir_fry,6.66,1.509,1.262,0.2375,794.5,793.5,0.5,1.112,stir_fry,7,335,,0.0952793581793773,0.1797770081722144,0.34,0.2050187887838639,0.1775839311327423,0.1987083436309515,0.2387640915878979,0.2050187887838639,20.168883176649842,1.4194873284756546,-1.584653651439358,3.0041409799150127,-1.2864188313635216,-0.2780454135500016,-1.00837341781352,20.168883176649842,3.0041409799150127,23.28476441322344,3.147799258849271,20.809392924535043,3.0354044676847347,17.318349557926524,2.8517666074810153,D
gazpacho,9.4399,7.964,1.267,500,7.696,8.02,0.111,0.324,Spanish,cold,7.436,0.668,0.6585,0.0,344.6,343.6,0.0,0.6675,raw,8,370,,0.0420549127405229,0.0688040661750049,0.01,0.0402863263051759,0.0407284729140127,0.0474157612726332,0.0327147447288819,0.0402863263051759,234.320199079239,2.244945386880962,-3.2117431652422823,5.456688552123245,1.360098603838551,-1.3050035130017603,2.6651021168403113,234.320199079239,5.456688552123245,231.7764287389274,5.445773237809835,199.08780849730647,5.293745976133083,288.55184652154946,5.6648747804487485,A
gelato,9.2647,7.973,1.07,500,7.817,8.025,0.094,0.208,Italian,cold,7.564,1.2235,1.214,0.0,500.4,499.4,0.0,3.066,cold,4,280,,0.077210893051205,0.1072339047239386,0.01,0.0648149325917145,0.0679139227065871,0.0754196756247705,0.0511111994437859,0.0648149325917145,142.9408259723213,2.226211479288635,-2.736219260941248,4.962430740229883,1.2726945331402526,-1.1520898096842793,2.424784342824532,142.9408259723213,4.962430740229883,136.4182722889809,4.91572569750029,122.84194970678371,4.81089856736773,181.26555629338498,5.19996311787736,A
general_tso,6.8891,7.783,2.021,500,5.902,8.001,0.177,2.099,Chinese,deep_fry,6.649,2.3185,1.834,0.475,1272.8,1271.8,1.0,3.2595,deep_fry,9,350,,0.1465102601802723,0.2977551325493322,0.67,0.3714217975765348,0.3151939132274692,0.3530051313197342,0.4460663481824011,0.3714217975765348,18.547915186858248,1.9299404524006092,-0.9904169414881231,2.9203573938887324,0.08755120921971819,0.759327033152081,-0.6717758239323629,18.547915186858248,2.9203573938887324,21.85670379690446,3.084507684412036,19.51558033800988,2.971213138238573,15.444115047170015,2.7372280276859517,D
gnocchi,9.2211,7.953,1.618,500,7.524,8.02,0.142,0.496,Italian,boil,7.211,1.189,0.9895,0.19,467.3,466.3,0.4,3.085,boil,5,325,,0.0750274883334398,0.0990694139924257,0.274,0.1493656341086219,0.1307810976648263,0.1367915790795728,0.1805242255814664,0.1493656341086219,61.735084211500876,2.221494336308958,-1.9013580587901766,4.122852395099135,1.2509432918020917,-0.6249925610266287,1.8759358528287204,61.735084211500876,4.122852395099135,70.50789574830144,4.2557246999768985,67.40985126457244,4.210791168433191,51.079571012139475,3.9333846327762823,A
green_curry,5.3973,7.967,1.559,500,7.62,8.029,0.137,0.409,Thai,simmer,7.287,2.321,2.1215,0.19,1536.4,1535.4,0.4,2.619,simmer,8,575,,0.1466684779134437,0.3627750647797488,0.274,0.2611478475643975,0.232528005151659,0.2865546518682353,0.2643608856732982,0.2611478475643975,20.667602855386576,1.6858988285285466,-1.3426685662766353,3.028567394805182,-0.6566804840891945,0.0718685661352727,-0.7285490502244673,20.667602855386576,3.028567394805182,23.211397682957728,3.1446434374718644,18.835150519496043,2.935724832590493,20.41640913047204,3.0163389466594737,D
grilled_cheese,7.8408,7.954,1.557,500,7.326,8.024,0.137,0.697,American,pan_fry,7.194,1.7955,1.5485,0.2375,516.5,515.5,0.5,6.108,pan_fry,3,155,,0.1134111104008182,0.1112051524815626,0.34,0.1882054209607936,0.1695068433207998,0.1689553538409859,0.2261540657205952,0.1882054209607936,41.66086162647447,2.059340869972833,-1.6702212479906786,3.7295621179635114,0.5623369060437511,-0.38286157428211887,0.94519848032587,41.66086162647447,3.7295621179635114,46.25653953782215,3.8342028493754157,46.407526140778295,3.8374616473888765,34.670170421287104,3.5458796752108706,B
guacamole,8.706,7.902,1.824,500,6.911,8.003,0.16,1.092,Mexican,raw,6.93,0.4681,0.4586,0.0,328.1,327.1,0.0,0.2365,raw,7,220,,0.0294038227961388,0.0647341538768188,0.01,0.0347126588909858,0.0333854498672741,0.0422180326374441,0.0285344941682394,0.0347126588909858,250.80187684098087,2.1640124431301055,-3.3606508490176483,5.524663292147753,0.9939693373689095,-1.339750294592507,2.3337196319614164,250.80187684098087,5.524663292147753,260.77228357297076,5.563647549761431,206.21519895928208,5.328920278659258,305.1044097249251,5.720654044993871,A
gyro,7.0164,7.929,1.622,500,7.415,8.012,0.142,0.597,Mediterranean,roast,7.158,4.2615,3.872,0.38,1720.4,1719.4,0.8,55.99,roast,7,330,,0.2694770824010739,0.4081607534383097,0.538,0.4052126119464612,0.3712787295601144,0.4059496473194233,0.4384094589598459,0.4052126119464612,17.315354441453177,1.948250265987488,-0.9033433818539307,2.851593647841419,0.15105884734696354,0.9699822372455441,-0.8189233898985806,17.315354441453177,2.851593647841419,18.897931503678997,2.9390524718263493,17.283916974262365,2.8497764144399107,16.004216735302318,2.772852233474041,D
hamburger,4.7247,7.893,1.944,500,5.979,8.011,0.17,2.033,American,grill,6.712,9.981,9.6865,0.285,2552.6,2551.6,0.6,51.339,grill,6,300,,0.6314476123505721,0.6134323300777356,0.406,0.5502933141427692,0.5705818886947199,0.5660780681265108,0.5142199856070769,0.5502933141427692,8.585784850684584,1.5528040668665077,-0.597303844467298,2.150107911333806,-0.992228303448073,1.8744293629231719,-2.866657666371245,8.585784850684584,2.150107911333806,8.280494165015234,2.1139026483814076,8.346375289961054,2.1218273476047287,9.188090957651369,2.2179081843916264,E
hot_and_sour_soup,4.9601,7.809,1.946,500,6.25,8.008,0.171,1.758,Chinese,boil,6.726,0.713,0.5135,0.19,403.6,402.6,0.4,0.482,boil,8,215,,0.0449028319376078,0.083357085907913,0.274,0.1340866392818403,0.1117906874457822,0.1214042509383585,0.1690649794613802,0.1340866392818403,36.991754186442336,1.6014259018239225,-2.009269126157478,3.6106950279814005,-0.8747915554892866,-0.7202432921378378,-0.15454826335144878,36.991754186442336,3.6106950279814005,44.36952767112751,3.7925529201037653,40.856065266762606,3.7100552868269974,29.33842369840434,3.3788980459274853,B
hummus,8.0037,7.963,1.419,500,7.653,8.022,0.124,0.368,Mediterranean,raw,7.347,0.2991,0.2896,0.0,1112.0,1111.0,0.0,1.46,raw,6,212,,0.0187083040337531,0.2580919872433725,0.01,0.0956000970923752,0.0763771488277196,0.1362230696301245,0.0742000728192814,0.0956000970923752,83.72062626951404,2.0799039347596766,-2.3475814433146778,4.427485378074355,0.6436047320526144,-0.960172117498998,1.6037768495516125,83.72062626951404,4.427485378074355,104.79181434297288,4.651975661422018,58.754365334240376,4.073365453825433,107.86647096012261,4.680894082177028,A
ice_cream,6.7171,7.943,1.397,500,7.553,8.02,0.122,0.467,Other,cold,7.338,1.5265,1.517,0.0,653.7,652.7,0.0,4.006,cold,4,280,,0.096386882311577,0.1450470898943591,0.01,0.0838113240686453,0.0869552136293783,0.0991202655250738,0.065358493051484,0.0838113240686453,80.14549435465771,1.9046565137725386,-2.4791871485395447,4.383843662312083,0.0017435599040372654,-1.0336644684124319,1.035408028316469,80.14549435465771,4.383843662312083,77.24781205908728,4.347018592517044,67.76717116744224,4.216077876612984,102.77317738505424,4.632524398596571,A
japchae,8.6219,7.937,1.393,500,7.499,8.019,0.122,0.52,Korean,stir_fry,7.318,4.039,3.792,0.2375,1118.6,1117.6,0.5,19.8775,stir_fry,9,280,,0.2553957041488205,0.259719952162647,0.34,0.2850385521038225,0.277627840115072,0.2787089021185286,0.2987789140778669,0.2850385521038225,30.248189012900813,2.154305478020615,-1.255130837321993,3.409436315342608,0.9520133879069983,0.2208055282810643,0.7312078596259339,30.248189012900813,3.409436315342608,31.055603056330263,3.435779244799705,30.93514392422708,3.4318928814443157,28.85712342388722,3.3623568749160144,C
katsu,8.0037,7.884,1.756,500,6.839,8.025,0.154,1.186,Japanese,deep_fry,6.973,2.1645,1.68,0.475,1433.4,1432.4,1.0,3.933,deep_fry,6,350,,0.1367640478169149,0.3373689455850109,0.67,0.3813776644673086,0.3202242603047102,0.3703754847467342,0.4535332483504815,0.3813776644673086,20.98628405829485,2.0799039347596766,-0.9639651494936455,3.043869084253322,0.6436047320526144,0.8213928700047686,-0.1777881379521542,20.98628405829485,3.043869084253322,24.99404633610227,3.2186376499508973,21.609691595740998,3.0731418990491184,17.647438261935097,2.8705906318784864,D
kebab,7.2672,7.952,1.518,500,7.558,8.019,0.133,0.461,Mediterranean,grill,7.286,5.291,4.9965,0.285,2279.8,2278.8,0.6,74.2845,grill,6,303,,0.3346311449210509,0.546143113414391,0.406,0.4289247527784806,0.4053513508141232,0.4582293429374583,0.4231935645838605,0.4289247527784806,16.942831937128062,1.9833710729291023,-0.8464737768875165,2.829844849816619,0.2761783732095961,1.1178060159736347,-0.8416276427640386,16.942831937128062,2.829844849816619,17.928150443816893,2.8863721280194685,15.85930737960591,2.763756544358139,17.17228381567207,2.8432966780426465,E
kimbap,8.6639,7.95,1.425,394,7.398,8.028,0.141,0.63,Korean,raw,7.307,2.6715,2.662,0.0,1000.1,999.1,0.0,10.481,cold,7,275,,0.1688506041040721,0.2304905820211281,0.01,0.1364470620417334,0.1445479475573181,0.1599579420365821,0.1048352965313,0.1364470620417334,63.49642029925187,2.159164967619153,-1.9918185634503343,4.150983531069487,0.9729664185538505,-0.7055281884179739,1.6784946069718245,63.49642029925187,4.150983531069487,59.93789705360205,4.093308977082229,54.163612570225375,3.9920093281931672,82.64296746099511,4.414529732455601,A
kimchi,4.6016,7.937,1.525,500,7.195,8.019,0.134,0.824,Korean,raw,7.178,0.1615,0.152,0.0,115.8,114.8,0.0,0.0725,raw,7,255,,0.01,0.0123679489734901,0.01,0.0107893163244967,0.0105919872433725,0.011183974486745,0.0105919872433725,0.0107893163244967,426.4959763532242,1.526404069104536,-4.529198863675368,6.0556029327799035,-1.0536406385106332,-1.488890725354862,0.43525008684422883,426.4959763532242,6.0556029327799035,434.44161083929384,6.074061553257124,411.4458599180207,6.019677443825914,434.44161083929384,6.074061553257124,A
kimchi_jjigae,4.7848,7.894,1.837,222,5.994,8.024,0.242,2.03,Korean,boil,6.817,1.121,0.9215,0.19,782.3,781.3,0.4,1.679,simmer,7,300,,0.0707239659911781,0.1767677396850707,0.274,0.1738305685587496,0.1480539179168567,0.1745648613403299,0.1988729264190622,0.1738305685587496,27.52565351233307,1.56544422674821,-1.749674198079432,3.315118424827642,-0.9622455143557918,-0.4724757940939092,-0.48976972026188254,27.52565351233307,3.315118424827642,32.31795596714314,3.4756229880620664,27.40986910688516,3.310903134925151,24.059584610916506,3.1805334456808083,C
korean_fried_chicken,4.7247,7.355,2.071,500,4.342,7.978,0.182,3.636,Korean,deep_fry,6.228,2.5675,2.083,0.475,1444.4,1443.4,1.0,3.8615,deep_fry,8,395,,0.1622687464041424,0.3400822204504684,0.67,0.3907836556182036,0.3336549283146883,0.3781082968262698,0.4605877417136527,0.3907836556182036,12.090321414609114,1.5528040668665077,-0.9396011825688586,2.4924052494353663,-0.992228303448073,0.8800307283263056,-1.8722590317743786,12.090321414609114,2.4924052494353663,14.160438222401668,2.6504520356964196,12.49562635799782,2.525378691721817,10.257980341425034,2.3280559725512253,E
korma,8.9184,7.969,1.602,500,7.591,8.02,0.14,0.429,Indian,simmer,7.243,2.2049,2.0054,0.19,1407.1,1406.1,0.4,4.151,simmer,9,375,,0.1393208463849645,0.3308817520430536,0.274,0.2480675328093393,0.2208808612032456,0.2687710876177679,0.2545506496070045,0.2480675328093393,35.951500379755615,2.188116558305492,-1.3940542601716381,3.58217081847713,1.0999318066401345,-0.009675380813394143,1.1096071874535287,35.951500379755615,3.58217081847713,40.37651769110793,3.6982483707089813,33.18214053099074,3.5020117953695316,35.03585637580942,3.556372004960594,B
kung_pao_chicken,5.3973,7.776,2.18,500,5.476,8.004,0.191,2.528,Chinese,stir_fry,6.489,1.9045,1.6575,0.2375,1127.7,1126.7,0.5,2.833,stir_fry,9,320,,0.1203094035670907,0.2619645704604345,0.34,0.2407579913425084,0.210645844398654,0.2460596361219899,0.2655684935068813,0.2407579913425084,22.417947457958583,1.6858988285285466,-1.4239630353241268,3.1098618638526734,-0.6566804840891945,-0.055243769093947195,-0.6014367149952473,22.417947457958583,3.1098618638526734,25.622627474128745,3.2434758467967257,21.934926366078837,3.08808017769797,20.323570498622225,3.011781320789343,D
larb,8.6219,7.913,1.697,500,7.214,8.022,0.149,0.808,Thai,raw,7.071,1.4525,1.2055,0.2375,989.5,988.5,0.5,2.679,stir_fry,7,265,,0.091703637409704,0.2278759716962327,0.34,0.2198598697019789,0.1878208116289102,0.2218638952005424,0.2498949022764842,0.2198598697019789,39.215433046908586,2.154305478020615,-1.5147648914724623,3.6690703694930775,0.9520133879069983,-0.1855246800883201,1.1375380679953184,39.215433046908586,3.6690703694930775,45.90492355572847,3.8265723783231405,38.861212601566734,3.6599966478259773,34.50210437050338,3.5410203184235938,B
lasagna,6.9741,7.942,1.903,500,6.798,8.013,0.167,1.215,Italian,bake,6.885,9.715,9.3255,0.38,2622.1,2621.1,0.8,46.906,bake,7,425,,0.6146132455411366,0.6305752940003985,0.538,0.5943961798471784,0.599450446270668,0.6034409583854834,0.5802971348853838,0.5943961798471784,11.733083482792686,1.942203287123987,-0.5202092125050639,2.4624124996290506,0.12995615219549078,2.149370892131696,-2.019414739936205,11.733083482792686,2.4624124996290506,11.63415598968627,2.453945253485864,11.557220144054066,2.4473103623585706,12.018153426481202,2.486418292220761,E
lo_mein,3.4085,7.776,2.125,500,5.239,8.001,0.186,2.762,Chinese,stir_fry,6.505,1.199,0.952,0.2375,762.1,761.1,0.5,1.77,stir_fry,7,320,,0.0756603592661254,0.1717851803866852,0.34,0.1958151798842702,0.165776474729734,0.1898076800098739,0.2318613849132026,0.1958151798842702,17.40671995917005,1.2262723118207028,-1.630584024392002,2.856856336212705,-1.6488563733858606,-0.33542160134812216,-1.3134347720377384,17.40671995917005,2.856856336212705,20.560818448799143,3.023387247615624,17.95765060624885,2.88801624174768,14.70059363820316,2.6878878765205325,D
lobster_roll,9.134,7.937,1.526,500,7.309,8.017,0.134,0.708,American,boil,7.177,2.36,2.1605,0.19,779.3,778.3,0.4,1.495,boil,6,265,,0.1491366745509173,0.176027755630855,0.274,0.1997214767272574,0.1870752761831724,0.1937980464531568,0.2182911075454431,0.1997214767272574,45.73368948434887,2.2120037147628073,-1.610831499389194,3.8228352141520014,1.2074906972939767,-0.3110693691201389,1.5185600664141157,45.73368948434887,3.8228352141520014,48.825265349636894,3.88824791145636,47.13153804781924,3.852942374560153,41.84320700328352,3.7339294660373237,B
mac_and_cheese,6.63,7.939,1.781,500,6.939,8.019,0.156,1.08,American,bake,6.986,2.8415,2.452,0.38,822.0,821.0,0.8,9.13,bake,5,310,,0.1796094099597264,0.186560195335858,0.538,0.3013898684318615,0.2709447538138277,0.2726824501578606,0.3605424013238961,0.3013898684318615,21.998085186128,1.891604804197771,-1.199350608378424,3.090955412576195,-0.041709034604078175,0.32274121531633754,-0.3644502499204157,21.998085186128,3.090955412576195,24.469933101401267,3.1974451435481566,24.31399599116767,3.1910521512560557,18.388960565123345,2.911750515274571,D
mango_sticky_rice,8.833,7.963,1.419,500,7.674,8.022,0.124,0.348,Thai,steam,7.382,1.1553,1.0033,0.1425,843.6,842.6,0.3,0.802,steam,5,371,,0.0728947132902895,0.1918880805262108,0.208,0.1575942646055001,0.1364193767766975,0.1661677185856778,0.1701956984541251,0.1575942646055001,56.048994055153734,2.178494707762995,-1.8477314943176473,4.026226202080642,1.0573273109915347,-0.5736944828639344,1.631021793855469,56.048994055153734,4.026226202080642,64.74886639057577,4.170516192944934,53.1571359057061,3.973252355525803,51.89907900275673,3.949301044402764,A
mapo_tofu,7.9222,7.744,1.757,500,6.736,8.003,0.154,1.267,Chinese,stir_fry,6.879,1.3605,1.1135,0.2375,933.4,932.4,0.5,1.5205,stir_fry,7,300,,0.085881224828997,0.2140382698823998,0.34,0.2133064982371322,0.1814501798850984,0.2134894411484491,0.2449798736778492,0.2133064982371322,37.139984320556955,2.069668945031008,-1.5450251887221362,3.6146941337531446,0.6029458749640794,-0.22637903146069172,0.8293249064247711,37.139984320556955,3.6146941337531446,43.66046925396634,3.7764430989789806,37.108158405320516,3.6138368485466144,32.33816672800545,3.4762481650964476,B
massaman_curry,9.0043,7.971,1.517,500,7.603,8.031,0.133,0.427,Thai,simmer,7.313,10.3715,10.172,0.19,3286.4,3285.4,0.4,49.873,simmer,9,630,,0.6561612222719426,0.7944324297388876,0.274,0.5748645506702768,0.5951887185706932,0.6297565204374295,0.4996484130027075,0.5748645506702768,15.663341894192687,2.197702241014536,-0.5536208299860484,2.7513230710005843,1.1427857431297685,2.0276088272848694,-0.8848230841551008,15.663341894192687,2.7513230710005843,15.12847894970731,2.716578990671713,14.298065534511029,2.66012425080814,18.021272089882945,2.891552842911856,E
minestrone,3.7548,7.831,2.009,500,5.579,8.003,0.176,2.424,Italian,simmer,6.638,0.5215,0.322,0.19,276.6,275.6,0.4,0.534,simmer,8,260,,0.0327833535766796,0.0520310942794498,0.274,0.1196048159520431,0.0978994503582023,0.1027113855338948,0.1582036119640324,0.1196048159520431,31.39338470706338,1.3230350214806996,-2.123562171118755,3.4465971925994543,-1.4760936468857422,-0.8105243790565061,-0.6655692678292361,31.39338470706338,3.4465971925994543,38.35363718858113,3.6468493652608016,36.55680410192611,3.5988673276098275,23.733971389058134,3.166907413758869,C
miso_soup,4.4745,7.861,1.719,500,6.701,8.016,0.151,1.315,Japanese,boil,6.965,0.4095,0.21,0.19,177.0,176.0,0.4,0.154,boil,3,90,,0.0256951991306015,0.0274636236794897,0.274,0.1090529409366971,0.0882135054851732,0.0886556116223952,0.1502897057025228,0.1090529409366971,41.030530323775054,1.4983946136407758,-2.2159218179984954,3.714316431639271,-1.117048500301465,-0.8763057881871694,-0.24074271211429554,41.030530323775054,3.714316431639271,50.72352555756972,3.9263898179176984,50.470578433973614,3.9213905612330695,29.772498249857772,3.39358508987616,B
moussaka,8.0445,7.936,1.683,500,7.316,8.013,0.148,0.697,Mediterranean,bake,7.124,7.8365,7.447,0.38,2160.3,2159.3,0.8,37.2145,bake,8,465,,0.4957284408361567,0.5166670819214669,0.538,0.5167985075858745,0.5115309908984451,0.5167656511697727,0.5220988806894059,0.5167985075858745,15.566027923684114,2.0849886281089525,-0.660102214316145,2.7450908424250975,0.6639591046809847,1.6656195001578231,-1.0016603954768384,15.566027923684114,2.7450908424250975,15.726319896807746,2.7553357352680483,15.56701762547516,2.7451544212863315,15.408000854890998,2.7348869105393483,E
naan,4.2057,7.952,1.559,500,7.42,8.019,0.137,0.599,Indian,bake,7.203,0.7861,0.3966,0.38,284.2,283.2,0.8,1.0705,bake,5,147,,0.0495291184555392,0.0539057205501295,0.538,0.2138116130018896,0.172740989365302,0.1738351398889495,0.2948587097514172,0.2138116130018896,19.670119601795584,1.4364407480604628,-1.5426599647386732,2.979100712799136,-1.25114789644132,-0.223230097176489,-1.0279177992648312,19.670119601795584,2.979100712799136,24.346856038354886,3.1924027257245076,24.193612423165494,3.186088648865881,14.26344164479878,2.6576997354311604,D
nachos,8.4138,7.926,1.95,500,6.485,8.01,0.171,1.526,Mexican,bake,6.823,1.9215,1.532,0.38,668.3,667.3,0.8,5.843,bake,6,250,,0.1213852841526561,0.1486483456248754,0.538,0.2693445432591771,0.2323547284825469,0.2391704938506017,0.3365084074443829,0.2693445432591771,31.238056276134806,2.129873214978523,-1.3117638889834855,3.4416371039620084,0.8481961098686656,0.12296755965383491,0.7252285502148307,31.238056276134806,3.4416371039620084,36.21101259676751,3.589363287947927,35.179088626441086,3.560451832960232,25.003238593349582,3.219005360212119,C
okonomiyaki,5.0732,7.921,1.509,377,7.327,8.02,0.152,0.692,Japanese,pan_fry,7.216,1.149,0.902,0.2375,755.9,754.9,0.5,1.762,pan_fry,6,315,,0.0724960046026977,0.1702558800079728,0.34,0.1942506282035568,0.163811972303342,0.1882519411546608,0.2306879711526676,0.1942506282035568,26.116775255335355,1.6239717822111375,-1.6386060557444653,3.262577837955603,-0.8183680372474055,-0.3451751678057799,-0.4731928694416256,26.116775255335355,3.262577837955603,30.969653369447283,3.4330078014603274,26.948991701668817,3.2939458829878925,21.991610462613128,3.0906610380202384,C
onigiri,6.63,7.886,1.636,500,7.13,8.014,0.143,0.884,Japanese,raw,7.085,1.0421,1.0326,0.0,436.0,435.0,0.0,0.573,cold,3,182,,0.0657306143322892,0.0913489136934422,0.01,0.0556931760085771,0.0582025355895051,0.0646071104297934,0.0442698820064328,0.0556931760085771,119.04510525632328,1.891604804197771,-2.887897652865271,4.779502457063042,-0.041709034604078175,-1.2089557222271232,1.167246687623045,119.04510525632328,4.779502457063042,113.91256296393213,4.735431162561538,102.62028367921857,4.631035609875799,149.76321823122552,5.00905550175604,A
orange_chicken,3.6724,7.742,2.172,500,4.768,8.004,0.19,3.236,Chinese,deep_fry,6.438,2.3175,1.833,0.475,1259.3,1258.3,1.0,3.257,deep_fry,8,345,,0.1464469730870037,0.2944252043053617,0.67,0.3702907257974551,0.3143297876198423,0.3513243454244318,0.4452180443480914,0.3702907257974551,9.917612686872321,1.3008453992874078,-0.9934668364816452,2.294312235769053,-1.5172014974881383,0.7522758223153736,-2.269477319803512,9.917612686872321,2.294312235769053,11.683270706884088,2.4581579644743643,10.453018835240144,2.34689082044698,8.248542588558593,2.1100365288088003,E
osso_buco,8.8757,7.964,1.591,500,7.362,8.021,0.139,0.659,Italian,braise,7.166,15.8045,15.225,0.57,4119.8,4118.8,1.2,82.0375,braise,7,395,,1.0000000000000002,0.9999999999999998,0.802,0.934,0.9505,0.9505,0.901,0.934,9.50289079229122,2.1833172054905856,-0.06827884075329438,2.25159604624388,1.0786295588158346,4.266493944036651,-3.1878643852208164,9.50289079229122,2.25159604624388,9.33792740662809,2.2340843225442386,9.33792740662809,2.2340843225442386,9.850943396226414,2.2875672268643847,E
pad_see_ew,7.3499,7.902,1.805,500,6.498,8.023,0.158,1.525,Thai,stir_fry,6.887,1.991,1.744,0.2375,1086.4,1085.4,0.5,2.18,stir_fry,6,390,,0.1257837371348207,0.2517774566473988,0.34,0.2391870645940731,0.21083623272926,0.2423346626074046,0.2643902984455549,0.2391870645940731,30.72866842725627,1.9946867076900137,-1.4305093361518917,3.4251960438419053,0.3174358883166125,-0.06503707834020306,0.38247296665681557,30.72866842725627,3.4251960438419053,34.86070636368365,3.551360302757603,30.32954477464596,3.412122312509249,27.799431534412157,3.3250155720850794,C
pad_thai,6.6737,7.919,1.956,500,6.257,8.011,0.171,1.754,Thai,stir_fry,6.777,2.316,2.069,0.2375,1001.9,1000.9,0.5,1.2365,stir_fry,9,390,,0.1463520424471009,0.2309345724536575,0.34,0.2390955383002528,0.2159096643369648,0.237055296838604,0.2643216537251896,0.2390955383002528,27.912273258814484,1.8981744287644857,-1.4308920650840489,3.3290664938485346,-0.01990790509771022,-0.06560766210576614,0.045699757008055925,27.912273258814484,3.3290664938485346,30.909686328744062,3.43106960820331,28.15250318807979,3.337636273832259,25.248404381347143,3.2287629609066837,C
paella,8.4967,7.942,1.657,500,7.128,8.014,0.145,0.886,Spanish,simmer,7.111,2.681,2.4815,0.19,1401.0,1400.0,0.4,2.6325,simmer,9,440,,0.1694518314901233,0.3293771177994817,0.274,0.2576096497632017,0.2355701951949321,0.2755515167722717,0.2617072373224013,0.2576096497632017,32.98284830482974,2.13967785281932,-1.3563098251926804,3.4959876780120003,0.8895534013120957,0.049811098926157704,0.839742302385938,32.98284830482974,3.4959876780120003,36.06865458072513,3.5854241939903653,30.835250335501,3.428658526960882,32.466431142417285,3.4802066676137366,C
palak_paneer,7.8001,7.953,1.608,500,7.555,8.018,0.141,0.463,Indian,simmer,7.231,2.7469,2.5474,0.19,774.7,773.7,0.4,9.786,simmer,9,390,,0.1736224509365211,0.174893113414391,0.274,0.2075051881169707,0.1990345038218583,0.1993521694413258,0.224128891087728,0.2075051881169707,37.58990351413808,2.0541365541261842,-1.5725989366506006,3.6267354907767846,0.5420324215835869,-0.2625449596917597,0.8045773812753466,37.58990351413808,3.6267354907767846,39.18968746736152,3.6684136373739618,39.1272391058466,3.6668188767651744,34.801849784492546,3.5496705400945636,B
pancake,5.8499,7.94,1.63,500,7.364,8.023,0.143,0.659,American,pan_fry,7.162,1.1345,0.8875,0.2375,513.5,512.5,0.5,2.114,pan_fry,5,255,,0.0715783417503036,0.110465168427347,0.34,0.1740145033925502,0.1484054629819886,0.1581271696512494,0.2155108775444126,0.1740145033925502,33.61731284434101,1.7664245670805667,-1.748616630410514,3.5150411974910805,-0.4308866347852573,-0.4713291265549153,0.04044249176965803,33.61731284434101,3.5150411974910805,39.418360230512405,3.674231703459896,36.994907408397914,3.610780265560432,27.14433752326237,3.301168461948622,B
paneer_tikka,9.0043,7.934,1.674,500,7.245,8.015,0.147,0.769,Indian,grill,7.1,3.7719,3.4774,0.285,919.3,918.3,0.6,13.7355,grill,8,290,,0.2384917215367896,0.2105603448275861,0.406,0.2850173554547919,0.2733859469752914,0.2664031027979905,0.3152630165910939,0.2850173554547919,31.59211124400535,2.197702241014536,-1.2552052042349897,3.452907445249526,1.1427857431297685,0.2206733863214549,0.9221123568083136,31.59211124400535,3.452907445249526,32.93622111751709,3.4945729979961087,33.79953125706582,3.520446934258662,28.561231499217882,3.3520502562622694,C
panna_cotta,8.1261,7.971,1.047,500,7.717,8.026,0.092,0.31,Italian,cold,7.57,1.4655,1.456,0.0,585.5,584.5,0.0,4.258,cold,3,230,,0.0925263696221952,0.128224785728523,0.01,0.0769170517835727,0.0808193812432283,0.0897439852698103,0.0601877888376795,0.0769170517835727,105.6475750379125,2.095081103667516,-2.5650276873427966,4.6601087910103125,0.7046678499377265,-1.0766440284605738,1.7813118783983004,105.6475750379125,4.6601087910103125,100.54642679760518,4.610619579014425,90.54757235896457,4.505875374019334,135.01243619225298,4.905366894138263,A
papaya_salad,5.653,7.961,1.615,500,7.442,8.025,0.142,0.583,Thai,raw,7.193,0.201,0.1915,0.0,106.2,105.2,0.0,0.1185,raw,7,120,,0.0124998401841079,0.0099999999999999,0.01,0.0108332800613693,0.0112499200920539,0.0106249600460269,0.0106249600460269,0.0108332800613693,521.8179506092705,1.7321863776931536,-4.52513239573871,6.257318773431864,-0.5291164379844295,-1.4886166511682437,0.9595002131838142,521.8179506092705,6.257318773431864,502.49245805691146,6.21958063097863,532.049059526947,6.276735702245819,532.049059526947,6.276735702245819,A
pasta_bolognese,7.5553,7.944,1.737,500,7.177,8.015,0.152,0.838,Italian,simmer,7.058,6.6765,6.477,0.19,1951.1,1950.1,0.4,33.44,simmer,7,375,,0.4223154126446333,0.4650655272074944,0.274,0.3871269799507092,0.3959240881241903,0.4066116167649055,0.3588452349630319,0.3871269799507092,19.516335443636542,2.0222493037384472,-0.949002526202116,2.971251829940563,0.4199061858133619,0.8572346586427885,-0.43732847282942655,19.516335443636542,2.971251829940563,19.082698493530696,2.9487820864983414,18.581121858031715,2.9221461114354375,21.054480494295387,3.0471133875643166,D
pasta_carbonara,4.7848,7.958,1.709,500,7.311,8.021,0.15,0.71,Italian,boil,7.116,1.8885,1.689,0.19,969.1,968.1,0.4,4.734,boil,5,272,,0.1192968100747938,0.2228440801275662,0.274,0.20538029673412,0.1838594250692884,0.2097462425824816,0.22253522255059,0.20538029673412,23.297268901087808,1.56544422674821,-1.5828919124076954,3.1483361391559055,-0.9622455143557918,-0.2757917380330722,-0.6864537763227195,23.297268901087808,3.1483361391559055,26.024230186713694,3.2590280343023013,22.81232760638562,3.1273010743337997,21.501315365536115,3.0681141130545875,D
patatas_bravas,6.4532,7.928,1.34,500,7.39,8.019,0.117,0.629,Spanish,deep_fry,7.31,0.9015,0.417,0.475,553.7,552.7,1.0,1.092,deep_fry,6,295,,0.0568324490187304,0.1203809547538369,0.67,0.2824044679241891,0.2260114631978244,0.2418985896316011,0.3793033509431419,0.2824044679241891,22.850913257265987,1.8645761318098517,-1.264414952226912,3.1289910840367634,-0.12991131599368527,0.20438439280958898,-0.33429570880327425,22.850913257265987,3.1289910840367634,28.55253405598995,3.3517456906917587,26.67729485247469,3.2838128235708415,17.013295516514813,2.833995127590571,D
peking_duck,9.6586,7.882,1.614,500,7.064,8.018,0.141,0.954,Chinese,roast,7.07,2.945,2.5555,0.38,1554.1,1553.1,0.8,4.405,roast,6,405,,0.1861596241130217,0.3671409706996212,0.538,0.3637668649375477,0.3193650547314162,0.364610391378066,0.4073251487031608,0.3637668649375477,26.551621191936242,2.2678487101851847,-1.0112420974817378,3.2790908076669227,1.4692040277068037,0.7116054429076415,0.7575985847991622,26.551621191936242,3.2790908076669227,30.243133545474524,3.4092691684784215,26.490193994457382,3.2767746265662376,23.712260415913402,3.165992231505858,C
penne_arrabbiata,7.9222,7.923,1.522,193,7.395,8.023,0.215,0.629,Italian,boil,7.216,0.7355,0.536,0.19,486.7,485.7,0.4,0.9621,boil,6,253,,0.0463267915361503,0.103854644209687,0.274,0.1413938119152791,0.1176270568204969,0.1320090199888811,0.1745453589364593,0.1413938119152791,56.029326126003696,2.069668945031008,-1.9562062894526868,4.025875234483695,0.6029458749640794,-0.6746896713936991,1.2776355463577784,56.029326126003696,4.025875234483695,67.35015067230289,4.209905140007589,60.01256581305788,4.094553970512285,45.38762902818838,3.815239579549707,A
pho,8.6639,7.916,1.767,500,6.884,8.016,0.155,1.132,Vietnamese,boil,6.974,6.945,6.7455,0.19,1978.0,1977.0,0.4,33.071,boil,8,355,,0.4393079971872403,0.4717007175602949,0.274,0.395002904915845,0.4060791779836938,0.4141773580769575,0.3647521786868838,0.395002904915845,21.93376274497484,2.159164967619153,-0.9288621598907282,3.088027127509881,0.9729664185538505,0.9063339364166936,0.06663248213715689,21.93376274497484,3.088027127509881,21.335494331472226,3.0603720863491497,20.918333247927517,3.0406259633614785,23.75283961617512,3.1677020861199106,D
pita,5.3447,7.926,1.741,500,7.193,8.021,0.153,0.827,Mediterranean,bake,7.042,0.7217,0.3322,0.38,393.9,392.9,0.8,0.9013,bake,5,155,,0.0454534296490442,0.0809644707992824,0.538,0.2214726334827755,0.1774678325243427,0.1863455928119023,0.3006044751120817,0.2214726334827755,24.132552703924347,1.6761054156801145,-1.5074562479978146,3.183561663677929,-0.6829216605659671,-0.1754705547370053,-0.5074511058289619,24.132552703924347,3.183561663677929,30.11644377449014,3.4050713273850253,28.681654979599937,3.356257719073521,17.779841760530026,2.8780653301884507,D
pizza,6.2269,7.92,1.892,500,6.465,8.014,0.166,1.549,Italian,bake,6.838,2.9604,2.5709,0.38,1015.5,1014.5,0.8,9.7745,bake,5,328,,0.1871342453493575,0.2342891668327685,0.538,0.3198078040607087,0.2866394143828709,0.2984281447537237,0.3743558530455315,0.3198078040607087,19.47075687627046,1.8288786166638875,-1.140035075938477,2.9689136926023645,-0.2428082406456541,0.43756040689900916,-0.6803686475446633,19.47075687627046,2.9689136926023645,21.72380938401788,3.078408865691914,20.86565932023173,3.0381047128843934,16.633638687205583,2.8114270718690895,D
pizza_margherita,3.5873,7.937,1.61,500,7.116,8.028,0.141,0.912,Italian,bake,7.126,2.4919,2.1024,0.38,825.4,824.4,0.8,7.8516,bake,6,296,,0.1574842421530397,0.1873988439306358,0.538,0.2942943620278918,0.2600918320591788,0.2675704825035778,0.3552207715209189,0.2942943620278918,12.18949617410616,1.2773998304027792,-1.2231747811538989,2.500574611556678,-1.5596563286321177,0.2785071423132023,-1.8381634709453198,12.18949617410616,2.500574611556678,13.792436200702298,2.624120340502295,13.40693475018132,2.59577209176051,10.098790069737642,2.3124156215957297,E
pozole,5.1287,7.956,1.474,500,7.21,8.019,0.129,0.809,Mexican,simmer,7.237,1.1925,0.993,0.19,856.0,855.0,0.4,2.35,simmer,6,270,,0.0752489931598798,0.1949466812836356,0.274,0.1813985581478384,0.1548611669008488,0.1847855889317877,0.2045489186108788,0.1813985581478384,28.273102346382213,1.634852215762565,-1.7070586898010562,3.341910905563621,-0.7906801038926361,-0.42529621522925876,-0.36538388866337734,28.273102346382213,3.341910905563621,33.11805084927259,3.500078476615955,27.754870007169355,3.3234113205487157,25.073219818661187,3.2218003370570463,C
pulled_pork,8.706,7.908,1.779,500,7.055,8.011,0.156,0.956,American,slow_cook,6.972,2.1585,1.579,0.57,1244.8,1243.8,1.2,3.563,slow_cook,5,290,,0.1363843252573036,0.290848614709986,0.802,0.4097443133224298,0.3414043163061483,0.3800203886693189,0.5078082349918225,0.4097443133224298,21.247396771432935,2.1640124431301055,-0.892221939862241,3.0562343829923466,0.9939693373689095,0.998233301803932,-0.004263964435022527,21.247396771432935,3.0562343829923466,25.500556332138014,3.238700268872983,22.909297131359104,3.131542816438212,17.144267067941893,2.84166383597469,D
quesadilla,8.1261,7.911,1.985,500,6.251,8.011,0.174,1.76,Mexican,pan_fry,6.777,2.5205,2.2735,0.2375,790.1,789.1,0.5,8.012,pan_fry,5,255,,0.1592942530205204,0.1786916982260314,0.34,0.2259953170821839,0.209320051066768,0.2141694123681458,0.254496487811638,0.2259953170821839,35.95693974952993,2.095081103667516,-1.487241000799824,3.58232210446734,0.7046678499377265,-0.14727570786964306,0.8519435578073695,35.95693974952993,3.58232210446734,38.821412275539586,3.658971957180608,37.94239294092878,3.6360690342345565,31.93010665834579,3.4635493471015,B
quiche,6.8464,7.965,1.515,500,7.692,8.02,0.133,0.328,French,bake,7.306,3.3045,2.915,0.38,1352.2,1351.2,0.8,9.132,bake,6,360,,0.2089113341430672,0.3173400438509069,0.538,0.3547504593313247,0.3182906780342603,0.3453978554612202,0.4005628444984935,0.3547504593313247,19.29919981754188,1.9237229666804154,-1.0363406681399348,2.96006363482035,0.06624896139541832,0.6553962985415099,-0.5891473371460916,19.29919981754188,2.96006363482035,21.509897940721544,3.0685131985320524,19.8217791215229,2.98678128882501,17.091949725321438,2.8386075763616696,D
raita,6.5861,7.871,1.867,500,6.821,8.002,0.164,1.181,Indian,raw,6.859,0.5678,0.5583,0.0,221.6,220.6,0.0,1.525,raw,5,223,,0.0357135459950137,0.0384647199521626,0.01,0.0280594219823921,0.0299729529855475,0.0306607464748347,0.023544566486794,0.0280594219823921,234.71973172266064,1.8849613675619499,-3.5734308038645355,5.458392171426485,-0.06360994044685948,-1.3812272167974164,1.317617276350557,234.71973172266064,5.458392171426485,219.7347723187541,5.392421238686447,214.8055985983788,5.369733426533306,279.7290832980128,5.633821575131304,A
ramen,3.1131,7.914,1.81,500,6.767,8.015,0.159,1.248,Japanese,boil,6.942,1.321,1.1215,0.19,979.9,978.9,0.4,2.2865,boil,8,305,,0.083381384644889,0.2255080227227426,0.274,0.1942964691225439,0.1665676980031302,0.2020993575225936,0.2142223518419079,0.1942964691225439,16.022421889903466,1.1356190142972054,-1.6383700950616278,2.7739891093588334,-1.7962260222687219,-0.3448893910843507,-1.4513366311843712,16.022421889903466,2.7739891093588334,18.689698166696747,2.92797247188264,15.4038094834219,2.734614847882274,14.532097016176024,2.676359790374107,E
ratatouille,3.4085,7.933,1.502,500,7.394,8.018,0.132,0.624,French,simmer,7.242,0.74,0.5405,0.19,403.2,402.2,0.4,0.687,simmer,7,365,,0.0466115834558588,0.0832584213673509,0.274,0.1346233349410699,0.1126203970697671,0.1217821065476402,0.1694675012058024,0.1346233349410699,25.31879039760855,1.2262723118207028,-2.0052745117078277,3.2315468235285305,-1.6488563733858606,-0.7168974795038663,-0.9319588938819943,25.31879039760855,3.2315468235285305,30.2653878754172,3.4100047452343403,27.988512406513692,3.331794154795011,20.113000874785403,3.0013664156646147,C
ravioli,7.1841,7.961,1.569,500,7.533,8.025,0.138,0.492,Italian,boil,7.222,2.0345,1.835,0.19,788.0,787.0,0.4,6.206,boil,6,300,,0.1285367256920028,0.1781737093880805,0.274,0.1935701450266944,0.1773117901930215,0.1897210361170409,0.2136776087700208,0.1935701450266944,37.11367782985993,1.971870250724845,-1.6421153256040386,3.6139855763288837,0.23472130542975256,-0.3494173657278191,0.5841386711575717,37.11367782985993,3.6139855763288837,40.51676423874235,3.7017158202871494,37.866649619012485,3.6340707674167048,33.621211138375195,3.515157151673524,B
red_curry,7.5144,7.945,1.601,500,7.385,8.018,0.14,0.633,Thai,simmer,7.176,2.335,2.1355,0.19,1529.6,1528.6,0.4,2.619,simmer,8,555,,0.1475544972192034,0.3610977675901933,0.274,0.2608840882697989,0.23255169050715,0.2859375080998975,0.2641630662023492,0.2608840882697989,28.803596454793446,2.0168211796981685,-1.3436790765498106,3.3605002562479793,0.3995019250167844,0.0702242651892539,0.3292776598275305,28.803596454793446,3.3605002562479793,32.312816060861806,3.4754639336014463,26.279868108015783,3.2688031748829554,28.446065939603994,3.3480098712077835,C
ribs,8.833,7.917,1.775,500,7.013,8.015,0.156,1.002,American,smoke,7.004,3.0445,2.3225,0.7125,1849.0,1848.0,1.5,5.3125,smoke,5,390,,0.192456689893243,0.4398814032290213,1.0,0.5441126977074214,0.4561986957538768,0.5180548740878215,0.6580845232805661,0.5441126977074214,16.233769285696127,2.178494707762995,-0.6085988886785316,2.787093596441527,1.0573273109915347,1.8358988024472356,-0.7785714914557009,16.233769285696127,2.787093596441527,19.362177231575167,2.963321535833879,17.050317334728167,2.8361688155638416,13.422288000281934,2.5969166088357434,E
risotto,8.7482,7.941,1.733,500,7.24,8.016,0.152,0.776,Italian,simmer,7.082,1.7245,1.525,0.19,701.2,700.2,0.4,4.21,simmer,6,240,,0.1089177267787508,0.1567635040861072,0.274,0.1798937436216193,0.1621497394109022,0.1741111837377413,0.2034203077162145,0.1798937436216193,48.629817935195035,2.168847964921723,-1.7153889156085966,3.8842368805303193,1.0150221443521759,-0.43467737448967647,1.4496995188418524,48.629817935195035,3.8842368805303193,53.951366383829125,3.9880830182384592,50.24490565279922,3.9169091617560845,43.005539113648126,3.761328923993885,B
samgyeopsal,5.2916,7.929,1.52,500,7.401,8.022,0.133,0.622,Korean,grill,7.223,1.809,1.5145,0.285,1295.8,1294.8,0.6,3.589,grill,6,270,,0.1142654861599437,0.3034283436316523,0.406,0.274564609930532,0.2344898289878849,0.2817805433558121,0.307423457447899,0.274564609930532,19.272695054686164,1.6661206576060879,-1.2925686725753445,2.958689330181432,-0.7094122778837733,0.15550996002328013,-0.8649222379070534,19.272695054686164,2.958689330181432,22.56643720045271,3.1164637228285264,18.779153226765377,2.9327473836669475,17.212739860284735,2.845649799195717,D
samosa,7.0585,7.965,1.431,500,7.633,8.019,0.125,0.386,Indian,deep_fry,7.343,0.7475,0.263,0.475,278.0,277.0,1.0,0.6215,deep_fry,6,206,,0.047086236655373,0.0523764201714171,0.67,0.2564875522755967,0.2041372233705408,0.2054597692495518,0.3598656642066976,0.2564875522755967,27.519854033366965,1.9542325643421172,-1.3606751446888634,3.3149077090309804,0.1720617661620229,0.04281583469024848,0.12924593147177443,27.519854033366965,3.3149077090309804,34.57723135181341,3.5431954120356988,34.35465748735819,3.5367375986286014,19.614263604614916,2.976257036495139,C
sashimi,6.7171,7.937,1.623,500,7.236,8.017,0.142,0.781,Japanese,raw,7.112,1.8165,1.807,0.0,326.0,325.0,0.0,0.785,raw,2,160,,0.1147401393594579,0.0642161650388678,0.01,0.0629854347994419,0.0759241109394459,0.0632931173592984,0.0497390760995814,0.0629854347994419,106.64529063566168,1.9046565137725386,-2.7648517729796307,4.669508286752169,0.0017435599040372654,-1.1634950758196443,1.1652386357236815,106.64529063566168,4.669508286752169,88.47123682959287,4.482677491612254,106.12686308163315,4.664635200016949,135.04673843462345,4.9056209291482,A
satay,7.6778,7.918,1.659,500,7.003,8.024,0.145,1.021,Thai,grill,7.066,1.5179,1.2234,0.285,890.6,889.6,0.6,2.043,grill,7,234,,0.0958426133094675,0.2034811640422563,0.406,0.2351079257839079,0.2002915976652978,0.227201235348495,0.277830944337931,0.2351079257839079,32.65649158530202,2.038333047789222,-1.4477106116100293,3.486043659399251,0.4810191918666815,-0.09046682410406011,0.5714860159707417,32.65649158530202,3.486043659399251,38.33311077197645,3.6463140337298454,33.79295006131162,3.520252202665839,27.634790711654308,3.3190755119493045,C
scallion_pancake,8.706,7.775,1.658,500,6.808,8.003,0.145,1.195,Chinese,pan_fry,6.964,0.5236,0.2766,0.2375,324.4,323.4,0.5,0.666,pan_fry,5,167,,0.0329162564725436,0.0638215068766194,0.34,0.145579254449721,0.1174135049554266,0.1251398175564456,0.1941844408372907,0.145579254449721,59.80247689073588,2.1640124431301055,-1.9270346365462365,4.091047079676342,0.9939693373689095,-0.6485972179339502,1.6425665553028597,59.80247689073588,4.091047079676342,74.14819959003044,4.306065787642235,69.57018293616314,4.242336069458657,44.83366413117956,3.8029592887371857,A
shawarma,8.167,7.952,1.716,500,7.516,8.017,0.15,0.501,Mediterranean,roast,7.158,2.0475,1.658,0.38,1046.9,1045.9,0.8,3.0215,roast,8,378,,0.129359457904494,0.2420343332668925,0.538,0.3031312637237955,0.2596883122689701,0.2878570311095698,0.3618484477928466,0.3031312637237955,26.94212368487843,2.1001016443761387,-1.1935893536728055,3.293690998048944,0.7250721107343043,0.3335972419457589,0.3914748687885454,26.94212368487843,3.293690998048944,31.449239777649655,3.4483748104425165,28.371723172852832,3.3453929862378495,22.57022256089792,3.1166314516978804,C
souffle,6.1345,7.953,1.215,500,7.482,8.024,0.106,0.542,French,bake,7.419,2.5855,2.196,0.38,839.9,838.9,0.8,7.304,bake,5,260,,0.1634079140829764,0.1909754335260115,0.538,0.2974611158696626,0.263947815422991,0.2708396952837498,0.357595836902247,0.2974611158696626,20.622863536516586,1.8139285752491006,-1.212471765497946,3.0264003407470463,-0.2889049080687291,0.29824899196349375,-0.5871539000322228,20.622863536516586,3.0264003407470463,23.241336512556938,3.1459324394762906,22.64992948531081,3.120156738692886,17.154841770926257,2.8422804527718846,D
soup,4.6016,7.899,1.968,500,6.109,8.013,0.172,1.905,Other,simmer,6.733,0.7254,0.5259,0.19,312.4,311.4,0.4,1.084,simmer,7,203,,0.0456875918941379,0.0608615706597568,0.274,0.1268497208512982,0.1065591886120082,0.1103526833034129,0.1636372906384737,0.1268497208512982,36.27599626643488,1.526404069104536,-2.0647521935596997,3.591156262664236,-1.0536406385106332,-0.7653589413880786,-0.2882816971225546,36.27599626643488,3.591156262664236,43.18351199871509,3.765458755700384,41.69903134433058,3.730477899382211,28.12072958459318,3.336507012003939,B
spanakopita,5.4494,7.973,1.474,500,7.755,8.021,0.129,0.267,Mediterranean,bake,7.365,2.1975,1.808,0.38,655.7,654.7,0.8,6.49,bake,6,330,,0.1388525218947772,0.1455404125971696,0.538,0.2741309781639822,0.240311364096681,0.2419833367722791,0.3400982336229867,0.2741309781639822,19.878818645371148,1.6955055108714927,-1.2941492643141377,2.98965477518563,-0.6306887484534566,0.15280665766175855,-0.7834954061152151,19.878818645371148,2.98965477518563,22.67641407839382,3.1213253569406776,22.519732443925317,3.1143919223805443,16.023017649779653,2.774026291552919,D
spring_rolls,7.4323,7.913,1.921,500,6.637,8.014,0.168,1.378,Chinese,deep_fry,6.845,1.1495,0.665,0.475,587.3,586.3,1.0,1.5695,deep_fry,6,215,,0.0725276481493319,0.1286687761610523,0.67,0.2903988081034614,0.2359310181149291,0.2499663001178592,0.3852991060775961,0.2903988081034614,25.593424603010313,2.005835366681783,-1.2365001003668423,3.2423354670486253,0.3585437389190085,0.25422188247825983,0.10432185644074865,25.593424603010313,3.2423354670486253,31.502004523964303,3.4500511794883297,29.733208022424094,3.39226453641651,19.28968918631022,2.9595707141030276,C
steak,6.0409,7.864,1.896,500,6.265,8.016,0.166,1.752,American,grill,6.761,15.4751,15.1806,0.285,3955.0,3954.0,0.6,82.159,grill,5,274,,0.979153231477338,0.9593502092884192,0.406,0.7815011469219191,0.8309141680607738,0.8259634125135441,0.6876258601914393,0.7815011469219191,7.729867094620598,1.798553007468856,-0.24653866153125517,2.045091669000111,-0.33560023351028595,3.3158013484840287,-3.651401581994315,7.729867094620598,2.045091669000111,7.270185335867523,1.983781784462231,7.313762218130869,1.9897578086888492,8.785155343515113,2.1730634042960526,E
sundubu_jjigae,8.0445,7.837,1.525,280,7.124,8.0,0.179,0.876,Korean,boil,7.119,1.23,1.0305,0.19,659.6,658.6,0.4,0.697,simmer,7,250,,0.0776222591574506,0.1465023918676499,0.274,0.1660415503417002,0.1439367275456378,0.1611567607231876,0.1930311627562751,0.1660415503417002,48.44871650165313,2.0849886281089525,-1.795517218682975,3.8805058467919276,0.6639591046809847,-0.521033286797031,1.1849923914780156,48.44871650165313,3.8805058467919276,55.88914057705905,4.023370096120241,49.9172356400096,3.910366346726786,41.67461815560393,3.729892266161863,B
sushi,5.1287,7.934,1.78,500,6.978,8.023,0.156,1.045,Japanese,raw,6.974,1.1451,1.1356,0.0,510.9,509.9,0.0,0.7365,raw,5,247,,0.0722491849389503,0.1098238489136934,0.01,0.0640243446175479,0.0660805546978985,0.0754742206915842,0.0505182584631609,0.0640243446175479,80.10546661018562,1.634852215762565,-2.748491883301179,4.383344099063744,-0.7906801038926361,-1.1570184115589983,0.3663383076663622,80.10546661018562,4.383344099063744,77.61284728082198,4.351732971228554,67.95300372769373,4.2188163445898805,101.52171028896352,4.620272670082228,A
sweet_and_sour,5.0732,7.744,2.188,500,5.189,8.004,0.192,2.815,Chinese,deep_fry,6.416,2.1365,1.652,0.475,1284.6,1283.6,1.0,3.472,deep_fry,9,380,,0.1349920092053954,0.3006657364959138,0.67,0.3685525819004364,0.3101624387266761,0.3515808705493057,0.4439144364253273,0.3685525819004364,13.7651999989801,1.6239717822111375,-0.9981718858078551,2.6221436680189925,-0.8183680372474055,0.7414400651962391,-1.5598081024436445,13.7651999989801,2.6221436680189925,16.35659050408308,2.7946309050594875,14.429681546876239,2.669287303718714,11.428328487923334,2.4360952280859203,E
tabbouleh,7.1423,7.964,1.393,500,7.556,8.023,0.122,0.467,Mediterranean,raw,7.356,0.3775,0.368,0.0,443.6,442.6,0.0,0.815,raw,6,200,,0.0236700121460077,0.0932235399641219,0.01,0.0422978507033765,0.0376408910640343,0.0550292730185629,0.0342233880275324,0.0422978507033765,168.85727953618817,1.9660348533306744,-3.1630190050156988,5.129053858346373,0.21386805111931365,-1.2924634754044702,1.5063315265237838,168.85727953618817,5.129053858346373,189.74843044628224,5.245699144548682,129.79092050863008,4.865924851966914,208.696462029244,5.340880861516097,A
taco,7.0585,7.91,1.719,500,7.017,8.002,0.151,0.986,Mexican,grill,7.05,6.887,6.5925,0.285,1744.0,1743.0,0.6,34.59,grill,6,245,,0.4356373457776641,0.4139819613314729,0.406,0.418539769036379,0.4228141632217003,0.4174003171101526,0.4154048267772843,0.418539769036379,16.864586168839033,1.9542325643421172,-0.870983366001421,2.8252159303435382,0.1720617661620229,1.0530650231774772,-0.8810032570154542,16.864586168839033,2.8252159303435382,16.69409545370152,2.815055091257024,16.910624430927903,2.827942088954196,16.991858411371695,2.8327343123607163,E
takoyaki,6.7171,7.896,1.56,500,7.16,8.014,0.137,0.854,Japanese,pan_fry,7.144,0.818,0.571,0.2375,318.3,317.3,0.5,0.4315,pan_fry,6,185,,0.0515479767308061,0.0623168726330476,0.34,0.1512882831212846,0.1263532065236649,0.1290454304992253,0.1984662123409634,0.1512882831212846,44.39934052668867,1.9046565137725386,-1.888568102552826,3.7932246163253645,0.0017435599040372654,-0.6130065811763467,0.614750141080384,44.39934052668867,3.7932246163253645,53.16129431778166,3.9733305811367146,52.05221117876255,3.952247275979257,33.8450556433257,3.5217929220226174,B
tamale,8.3312,7.957,1.577,500,7.522,8.02,0.138,0.498,Mexican,steam,7.247,0.8955,0.7435,0.1425,663.0,662.0,0.3,1.805,steam,5,200,,0.0564527264591191,0.1473410404624277,0.208,0.1372645889738489,0.1170616233451664,0.1397837018459936,0.1549484417303867,0.1372645889738489,60.69445923585745,2.1200075034264976,-1.9858449093499677,4.105852412776465,0.8069884829298563,-0.7004316464746118,1.507420129404468,60.69445923585745,4.105852412776465,71.16935304608523,4.265062291008309,59.600653652590225,4.087666541336502,53.76756233855163,3.9846703548218523,A
tandoori_chicken,5.2379,7.95,1.692,500,6.989,8.017,0.148,1.027,Indian,roast,7.061,2.2714,1.9769,0.285,1231.8,1230.8,0.6,3.6885,grill,8,355,,0.1435294380873234,0.2876420171417181,0.406,0.2790571517430138,0.2451752233290912,0.2812033680926899,0.3107928638072604,0.2790571517430138,18.76999018761443,1.655920654647075,-1.276338673181596,2.932259327828671,-0.7362022242108202,0.18351690007646349,-0.9197191242872836,18.76999018761443,2.932259327828671,21.363904267640155,3.0617027814545725,18.626732800275313,2.9245977961944116,16.853347067995447,2.8245492761224216,D
tapas,7.4734,7.948,1.232,500,7.468,8.025,0.108,0.557,Spanish,stir_fry,7.397,1.37,1.123,0.2375,699.4,698.4,0.5,3.836,pan_fry,6,170,,0.0864824522150482,0.1563195136535778,0.34,0.1942673219562087,0.1673211045209185,0.1847803698805509,0.2307004914671565,0.1942673219562087,38.46967119711795,2.011350049542717,-1.6385201201903663,3.649870169733083,0.3790477760519998,-0.3450710973375907,0.7241188733895905,38.46967119711795,3.649870169733083,44.665017132167414,3.799190580724028,40.4447723793988,3.699937398549488,32.394382658105194,3.4779850330173048,B
tempura,7.8001,7.904,1.748,500,6.85,8.017,0.153,1.167,Japanese,deep_fry,6.976,2.3195,1.835,0.475,793.8,792.8,1.0,1.231,deep_fry,4,240,,0.1465735472735408,0.1796043452262307,0.67,0.3320592974999239,0.2856878599433281,0.2939455594315006,0.4165444731249429,0.3320592974999239,23.490081617129803,2.0541365541261842,-1.1024417190864853,3.1565782732126695,0.5420324215835869,0.5139374016240768,0.028095019959510137,23.490081617129803,3.1565782732126695,27.302875248347284,3.306992017097386,26.535866080391294,3.27849725491779,18.725731592315118,2.929898598990664,D
teriyaki,4.2749,7.878,2.003,500,6.042,8.012,0.176,1.97,Japanese,grill,6.712,2.45,2.1555,0.285,1328.7,1327.7,0.6,2.937,grill,6,395,,0.1548325129450872,0.3115435020928842,0.406,0.2907920050126571,0.2568021319957647,0.2959798792827139,0.3195940037594929,0.2907920050126571,14.700885603144174,1.4527607103022653,-1.23514702677961,2.6879077370818756,-1.2166252840422207,0.2566731100292968,-1.4732983940715174,14.700885603144174,2.6879077370818756,16.64666865020616,2.8122101153388663,14.44321151275524,2.6702245126670108,13.37603318495622,2.593464537272,E
thai_iced_tea,6.2269,7.947,1.529,500,7.352,8.016,0.134,0.664,Thai,cold,7.216,0.3815,0.372,0.0,224.6,223.6,0.0,0.81,cold,3,120,,0.023923160519082,0.0392047040063783,0.01,0.0243759548418201,0.0242627562611355,0.0280831421329596,0.020781966131365,0.0243759548418201,255.45255726011388,1.8288786166638875,-3.7141580898677202,5.543036706531607,-0.2428082406456541,-1.4041903071146282,1.161382066468974,255.45255726011388,5.543036706531607,256.6443784449319,5.547691385181512,221.7308864698526,5.401464423426753,299.629975366099,5.702548297926983,A
tikka_masala,6.9741,7.96,1.781,500,7.289,8.02,0.156,0.731,Indian,simmer,7.079,2.3429,2.1434,0.19,1215.7,1214.7,0.4,4.2305,simmer,11,455,,0.1480544652560251,0.2836707693840941,0.274,0.2352417448800396,0.213444924974036,0.2473490010060533,0.2449313086600298,0.2352417448800396,29.64652384956764,1.942203287123987,-1.44714159197171,3.389344879095697,0.12995615219549078,-0.08963258291949981,0.2195887351149906,29.64652384956764,3.389344879095697,32.674002442776974,3.486579729366418,28.195383735668795,3.33915826722749,28.473697536480355,3.348980767689408,C
tiramisu,8.29,7.973,1.315,500,7.718,8.028,0.115,0.31,Italian,cold,7.448,1.522,1.5125,0.0,947.6,946.6,0.0,3.946,cold,5,205,,0.0961020903918685,0.2175408610723539,0.01,0.1078809838214075,0.1049362604640227,0.1352959531341441,0.0834107378660556,0.1078809838214075,76.84394140976458,2.1150499691472033,-2.226726661161836,4.34177663030904,0.7864345576286573,-0.8836118821631063,1.6700464397917636,76.84394140976458,4.34177663030904,79.00033757008349,4.369452125496924,61.273081773411036,4.115340623716667,99.38768331377698,4.599028195660834,A
tom_kha,5.8981,7.957,1.595,500,7.356,8.027,0.14,0.671,Thai,boil,7.207,1.2495,1.05,0.19,895.9,894.9,0.4,1.545,simmer,7,330,,0.0788563574761874,0.2047884692047039,0.274,0.1858816088936304,0.1591252960392697,0.1906083239713988,0.2079112066702228,0.1858816088936304,31.730411820220212,1.774630265149318,-1.682645319252838,3.457275584402156,-0.4068405377095836,-0.39734844340353276,-0.009492094306050858,31.730411820220212,3.457275584402156,37.06575979311573,3.61269362683601,30.94355942652863,3.4321648814022248,28.368360197895626,3.3452744465825877,C
tom_yum,7.7593,7.914,1.647,500,7.1,8.017,0.144,0.917,Thai,boil,7.086,1.563,1.3635,0.19,430.0,429.0,0.4,0.348,boil,8,225,,0.0986968612158793,0.0898689455850109,0.274,0.1541886022669634,0.1403156670041924,0.1381086880964753,0.1841414517002225,0.1541886022669634,50.32343432600475,2.0488921239407376,-1.869578735844416,3.9184708597851534,0.5216780489552161,-0.5949257111836748,1.116603760138891,50.32343432600475,3.9184708597851534,55.29888547490684,4.012752754164374,56.18256249440129,4.0286064328537865,42.137714937926845,3.7409431814175784,B
tteokbokki,5.8981,7.81,1.718,500,6.467,8.008,0.151,1.54,Korean,simmer,6.906,1.1205,0.921,0.19,499.0,498.0,0.4,0.593,simmer,6,230,,0.0706923224445438,0.1068885788319712,0.274,0.1505269670921717,0.1305683059302647,0.1396173700271216,0.1813952253191288,0.1505269670921717,39.18301227970956,1.774630265149318,-1.8936130275079344,3.6682432926572526,-0.4068405377095836,-0.6177526989152294,0.21091216120564582,39.18301227970956,3.6682432926572526,45.17252451104114,3.8104890372135003,42.2447436078638,3.743479934415218,32.51518880733199,3.4817073280805744,B
udon,6.3182,7.866,1.793,500,6.796,8.005,0.157,1.209,Japanese,boil,6.941,0.7345,0.535,0.19,524.2,523.2,0.4,0.959,boil,5,290,,0.0462635044428818,0.1131044448873828,0.274,0.1444559831100882,0.1199078634432866,0.1366180985544119,0.1768419873325661,0.1444559831100882,43.73789069840724,1.843434357466077,-1.9347804329893694,3.778214790455446,-0.19726034307285345,-0.6555998000769032,0.45833945700404977,43.73789069840724,3.778214790455446,52.69212392386884,3.964465993218395,46.24716686042592,3.834000205010271,35.72794049253755,3.575933029527045,B
vindaloo,7.9222,7.958,1.467,500,7.586,8.017,0.129,0.431,Indian,simmer,7.325,1.7869,1.5874,0.19,1368.3,1367.3,0.4,3.7205,simmer,9,315,,0.1128668413987086,0.3213112916085309,0.274,0.2360593776690798,0.2052612436014871,0.2573723561539426,0.2455445332518099,0.2360593776690798,33.560200311574775,2.069668945031008,-1.4436719053098617,3.51334085034087,0.6029458749640794,-0.08453538105383351,0.6874812560179129,33.560200311574775,3.51334085034087,38.595693278468495,3.653140697149373,30.7810835568583,3.42690033106786,32.26380117318945,3.473945895054851,C
waffle,5.2916,7.944,1.466,500,7.441,8.021,0.128,0.58,American,bake,7.266,1.208,0.961,0.2375,550.2,549.2,0.5,2.3245,pan_fry,5,265,,0.0762299431055424,0.1195176400239186,0.34,0.1785825277098203,0.1529943815587509,0.1638163057883449,0.2189368957823652,0.1785825277098203,29.631118272658505,1.6661206576060879,-1.7227044444976627,3.3888251021037505,-0.7094122778837733,-0.4428516212683053,-0.26656065661546796,29.631118272658505,3.3888251021037505,34.58689100924918,3.543474737708282,32.302034736620726,3.475130223186331,24.169521455443167,3.1850923954065675,C
wonton_soup,5.8499,7.846,1.948,500,6.226,8.01,0.171,1.784,Chinese,boil,6.753,1.2425,1.043,0.19,723.1,722.1,0.4,1.6915,boil,7,178,,0.0784133478233075,0.1621653876818815,0.274,0.1715262451683963,0.1482480208321241,0.1691860307967677,0.1971446838762973,0.1715262451683963,34.10498489171058,1.7664245670805667,-1.763018991032632,3.529443558113199,-0.4308866347852573,-0.4868411689196854,0.05595453413442808,34.10498489171058,3.529443558113199,39.460223260750446,3.67529315847888,34.57673173399942,3.543180962601662,29.673130844708176,3.3902419509705073,B
xiao_long_bao,8.7482,7.92,1.609,500,6.974,8.028,0.141,1.055,Chinese,steam,7.102,0.862,0.71,0.1425,650.8,649.8,0.3,1.6725,steam,5,158,,0.0543326088346225,0.144331771975284,0.208,0.1355547936033021,0.1152492474111322,0.1377490381962976,0.1536660952024766,0.1355547936033021,64.53626439505636,2.168847964921723,-1.9983793395660985,4.167227304487821,1.0150221443521759,-0.7110906761386363,1.7261128204908123,64.53626439505636,4.167227304487821,75.90678634796006,4.329506092103675,63.50824742263161,4.1511697781362455,56.929929718543455,4.041821208438137,A
yakitori,3.314,7.845,1.81,500,6.359,8.009,0.159,1.649,Japanese,grill,6.842,1.4135,1.119,0.285,725.1,724.1,0.6,1.936,grill,4,180,,0.0892354407722303,0.162658710384692,0.406,0.2192980503856408,0.1867823979822882,0.2051382153854036,0.2659735377892306,0.2192980503856408,15.111853453198753,1.1981559190043711,-1.5173235137681689,2.71547943277254,-1.6960006923412783,-0.18902711602997016,-1.5069735763113081,15.111853453198753,2.71547943277254,17.74257122619366,2.87596690584849,16.154961637809997,2.7822272246410202,12.459886150877772,2.5225143761488447,E
