dish_id,H_mean,H_median,H_std,H_n,H_q25,H_q75,H_ci95,H_iqr,E_carbon,E_carbon_ingredients,E_carbon_cooking,E_water,E_water_ingredients,E_energy,E_land,cook_method,cuisine,n_ingredients,total_grams,missing_ingredients,E_carbon_norm,E_water_norm,E_energy_norm,E_composite,log_H,log_E,log_DEI
ackee_saltfish,7.339952403465204,7.9937005043029785,1.3979683508716894,113,7.6224188804626465,8.031105041503906,0.257759208196941,0.40868616104125977,1.1,0.8625,0.2375,273.725,273.225,0.5,0.671,saute,Caribbean,6,240,,0.06158460703915249,0.04901342630368667,0.3333333333333333,0.14797712222539083,1.9933323580638742,-1.9106975967248434,3.904029954788718
adobo,7.153592399120331,7.935737371444702,1.5532735963824083,500,7.065959334373474,8.025099039077759,0.13615043368733212,0.9591397047042847,2.0755,1.5055,0.57,992.99,991.79,1.2,2.5529999999999995,braise,Filipino,6,293,,0.12383930565748746,0.22686002522068094,0.7999999999999999,0.38356644362605613,1.9676146639718988,-0.9582424173121228,2.9258570812840214
aji_de_gallina,7.522912708681021,7.966932773590088,1.0825573293209738,201,7.637361526489258,8.036707878112793,0.14966110496581975,0.39934635162353516,1.8719999999999999,1.682,0.19,1053.4300000000003,1053.0300000000002,0.4,4.061,simmer,South American,7,290,,0.11085229267047447,0.24180451499641475,0.26666666666666666,0.20644115811118527,2.017953391251564,-1.5777398558007347,3.5956932470522984
al_pastor,7.392412082433701,7.97294020652771,1.347750218101606,500,7.628683567047119,8.027307033538818,0.11813551529112204,0.3986234664916992,1.831,1.546,0.285,1288.7500000000002,1288.1500000000003,0.6,3.6359999999999997,grill,Mexican,5,300,,0.10823574459938096,0.2999901095368791,0.39999999999999997,0.26940861804542,2.0004540798680535,-1.3115260257424055,3.311980105610459
aloo_gobi,7.3358586823940275,7.976035118103027,1.488031417427725,500,7.638302326202393,8.028378963470459,0.1304317045593313,0.3900766372680664,0.49460000000000004,0.25710000000000005,0.2375,164.88,164.38,0.5,0.34400000000000003,stir_fry,Indian,7,261,,0.022949041130859313,0.02210023984373068,0.3333333333333333,0.1261275381026411,1.9927744711909234,-2.070461676803084,4.063236147994008
anticucho,7.339257034095558,7.973073482513428,1.3487232078104392,185,7.334596157073975,8.026643753051758,0.19435380061374202,0.6920475959777832,12.313500000000001,12.028500000000001,0.285,3126.545,3125.945,0.6,65.26849999999999,grill,South American,5,223,,0.7772105044832318,0.7544062013203768,0.39999999999999997,0.6438722352678695,1.9932376159903145,-0.44025496500136346,2.433492580991678
arancini,7.457803727626801,7.984033107757568,1.2442869028233539,500,7.682353854179382,8.0335111618042,0.10906655585044721,0.3511573076248169,1.976,1.5010000000000001,0.475,747.29,746.29,1.0,3.671,deep_fry,Italian,5,240,,0.11748939021666294,0.16610785550033377,0.6666666666666666,0.3167546374612211,2.0092609643852297,-1.149627819126513,3.1588887835117427
arepa,7.62740522146225,7.981897354125977,1.054365377037033,500,7.840365648269653,8.033949851989746,0.09241920012213845,0.19358420372009277,1.1205,0.883,0.2375,354.4699999999999,353.9699999999999,0.5,3.3819999999999997,pan_fry,South American,3,160,,0.06289288107469926,0.06897856242118534,0.3333333333333333,0.15506825894307263,2.0317477116333866,-1.8638898787239382,3.8956375903573246
arroz_con_pollo,7.272643348455429,7.965729475021362,1.5104747274128243,500,7.537439584732056,8.030098676681519,0.13239894741658917,0.4926590919494629,2.3725,2.1825,0.19,1398.8249999999998,1398.4249999999997,0.4,2.8465,simmer,Caribbean,7,470,,0.1427933246115064,0.32720742773780376,0.26666666666666666,0.24555580633865892,1.984119822221551,-1.4042310405184233,3.3883508627399745
asado,7.520690446615219,7.9753098487854,1.2306844301405866,500,7.770249247550964,8.031664371490479,0.10787424655008175,0.26141512393951416,15.2865,15.0015,0.285,3854.4,3853.8,0.6,81.55,grill,South American,2,255,,0.9669421487603306,0.934376777192592,0.39999999999999997,0.7671063086509742,2.0176579484565065,-0.2651298840238828,2.2827878324803894
bacalhau,7.5148088194660305,7.9540228843688965,1.1534979400930347,194,7.724915981292725,8.038109540939331,0.16231999837955563,0.31319355964660645,1.7759999999999998,1.396,0.38,720.66,719.86,0.8,0.799,bake,Portuguese,5,360,,0.10472574108937743,0.15952327967757088,0.5333333333333333,0.2658607847000939,2.016875583023193,-1.3247824729932374,3.3416580560164304
bak_kut_teh,6.878615935643514,7.9184510707855225,1.8567248454189538,12,6.4582377672195435,8.047260999679565,1.0505409775274253,1.589023232460022,1.6685,1.4785000000000001,0.19,1263.8900000000003,1263.4900000000002,0.4,3.521,simmer,Indonesian,4,225,,0.0978652796834615,0.29384318670721765,0.26666666666666666,0.2194583776857819,1.928417459562584,-1.516592687747081,3.445010147309665
banh_xeo,7.15713390524202,7.886968612670898,1.4714938691123265,373,7.031981468200684,8.020880699157715,0.1493344863282137,0.9888992309570312,1.5539000000000003,1.3164000000000002,0.2375,712.77,712.27,0.5,1.132,pan_fry,Vietnamese,6,242,,0.09055170873352693,0.15757238582696634,0.3333333333333333,0.19381914263127553,1.9681096082701355,-1.6408298092162386,3.608939417486374
beef_tartare,7.6014783098697665,7.994604587554932,1.1265310113638056,500,7.830443620681763,8.031233549118042,0.09874479687070545,0.2007899284362793,11.0205,11.0205,0.0,3030.125,3030.125,0.0,59.18399999999999,raw,French,5,245,,0.694693512875331,0.7305652399673614,0.0,0.4750862509475642,2.0283427428333494,-0.7442589104890793,2.772601653322429
biltong,7.936849236488342,7.9979472160339355,0.20961293364256983,20,7.9455225467681885,8.050065279006958,0.091866918643236,0.10454273223876953,12.0195,12.0195,0.0,3114.25,3114.25,0.0,65.2605,raw,African,5,221,,0.7584479402661221,0.7513661202185792,0.0,0.5032713534949004,2.0715163749035534,-0.6866257841753288,2.7581421590788824
birria,7.432018946647644,7.965187072753906,1.33554382262163,500,7.654881954193115,8.028224229812622,0.11706557755302593,0.37334227561950684,12.760500000000002,12.190500000000002,0.57,3216.055,3214.855,1.2,65.43249999999999,braise,Mexican,7,333,,0.805737260282715,0.7765385851692505,0.7999999999999999,0.7940919484839885,2.005797550841932,-0.23055602030377706,2.2363535711457088
blini,7.542095698562323,7.99277400970459,1.200905115104147,102,7.846260905265808,8.03006100654602,0.23305835681742434,0.1838001012802124,0.9179999999999999,0.6805,0.2375,421.755,421.255,0.5,1.674,pan_fry,Russian,4,195,,0.04996968633332269,0.08561555769848923,0.3333333333333333,0.15630619245504843,2.0205000875069663,-1.8559384233053005,3.8764385108122665
boat_noodles,7.349054095537766,7.96184778213501,1.5330322421908513,46,7.581611394882202,8.027246475219727,0.4430252143688084,0.4456350803375244,4.533500000000001,4.343500000000001,0.19,1361.3000000000002,1360.9,0.4,20.025,simmer,Thai,6,265,,0.2807045534318262,0.3179289370224761,0.26666666666666666,0.2884333857069896,1.9945716104582418,-1.2432911184578073,3.237862728916049
borek,7.338206803569427,7.970098495483398,1.4630865395355634,208,7.6638970375061035,8.03443455696106,0.1988357256908428,0.37053751945495605,2.171,1.791,0.38,671.2499999999999,670.4499999999999,0.8,6.5569999999999995,bake,Turkish,5,230,,0.12993394811576625,0.14730608510743512,0.5333333333333333,0.27019112218551156,1.9930945080883582,-1.3086257104521097,3.301720218540468
borscht,7.527890446662902,7.984659433364868,1.1894265842567158,500,7.779033422470093,8.035460948944092,0.10425783690842118,0.256427526473999,3.5909999999999997,3.401,0.19,895.17,894.77,0.4,16.956999999999997,simmer,Eastern European,7,310,,0.22055585691949323,0.20267289765843283,0.26666666666666666,0.22996514041486424,2.018614849395956,-1.4698275449594702,3.4884423943554266
bossam,7.472921006533564,7.985716342926025,1.1483644680468246,49,7.750101089477539,8.038887977600098,0.3215420510531109,0.2887868881225586,2.013,1.823,0.19,1518.1900000000003,1517.7900000000002,0.4,4.3665,boil,Korean,4,285,,0.11985066530521074,0.35672180599856596,0.26666666666666666,0.2477463793234811,2.0112859543762354,-1.3953497201130118,3.406635674489247
bouillabaisse,7.20385843205452,7.962230682373047,1.5898700347039734,500,7.435946941375732,8.029115676879883,0.13935825294113094,0.5931687355041504,1.8499999999999996,1.6599999999999997,0.19,703.83,703.4300000000001,0.4,1.1070000000000002,simmer,French,7,320,,0.10944829126647306,0.15536186731943724,0.26666666666666666,0.177158941750859,1.9746167758233577,-1.730707973353995,3.7053247491773527
bratwurst,7.149126127958298,7.941607713699341,1.5516405171191678,500,7.072257995605469,8.026102304458618,0.1360072879785183,0.9538443088531494,1.4969999999999999,1.212,0.285,875.9,875.3,0.6,2.4179999999999997,grill,German,4,230,,0.08692045055681417,0.1979081670499221,0.39999999999999997,0.22827620586891206,1.9669901293704875,-1.4771989539664179,3.444189083336905
budae_jjigae,7.262259967085244,7.963327884674072,1.434134710257368,69,7.213860988616943,8.029593467712402,0.3383930798471215,0.815732479095459,1.144,0.954,0.19,563.31,562.91,0.4,2.347,simmer,Korean,6,185,,0.0643926098471553,0.12061667037559032,0.26666666666666666,0.15055864896313742,1.9826910706280803,-1.893402576597009,3.8760936472250895
bun_rieu,7.262236066950046,7.9281885623931885,1.4178734144710183,246,7.349457502365112,8.029590129852295,0.17718460194311153,0.6801326274871826,1.6079999999999999,1.418,0.19,615.02,614.62,0.4,0.5529999999999999,simmer,Vietnamese,5,310,,0.09400427582245763,0.13340256657517988,0.26666666666666666,0.16469116968810138,1.9826877796174809,-1.8036832577586126,3.7863710373760933
caldo_verde,7.2614961231456085,7.9895853996276855,1.3686638308430352,17,7.261536598205566,8.03279972076416,0.6506214858491495,0.7712631225585938,0.6995,0.5095,0.19,494.2049999999999,493.80499999999995,0.4,1.1564999999999999,boil,Portuguese,5,290,,0.0360253996617633,0.10352965902628389,0.26666666666666666,0.13540724178490463,1.982585885173905,-1.9994684355552892,3.982054320729194
callaloo,7.425584492860017,7.941853046417236,1.3413847999629829,189,7.6659674644470215,8.030417442321777,0.19123991854779984,0.36444997787475586,0.7745,0.5845,0.19,282.495,282.095,0.4,0.16000000000000003,simmer,Caribbean,5,285,,0.04081176808449535,0.05118191034295181,0.26666666666666666,0.1195534483647046,2.0049314011676467,-2.1239917409542373,4.128923142121884
cannoli,7.345049713134766,7.953588962554932,1.410273495487878,500,7.625253677368164,8.02836799621582,0.1236159221888638,0.40311431884765625,1.525,1.05,0.475,635.95,634.95,1.0,3.1300000000000003,deep_fry,Italian,5,180,,0.08870736143463415,0.13857775140320946,0.6666666666666666,0.2979839265015034,1.9940265778990238,-1.2107157318458523,3.2047423097448764
carnitas,7.245420201301575,7.959055185317993,1.5191394356860324,500,7.366723895072937,8.022307872772217,0.1331584425833898,0.6555839776992798,2.4255,1.8555,0.57,1551.665,1550.465,1.2,4.475,braise,Mexican,5,295,,0.14617569163023705,0.36499888732289887,0.7999999999999999,0.43705819298437865,1.9803695728901696,-0.8276889280282032,2.8080585009183725
causa,7.329247765745853,7.968344688415527,1.410586805709271,163,7.472463607788086,8.031536102294922,0.21655194381263612,0.5590724945068359,0.6519999999999999,0.6519999999999999,0.0,429.95,429.95,0.0,1.055,cold,South American,5,320,,0.03299403299403299,0.08764186633039091,0.0,0.04021196644147463,1.9918728865867663,-3.2135906549793836,5.20546354156615
char_kway_teow,7.19737764634192,7.911874294281006,1.5030280273668095,64,7.303964138031006,8.011514902114868,0.3682418667048683,0.7075507640838623,2.2105,1.973,0.2375,998.15,997.65,0.5,1.3019999999999998,stir_fry,Indonesian,6,375,,0.13245476881840518,0.22813589496328163,0.3333333333333333,0.23130799903834007,1.9737167438934866,-1.4640051273840515,3.437721871277538
char_siu_bao,7.066637585401535,7.890444755554199,1.606705080319539,500,6.890368223190308,8.026383399963379,0.14083390975203897,1.1360151767730713,0.7765000000000001,0.6340000000000001,0.1425,595.415,595.115,0.3,1.4429999999999998,steam,Chinese,5,165,,0.040939404575768217,0.1285550033380313,0.19999999999999998,0.12316480263793317,1.9553847777280218,-2.09423196157462,4.049616739302642
chilaquiles,7.330795008182526,7.97397255897522,1.5164286559511508,500,7.7000298500061035,8.026586771011353,0.13292083226322823,0.326556921005249,1.3735,1.136,0.2375,472.44999999999993,471.94999999999993,0.5,3.2669999999999995,pan_fry,Mexican,6,250,,0.07903889722071539,0.09815048339638502,0.3333333333333333,0.1701742379834779,1.992083969523737,-1.7709324374987359,3.763016407022473
chili,7.075906547828702,7.923542499542236,1.6643901150016809,277,7.167537689208984,8.0260009765625,0.19600687951164888,0.8584632873535156,9.469,9.279,0.19,2810.755,2810.355,0.4,49.52049999999999,simmer,American,7,370,,0.5956795047704138,0.6763234675963702,0.26666666666666666,0.5128898796778169,1.9566955692895667,-0.667694116351448,2.624389685641015
chimichurri,7.4868385598659515,7.9707441329956055,1.1731384610242965,500,7.666297435760498,8.031638860702515,0.10283011995809674,0.3653414249420166,0.28950000000000004,0.28950000000000004,0.0,644.09,644.09,0.0,1.0929999999999997,raw,South American,5,100,,0.009859918950828044,0.14059046064831987,0.0,0.05015012653304931,2.01314662028947,-2.9927342414856644,5.005880861775134
chole_bhature,7.289588176098066,7.904305458068848,1.3318597790137505,97,7.372687816619873,7.993286609649658,0.2650505489469949,0.6205987930297852,0.886,0.41100000000000003,0.475,781.7199999999999,780.7199999999999,1.0,1.31,deep_fry,Indian,5,280,,0.04792750247295702,0.17462107163167911,0.6666666666666666,0.29640508025710094,1.9864470528059341,-1.2160282458383296,3.2024752986442637
churrasco,7.089513427972793,7.921742916107178,1.6496092533819433,500,7.062790751457214,8.025370836257935,0.14459462633348824,0.9625800848007202,15.3504,15.0654,0.285,4001.6250000000005,4001.0250000000005,0.6,81.816,grill,South American,4,268,,0.9710201346564983,0.9707798630170859,0.39999999999999997,0.780599999224528,1.9586167102585375,-0.24769242522905308,2.2063091354875906
churros_mexican,7.543559185504913,7.982565879821777,1.181635734257812,500,7.797641158103943,8.028658628463745,0.10357493879657911,0.23101747035980225,1.1325,0.6575000000000001,0.475,524.0450000000001,523.0450000000001,1.0,1.559,deep_fry,Mexican,5,185,,0.06365870002233638,0.11090794451450191,0.6666666666666666,0.2804111037345016,2.0206941111616805,-1.2714985249819888,3.2921926361436693
cobb_salad,7.0837995507717135,7.9365553855896,1.660842392117552,500,7.1712281703948975,8.017668008804321,0.1455792543565777,0.8464398384094238,1.6260000000000001,1.6260000000000001,0.0,889.97,889.97,0.0,3.657,cold,American,7,310,,0.09515300424391333,0.20138713745271122,0.0,0.09884671389887485,1.9578104234688225,-2.3141849732273907,4.271995396696213
conch_fritters,7.1416408004760745,7.952407598495483,1.6764251410969504,500,7.454572916030884,8.022868394851685,0.14694514252755234,0.5682954788208008,1.4340000000000002,0.9590000000000002,0.475,514.78,513.78,1.0,1.197,deep_fry,Caribbean,6,260,,0.08289990108171927,0.10861706599411516,0.6666666666666666,0.28606121124750034,1.9659425539388469,-1.25154946572153,3.217492019660377
coquito,7.585839964308828,7.976197719573975,1.0616976803646596,53,7.771467208862305,8.020853996276855,0.2858373685510931,0.24938678741455078,0.7460000000000001,0.7460000000000001,0.0,568.41,568.41,0.0,1.348,cold,Caribbean,5,263,,0.03899294808385718,0.12187770442350962,0.0,0.05362355083578893,2.0262833468549926,-2.9257669261403443,4.952050272995336
couscous,7.368318971157074,7.9450294971466064,1.2890415750830835,500,7.4471515417099,8.02666163444519,0.11298947583819961,0.5795100927352905,0.5565,0.41400000000000003,0.1425,513.1600000000001,512.8600000000001,0.3,1.181,steam,African,5,260,,0.02689939053575417,0.1082165022377173,0.19999999999999998,0.11170529759115715,1.9971895894325005,-2.1918911470740654,4.189080736506566
coxinha,7.36263070865111,7.9942991733551025,1.5786505891309668,66,7.732413411140442,8.03562331199646,0.38086417131300404,0.30320990085601807,1.794,1.319,0.475,897.07,896.07,1.0,2.815,deep_fry,South American,5,260,,0.10587446951083314,0.2031426946566773,0.6666666666666666,0.32522794361139234,1.9964173021173817,-1.1232289775357285,3.11964627965311
croquetas,7.393125408411026,7.971824407577515,1.3754746485431313,500,7.63416063785553,8.02900743484497,0.12056566876642688,0.3948467969894409,1.6470000000000002,1.1720000000000002,0.475,711.54,710.54,1.0,2.844,deep_fry,Spanish,6,250,,0.09649318740227832,0.15726825408599757,0.6666666666666666,0.3068093693849809,2.0005505695598647,-1.1815286708908688,3.1820792404507334
cubano_sandwich,7.529457939863205,7.983975887298584,1.203733698590061,500,7.798907518386841,8.030595302581787,0.10551191077270107,0.2316877841949463,1.7095,1.472,0.2375,887.74,887.24,0.5,4.624,pan_fry,Caribbean,4,220,,0.10048182775455503,0.20083574413371905,0.3333333333333333,0.2115503017405358,2.0188230524826785,-1.553292475485072,3.5721155279677506
currywurst,7.558553283555167,7.984049320220947,1.082175356464608,280,7.726812243461609,8.034798383712769,0.12675780074358822,0.30798614025115967,1.502,1.217,0.285,812.6,812.0,0.6,2.297,grill,German,3,200,,0.08723954178499632,0.18225650916104147,0.39999999999999997,0.2231653503153459,2.022679807269794,-1.499842301048682,3.522522108318476
dakgalbi,7.097912706434727,7.801095008850098,1.65202693273205,16,7.16145932674408,7.977769374847412,0.8094931970387045,0.8163100481033325,1.7065000000000001,1.469,0.2375,947.2950000000001,946.7950000000001,0.5,2.528,stir_fry,Korean,6,320,,0.10029037301764575,0.2155614074129021,0.3333333333333333,0.2163950379212937,1.9598007558160122,-1.5306496623961217,3.490450418212134
dan_tat,7.338909786822749,7.923532962799072,1.28911526339116,255,7.332948207855225,8.033720016479492,0.15822595722105828,0.7007718086242676,1.3559999999999999,0.976,0.38,562.75,561.95,0.8,2.4000000000000004,bake,Chinese,5,190,,0.0779220779220779,0.12047820389189723,0.5333333333333333,0.2439112050491028,1.9931903011890713,-1.4109510336547921,3.4041413348438634
dim_sum_items,6.851997286319732,7.699815273284912,1.6955930026250243,500,6.369669795036316,8.006872653961182,0.1486252796688673,1.6372028589248657,1.5065000000000002,1.364,0.1425,677.495,677.195,0.3,1.214,steam,Chinese,4,185,,0.08752672389036026,0.14885023366219122,0.19999999999999998,0.1454589858508505,1.9245401844197245,-1.9278611162939994,3.8524013007137237
doner_kebab,7.3077648918628695,7.960468053817749,1.4583711839575577,500,7.588812351226807,8.021785736083984,0.1278318704672332,0.43297338485717773,4.206999999999999,3.826999999999999,0.38,1699.9550000000002,1699.1550000000002,0.8,55.885000000000005,roast,Turkish,6,295,,0.2598678962315325,0.40166530672798756,0.5333333333333333,0.39828884543095117,1.988937466660385,-0.9205777946324649,2.90951526129285
doro_wot,7.359909827381261,7.953178882598877,1.4069587183916754,269,7.610584259033203,8.027329444885254,0.16813622265224049,0.4167451858520508,2.228,2.0380000000000003,0.19,1263.63,1263.23,0.4,4.0135,simmer,African,7,405,,0.13357158811704264,0.2937788986969315,0.26666666666666666,0.23133905116021358,1.9960476809512295,-1.4638708906180036,3.459918571569233
duck_confit,7.60519855260849,7.97362208366394,0.9717389254565839,500,7.729562997817993,8.028607368469238,0.08517667231317808,0.2990443706512451,2.576,2.0060000000000002,0.57,1179.195,1177.995,1.2,3.503,slow_cook,French,3,260,,0.1557803375985194,0.2729013673565264,0.7999999999999999,0.4095605683183486,2.028832033537241,-0.8926704786450047,2.9215025121822458
eclair,7.258126831054687,7.9705140590667725,1.5479726791165604,500,7.517730236053467,8.03183102607727,0.13568578780243024,0.5141007900238037,1.8039999999999998,1.424,0.38,907.6399999999999,906.8399999999999,0.8,4.285,bake,French,5,190,,0.1065126519671974,0.2057562495363845,0.5333333333333333,0.28186741161230505,1.982121783294397,-1.266318490196913,3.24844027349131
eggplant_parm,7.099483235359192,7.952380180358887,1.6612200020890924,500,7.0790101289749146,8.026593923568726,0.14561235332993927,0.947583794593811,2.2649999999999997,1.8849999999999998,0.38,823.89,823.09,0.8,6.194999999999999,bake,Italian,6,410,,0.13593286320559045,0.18504809237692554,0.5333333333333333,0.2847714296386164,1.9600219976461775,-1.2560684217565703,3.2160904194027475
eggs_benedict,7.311706743478775,7.970882177352905,1.5025963195168377,500,7.62260639667511,8.031651735305786,0.13170837451668121,0.40904533863067627,1.2735,1.0835000000000001,0.19,775.7699999999999,775.3699999999999,0.4,2.308,boil,American,5,225,,0.07265707265707265,0.17314986524243994,0.26666666666666666,0.1708245348553931,1.9894767271493756,-1.7671183612495271,3.7565950883989028
egusi_soup,7.321121558337144,7.888113498687744,1.355738177616955,71,7.37526273727417,8.017548561096191,0.31535717969175664,0.6422858238220215,1.103,0.913,0.19,504.83,504.43,0.4,0.6780000000000002,simmer,African,6,310,,0.06177606177606177,0.10615681329278243,0.26666666666666666,0.14486651391183694,1.9907635345885561,-1.931942554279668,3.922706088868224
escovitch_fish,7.359685101160189,7.971999883651733,1.4422833574617469,82,7.595250368118286,8.031975030899048,0.31217616230583406,0.4367246627807617,1.7910000000000004,1.3160000000000003,0.475,464.81000000000006,463.81000000000006,1.0,1.1300000000000001,deep_fry,Caribbean,6,355,,0.10568301477392388,0.09626140494028634,0.6666666666666666,0.28953702879362564,1.996017146657021,-1.2394720841254785,3.235489230782499
fattoush,7.5472469737529755,7.997317790985107,1.181407327345632,500,7.839087247848511,8.036137104034424,0.10355491804799823,0.19704985618591309,0.27,0.27,0.0,295.8,295.8,0.0,0.5245,cold,Lebanese,7,205,,0.008615463160917707,0.05447172563855303,0.0,0.02102906293315691,2.0211828575258646,-3.861849848835807,5.883032706361671
feijoada,7.383831954130563,7.958357334136963,1.29472058492595,186,7.495398998260498,8.030137062072754,0.18606969776738663,0.5347380638122559,2.0995,1.9095,0.19,2005.445,2005.0449999999998,0.4,3.8249999999999997,simmer,South American,6,485,,0.1253709435527617,0.4772012461983532,0.26666666666666666,0.28974628547259385,1.9992927388335862,-1.2387496166111664,3.238042355444753
fesenjan,7.537194828192393,7.974671840667725,1.19697323840288,24,7.5073782205581665,8.030606508255005,0.4788890327427904,0.5232282876968384,1.8739999999999999,1.684,0.19,1678.61,1678.2099999999998,0.4,2.9179999999999997,simmer,Persian,5,335,,0.11097992916174733,0.39638750834507824,0.26666666666666666,0.2580113680578307,2.0198500740950234,-1.3547516327915776,3.374601706886601
fish_tacos,7.179400765657425,7.940693378448486,1.6061036683761034,500,7.391754388809204,8.02219820022583,0.14078119367090927,0.630443811416626,1.043,0.8055,0.2375,322.73,322.23,0.5,0.714,pan_fry,Mexican,6,240,,0.05794696703787612,0.061130479934722946,0.3333333333333333,0.1508035934353108,1.9712159207551658,-1.8917769945455676,3.862992915300733
focaccia,7.361998827457428,7.9788384437561035,1.4057877741096712,500,7.5323954820632935,8.032874822616577,0.12322273137401586,0.5004793405532837,0.6929000000000001,0.3129,0.38,508.67,507.87,0.8,0.958,bake,Italian,3,143,,0.03560419924056288,0.10710629775239225,0.5333333333333333,0.22534794344209616,1.996331475687247,-1.4901096559483777,3.4864411316356247
fondue,7.417668215513229,7.960502624511719,1.3295242804907987,500,7.675601363182068,8.025758028030396,0.11653794142142579,0.35015666484832764,3.549,3.359,0.19,928.04,927.64,0.4,13.56,simmer,Swiss,3,280,,0.2178754906027633,0.2108003857280617,0.26666666666666666,0.23178084766583054,2.0038647511209384,-1.461962975882517,3.4658277270034556
fufu,7.155579532186191,7.856105804443359,1.4122313392488879,384,6.922499656677246,8.019266366958618,0.1412525523470233,1.096766710281372,0.315,0.125,0.19,75.5,75.1,0.4,0.25,boil,African,2,350,,0.01148728421455694,0.0,0.26666666666666666,0.09271798362707452,1.9678924065398367,-2.3781928270909636,4.3460852336308005
ful_medames,7.1423463181394045,7.913780450820923,1.5744994777909513,244,7.235918045043945,8.019560813903809,0.1975621205804809,0.7836427688598633,0.47500000000000003,0.28500000000000003,0.19,1011.785,1011.385,0.4,1.3359999999999999,simmer,African,6,213,,0.021698203516385333,0.23150730657963056,0.26666666666666666,0.17329072558756087,1.9660413383549968,-1.7527846002098848,3.7188259385648816
gado_gado,7.284128943005124,7.981411695480347,1.6636580165055554,74,7.740019798278809,8.031554698944092,0.37905677954815364,0.2915349006652832,0.521,0.521,0.0,422.87,422.87,0.0,0.605,cold,Indonesian,6,270,,0.024633842815660997,0.08589125435798531,0.0,0.0368416990578821,1.985697863933435,-3.3011249487377263,5.286822812671161
galaktoboureko,7.584672064884849,7.9659528732299805,1.1097770617069775,92,7.809842944145203,8.023555278778076,0.22677642348069632,0.21371233463287354,1.6639999999999997,1.2839999999999998,0.38,664.54,663.74,0.8,3.15,bake,Greek,5,330,,0.09757809757809756,0.1456469599188982,0.5333333333333333,0.25885279694344304,2.02612937717697,-1.3514957304252937,3.377625107602264
galette,7.647886563945749,7.9959633350372314,0.9949077861753787,358,7.8408743143081665,8.03557801246643,0.10306172037382369,0.19470369815826416,1.6529999999999998,1.4154999999999998,0.2375,632.145,631.645,0.5,4.787,pan_fry,French,4,205,,0.09687609687609686,0.13763692109883044,0.3333333333333333,0.18928211710275353,2.034429343519039,-1.6645166937831588,3.6989460373021976
gambas_al_ajillo,7.299732411384583,7.948303461074829,1.441242481520483,500,7.469059944152832,8.024795770645142,0.12633047350101914,0.5557358264923096,2.8985,2.661,0.2375,1299.535,1299.035,0.5,1.646,saute,Spanish,4,260,,0.17636172181626725,0.30265682565586133,0.3333333333333333,0.27078396026848733,1.9878376915077842,-1.3064339706122423,3.2942716621200265
ghormeh_sabzi,7.061534643173218,7.787478446960449,1.583823416918944,45,6.832540035247803,7.990536212921143,0.46276081174600187,1.1579961776733398,3.1170000000000004,2.5470000000000006,0.57,1341.8499999999997,1340.6499999999996,1.2,37.425000000000004,braise,Persian,6,275,,0.19030600848782667,0.313119699329921,0.7999999999999999,0.4344752359392492,1.9546623994376575,-0.8336163302870099,2.7882787297246674
gozleme,7.829094552993775,8.029211521148682,0.5869399738456548,20,7.936606168746948,8.045440912246704,0.25723778532524316,0.10883474349975586,1.3955,1.158,0.2375,462.63,462.13,0.5,4.295,pan_fry,Turkish,5,220,,0.0804428986247168,0.09572237470019533,0.3333333333333333,0.16983286888608182,2.0578468651288437,-1.7729404497149643,3.830787314843808
gulab_jamun,7.2486881422996525,7.957492113113403,1.5533916384563502,500,7.46268904209137,8.023272514343262,0.13616078053131248,0.5605834722518921,1.2995,0.8245,0.475,446.295,445.295,1.0,1.9800000000000002,deep_fry,Indian,5,235,,0.07431634704361977,0.09168335682318325,0.6666666666666666,0.27755545684448985,1.9808205066041977,-1.2817345212772486,3.2625550278814464
gyudon,7.010474032402039,7.938460350036621,1.8193470550161333,500,7.1339111328125,8.02371597290039,0.15947280063546085,0.8898048400878906,7.163,6.973,0.19,2110.11,2109.71,0.4,33.239,simmer,Japanese,6,365,,0.44851463033281214,0.5030808792621715,0.26666666666666666,0.4060873920872168,1.9474053210714883,-0.9011868910973263,2.8485922121688145
halloumi,7.691988510131836,7.999863862991333,0.8901797697025478,500,7.825688362121582,8.038867950439453,0.07802769710820018,0.2131795883178711,3.525,3.2399999999999998,0.285,903.9,903.3,0.6,13.433,grill,Lebanese,2,160,,0.21634385270748904,0.20483149123457706,0.39999999999999997,0.2737251146473554,2.0401793339828065,-1.2956309073813612,3.3358102413641677
halo_halo,7.407492066860199,7.976338624954224,1.281253764973159,500,7.657592296600342,8.03368854522705,0.11230684418437488,0.376096248626709,0.6815000000000001,0.6815000000000001,0.0,324.745,324.745,0.0,1.7700000000000002,cold,Filipino,6,225,,0.034876671240307605,0.061628712014440076,0.0,0.032168461084915896,2.0024919295045236,-3.436768775837941,5.439260705342464
harissa,7.581241381168366,7.957940101623535,0.9557669327580863,500,7.671011447906494,8.032131671905518,0.08377666542590721,0.36112022399902344,0.277,0.277,0.0,447.91,447.91,0.0,0.626,raw,African,6,120,,0.0090621908803727,0.09208268427169103,0.0,0.03371495838402124,2.025676956848026,-3.3898136711424534,5.415490627990479
horiatiki,7.326377140045166,7.969720840454102,1.490660241610977,500,7.674818515777588,8.027547836303711,0.1306621311586575,0.35272932052612305,1.229,1.229,0.0,551.02,551.02,0.0,4.141,cold,Greek,6,260,,0.06981716072625163,0.11757782558168285,0.0,0.062464995435978166,1.9914811426992347,-2.7731489521636132,4.764630094862848
hot_dog,7.057903029918671,7.8635029792785645,1.5955157184695108,500,6.863742709159851,8.013890743255615,0.1398531189421559,1.1501480340957642,0.9695,0.6845,0.285,510.175,509.575,0.6,1.366,grill,American,4,155,,0.05325632598359871,0.10747842642731746,0.39999999999999997,0.18691158413697204,1.9541479861276216,-1.677119586040191,3.631267572167813
hu_tieu,6.963926987701587,7.868200778961182,1.6817462369563774,267,6.740947723388672,8.023544788360596,0.20172554861908268,1.2825970649719238,1.8215,1.6315,0.19,905.125,904.725,0.4,1.5959999999999994,boil,Vietnamese,6,285,,0.10762947126583489,0.2051343866676557,0.26666666666666666,0.1931435082000524,1.9407435376036515,-1.6443218005819629,3.5850653381856143
idli,6.451770156934327,7.664886951446533,2.022406339463017,477,4.941144943237305,7.998676300048828,0.18149526521040196,3.0575313568115234,0.6375,0.495,0.1425,544.0,543.7,0.3,0.6699999999999999,steam,Indian,2,150,,0.03206866843230479,0.11584204930395865,0.19999999999999998,0.11597023924542114,1.864354536090662,-2.154421679021593,4.018776215112255
injera,7.2875367732048035,7.9358954429626465,1.4173088177250486,500,7.412551283836365,8.029836416244507,0.12423259537248824,0.6172851324081421,0.4775,0.24,0.2375,274.75,274.25,0.5,0.54,pan_fry,African,2,350,,0.0218577491304764,0.049266869421160646,0.3333333333333333,0.1348193172949901,1.9861655977297186,-2.0038197873955808,3.9899853851252995
iskender_kebab,7.50305340513587,7.977483510971069,1.3395377087265838,160,7.816999912261963,8.028664112091064,0.20756351839170142,0.21166419982910156,4.378,4.093,0.285,1817.9399999999998,1817.34,0.6,56.78999999999999,grill,Turkish,5,300,,0.2707808162353617,0.4308384640110773,0.39999999999999997,0.36720642674881293,2.0153100583759076,-1.0018311183497097,3.0171411767256173
jalebi,7.204847073554992,7.957202911376953,1.4252542869923657,50,6.9850791692733765,8.030086040496826,0.39506033272901975,1.0450068712234497,0.979,0.504,0.475,398.08,397.08,1.0,0.9440000000000001,deep_fry,Indian,4,190,,0.053862599317144766,0.07976163983878544,0.6666666666666666,0.26676363527419894,1.9747540041818163,-1.3213922738022672,3.2961462779840836
jerk_chicken,6.702607189178467,7.833520174026489,1.9494881211090405,500,6.083297371864319,8.020431995391846,0.17088016803702374,1.9371346235275269,2.1505,1.8655,0.285,1219.08,1218.48,0.6,3.2364999999999995,grill,Caribbean,9,340,,0.12862567408021955,0.2827633953959894,0.39999999999999997,0.2704630231587363,1.9024965834176257,-1.3076198881589145,3.2101164715765402
jjajangmyeon,7.212090999401849,7.925655364990234,1.541185418454965,232,7.289000034332275,8.025308609008789,0.19832020847928544,0.7363085746765137,1.2305000000000001,0.9930000000000001,0.2375,882.1999999999999,881.6999999999999,0.5,2.206,stir_fry,Korean,6,335,,0.06991288809470628,0.19946591499146946,0.3333333333333333,0.20090404547316967,1.9757589230376529,-1.6049278706135186,3.5806867936511715
jokbal,6.718750735123952,7.649279356002808,1.7232367416690022,12,5.855764865875244,7.94542384147644,0.975012972746451,2.0896589756011963,2.4114999999999998,1.8415,0.57,1546.645,1545.445,1.2,4.3855,braise,Korean,4,275,,0.14528223619132705,0.3637576342012214,0.7999999999999999,0.43634662346418285,1.9049022347417277,-0.829318343539154,2.7342205782808815
jollof_rice,7.308565909765204,7.942525863647461,1.4646486444733797,196,7.435112357139587,8.031314373016357,0.20505081022627317,0.59620201587677,2.1495,1.9595,0.19,1065.865,1065.465,0.4,2.118,simmer,African,7,505,,0.1285618558345831,0.24487921271913557,0.26666666666666666,0.21336924507346178,1.989047072540822,-1.5447310691816392,3.533778141722461
karaage,7.220797721624375,7.91517972946167,1.4181439079509235,500,7.099329710006714,8.021799087524414,0.1243057942581744,0.9224693775177002,2.0965,1.6215,0.475,1129.255,1128.255,1.0,3.0235,deep_fry,Japanese,6,295,,0.12517948881585242,0.26055312415003834,0.6666666666666666,0.35079975987751916,1.9769654345610206,-1.0475397029840037,3.0245051375450243
kare_kare,7.3560547767226225,7.919363975524902,1.296514895350231,194,7.489776015281677,8.024557113647461,0.18244531558967977,0.5347810983657837,9.3995,9.2095,0.19,2531.9750000000004,2531.5750000000003,0.4,49.233000000000004,simmer,Filipino,6,275,,0.5912441366986821,0.6073918848750093,0.26666666666666666,0.48843422941345266,1.9955237532508667,-0.7165504544072827,2.7120742076581497
katsu_curry,7.272997164820123,7.946760177612305,1.4812976282772516,254,7.521985292434692,8.033547163009644,0.18217196401598973,0.5115618705749512,2.8080000000000003,2.333,0.475,1725.85,1724.85,1.0,3.851,deep_fry,Japanese,7,470,,0.17058617058617057,0.4080681452909032,0.6666666666666666,0.4151069941812468,1.984168471349713,-0.8792189746763995,2.8633874460261124
keftedes,7.430293907838709,7.986223220825195,1.3939725771637328,85,7.622679233551025,8.021027565002441,0.29634720716376495,0.398348331451416,9.491999999999999,9.254499999999998,0.2375,2729.71,2729.21,0.5,49.660500000000006,pan_fry,Greek,6,233,,0.5971473244200516,0.6562841530054645,0.3333333333333333,0.528921603586283,2.005565414856965,-0.6369150554855815,2.6424804703425466
khao_man_gai,6.972988091707229,7.892414569854736,1.7953185953097792,500,7.041834115982056,8.023279905319214,0.15736661327897836,0.9814457893371582,2.5045,2.3145000000000002,0.19,1409.345,1408.945,0.4,3.028,boil,Thai,5,425,,0.15121733303551488,0.3298086195386099,0.26666666666666666,0.24923087308026382,1.9420438404656142,-1.3893756109773148,3.3314194514429287
kibbeh,7.608057905673981,7.986745834350586,1.0983729356601535,500,7.819125652313232,8.032029628753662,0.09627663271225856,0.2129039764404297,3.6260000000000003,3.1510000000000002,0.475,1575.9399999999998,1574.9399999999998,1.0,45.064,deep_fry,Lebanese,5,235,,0.22278949551676827,0.37100116212941664,0.6666666666666666,0.42015244143761715,2.0292079363700104,-0.8671376777533966,2.896345614123407
kitfo,7.508724423179849,7.9457268714904785,1.1600348860287404,171,7.6977527141571045,8.03465747833252,0.17387176639990815,0.33690476417541504,12.360000000000001,12.360000000000001,0.0,3269.59,3269.59,0.0,66.45,raw,African,3,240,,0.7801780529053257,0.7897757337487328,0.0,0.5233179288846862,2.016065600907726,-0.6475661049933105,2.6636317059010364
kofte,7.28824171590805,7.954598426818848,1.5065730359164267,500,7.548778772354126,8.026489734649658,0.1320569490779926,0.4777109622955322,9.3335,9.0485,0.285,2393.3599999999997,2392.7599999999998,0.6,49.0185,grill,Turkish,5,205,,0.587032132486678,0.5731177212372969,0.39999999999999997,0.5200499512413249,1.9862623256958198,-0.653830411940667,2.640092737636487
koobideh,7.243240074934186,7.968321084976196,1.6129122019957407,296,7.579241871833801,8.025802850723267,0.18374729028343695,0.44656097888946533,12.3104,12.0254,0.285,3118.4300000000003,3117.8300000000004,0.6,65.265,grill,Persian,4,246,,0.7770126679217587,0.752399673614717,0.39999999999999997,0.6431374471788253,1.980068630450734,-0.4413968183671966,2.421465448817931
kunefe,7.708645904631842,7.996369361877441,0.8610971306514541,315,7.880606651306152,8.034475803375244,0.09509396075073358,0.1538691520690918,2.613,2.233,0.38,735.27,734.47,0.8,8.503,bake,Turkish,4,200,,0.1581416126870672,0.16313577133249263,0.5333333333333333,0.28487023911763104,2.0423425436983353,-1.25572150373626,3.298064047434595
labneh,7.70992371726036,7.991844654083252,0.8931119425226505,500,7.85446310043335,8.036200761795044,0.07828471338790323,0.18173766136169434,0.7909,0.7909,0.0,456.47999999999996,456.47999999999996,0.0,2.3945,cold,Lebanese,3,218,,0.04185838731293277,0.09420171599535147,0.0,0.04535336776942808,2.042508293526339,-3.093270843448862,5.1357791369752
lagman,7.689214006066322,7.972048044204712,1.005577052257022,48,7.878958225250244,8.03294038772583,0.284479389087636,0.15398216247558594,2.6095,2.4195,0.19,1203.9349999999997,1203.5349999999996,0.4,30.381000000000004,boil,Central Asian,7,350,,0.1579182488273397,0.2790186187968251,0.26666666666666666,0.23453451143027718,2.039818568419427,-1.4501525316459185,3.4899711000653455
lahmacun,7.778288330350604,8.002894401550293,0.7271727797522478,119,7.903367519378662,8.03615140914917,0.13065324607862758,0.1327838897705078,5.4125,5.0325,0.38,1402.1100000000001,1401.3100000000002,0.8,26.4265,bake,Turkish,6,230,,0.33680079134624585,0.3280196820216107,0.5333333333333333,0.39938460223372996,2.051336305032416,-0.9178304109876202,2.969166716020036
laksa,7.3045531649714555,7.955939769744873,1.4591578617124894,267,7.54073429107666,8.023334980010986,0.17502606142797905,0.48260068893432617,1.8184999999999998,1.6284999999999998,0.19,907.245,906.845,0.4,0.8145,simmer,Indonesian,7,340,,0.1074380165289256,0.2056585812130653,0.26666666666666666,0.19325442146955252,1.9884978749500701,-1.6437477122443718,3.6322455871944417
lomo_saltado,7.269311839342118,7.9526002407073975,1.536540291124562,500,7.496970772743225,8.025888442993164,0.134683694811976,0.528917670249939,9.9005,9.662999999999998,0.2375,2687.33,2686.83,0.5,49.497,stir_fry,South American,7,415,,0.6232170777625322,0.6458052073288332,0.3333333333333333,0.5341185394748995,1.983661629478062,-0.6271374806213602,2.610799110099422
loukoumades,7.773265069844771,8.01318073272705,0.6779964644051919,49,7.952714443206787,8.04377555847168,0.18983901003345371,0.09106111526489258,0.9329999999999999,0.45799999999999996,0.475,448.1,447.1,1.0,0.916,deep_fry,Greek,5,180,,0.0509269600178691,0.09212966397151547,0.6666666666666666,0.26990776355201707,2.0506902910232343,-1.3096749948219732,3.3603652858452078
lumpia,7.259824122428894,7.929848670959473,1.3930788278826454,500,7.3241719007492065,8.023885726928711,0.12210874312072392,0.6997138261795044,1.109,0.634,0.475,566.74,565.74,1.0,1.5319999999999996,deep_fry,Filipino,5,190,,0.06215897124988033,0.12146477758821056,0.6666666666666666,0.2834301385015858,1.9823556029825027,-1.260789611220467,3.2431452142029698
macarons,7.496525303840637,7.98851752281189,1.2657818452539982,500,7.812206864356995,8.03636121749878,0.11095067062638392,0.22415435314178467,1.2000000000000002,0.8200000000000001,0.38,1321.0199999999998,1320.2199999999998,0.8,1.4300000000000002,bake,French,4,180,,0.06796643160279525,0.30796924065969383,0.5333333333333333,0.3030896685319408,2.014439620367739,-1.193726581504135,3.2081662018718737
mafe,7.035953159685488,7.91694450378418,1.7818154430717468,27,7.303643703460693,7.999576091766357,0.6721046621264208,0.6959323883056641,1.6499999999999997,1.4599999999999997,0.19,944.0699999999999,943.67,0.4,2.339,simmer,African,6,405,,0.09668464213918757,0.21476398882377665,0.26666666666666666,0.19270509920987697,1.9510331696168657,-1.6465942420028608,3.5976274116197264
malai_kofta,7.197468400478363,7.961767911911011,1.5761241436371376,500,7.27923858165741,8.027278184890747,0.13815337246513026,0.7480396032333374,3.16,2.685,0.475,1022.27,1021.27,1.0,10.153,deep_fry,Indian,6,270,,0.19305019305019305,0.23409984422520583,0.6666666666666666,0.3646055679806885,1.9737293531476807,-1.0089391453767043,2.9826684985243848
manakish,7.412879911752848,7.981509447097778,1.3554634379539978,364,7.674035429954529,8.038533926010132,0.1392493533363374,0.364498496055603,1.266,0.886,0.38,551.7499999999999,550.9499999999999,0.8,3.3885,bake,Lebanese,3,145,,0.07217843581479945,0.1177583265336399,0.5333333333333333,0.24109003189392422,2.0032190158607612,-1.4225848389304059,3.425803854791167
manti_turkish,7.629366290613621,7.999413013458252,1.0747674423587308,269,7.892330169677734,8.0376558303833,0.12843826590333582,0.1453256607055664,5.378000000000001,5.188000000000001,0.19,1482.6900000000003,1482.2900000000002,0.4,27.107,boil,Turkish,6,235,,0.33459906187178917,0.3479440199787356,0.26666666666666666,0.31640324950573046,2.0320047868816618,-1.1507377728957053,3.182742559777367
manty,7.4271144175985055,7.957641363143921,1.235763995232165,314,7.49600887298584,8.026853561401367,0.13668686567146246,0.5308446884155273,2.8055000000000008,2.6630000000000007,0.1425,1256.99,1256.69,0.3,37.684,steam,Central Asian,4,230,,0.17042662497207953,0.29213708181885617,0.19999999999999998,0.22085456893031188,2.0051374141964065,-1.5102508532191956,3.5153882674156023
meatloaf,7.231257490158081,7.949350833892822,1.5467812677416608,500,7.472453832626343,8.030432224273682,0.1355813559909513,0.5579783916473389,12.624,12.244,0.38,3262.42,3261.62,0.8,65.577,bake,American,5,320,,0.7970260697533424,0.7880028682343051,0.5333333333333333,0.7061207571069935,1.9784129477633694,-0.3479690120543652,2.3263819598177347
mee_goreng,7.31028888391894,7.955319404602051,1.3856381710651748,129,7.39327335357666,8.029440879821777,0.23911733117652775,0.6361675262451172,1.2715,1.034,0.2375,804.9999999999999,804.4999999999999,0.5,1.82,stir_fry,Indonesian,6,310,,0.07252943616579981,0.18037732116806365,0.3333333333333333,0.19541336355573224,1.9892827919847909,-1.6326381509457106,3.6219209429305015
mofongo,7.125916782617569,7.954783916473389,1.6855622195644473,500,7.378958225250244,8.026415824890137,0.14774604276745998,0.6474575996398926,1.216,0.741,0.475,812.77,811.77,1.0,1.956,deep_fry,Caribbean,4,290,,0.06898752353297807,0.18229854362930542,0.6666666666666666,0.30598424460965007,1.9637383891218507,-1.1842216665590772,3.1479600556809277
mole,7.297361541509629,7.956531047821045,1.487575427253284,500,7.565127611160278,8.026766777038574,0.13039173525826814,0.4616391658782959,2.0695,1.8795000000000002,0.19,1337.6650000000002,1337.265,0.4,3.983,simmer,Mexican,7,305,,0.12345639618366891,0.31208490962589325,0.26666666666666666,0.23406932415874296,1.9875128501519015,-1.4521379504112564,3.439650800563158
muhammara,7.709422553514505,8.004601955413818,0.8490785413272915,154,7.855555534362793,8.03941035270691,0.13410456942509005,0.1838548183441162,0.4645000000000001,0.4645000000000001,0.0,826.565,826.565,0.0,0.8210000000000001,raw,Lebanese,7,205,,0.02102811193720285,0.18570951709813813,0.0,0.06891254301178033,2.042443288987595,-2.674917070915899,4.717360359903495
mujaddara,7.595059085399546,8.00774335861206,1.087161160369702,94,7.779922127723694,8.039514303207397,0.2197789393068841,0.2595921754837036,0.8800000000000001,0.6900000000000001,0.19,1147.1000000000001,1146.7,0.4,1.61,simmer,Lebanese,4,280,,0.047544592999138456,0.26496550700986576,0.26666666666666666,0.1930589222252236,2.0274979155302537,-1.644759840166997,3.6722577556972507
nasi_goreng,7.376929466630898,7.916305065155029,1.3596493662797855,102,7.642406344413757,8.032434701919556,0.2638656819490175,0.39002835750579834,1.8984999999999999,1.6609999999999998,0.2375,1040.595,1040.095,0.5,1.8179999999999998,stir_fry,Indonesian,8,370,,0.1125434761798398,0.23863091264248448,0.3333333333333333,0.22816924071855252,1.9983574906026806,-1.4776676415308019,3.4760251321334827
nasi_lemak,7.113173599044482,7.888657569885254,1.574701458280908,216,6.980653285980225,8.023766040802002,0.21000393158915004,1.0431127548217773,1.5875000000000001,1.445,0.1425,912.6099999999999,912.31,0.3,1.158,steam,Indonesian,6,370,,0.09269600178691088,0.20698513957916076,0.19999999999999998,0.16656038045535723,1.961948501336377,-1.7923973899240595,3.754345891260437
nasi_padang,7.552051991224289,7.849032163619995,0.6681640443210667,16,7.423683524131775,7.979595303535461,0.32740038171732266,0.5559117794036865,2.1065,1.9165,0.19,1227.095,1226.695,0.4,2.1879999999999997,simmer,Indonesian,6,405,,0.1258176712722167,0.28474519694384687,0.26666666666666666,0.2257431782942434,2.0218193132506843,-1.4883573051073133,3.5101766183579977
nicoise_salad,7.371257736649312,7.975771903991699,1.3966615625739551,355,7.568442106246948,8.032455921173096,0.14528911419589852,0.46401381492614746,0.969,0.969,0.0,628.7400000000001,628.7400000000001,0.0,0.933,cold,French,6,280,,0.05322441686078049,0.13679499542566084,0.0,0.06333980409548044,1.997588347902901,-2.759241330780114,4.756829678683015
oxtail_stew,7.316158144950867,7.970157623291016,1.4332007441629617,500,7.547006368637085,8.032615661621094,0.12562558414258534,0.4856092929840088,15.7225,15.1525,0.57,4088.225,4087.025,1.2,81.85,braise,Caribbean,6,405,,0.9947669038578129,0.9921927156739113,0.7999999999999999,0.928986539843908,1.9900853466086679,-0.07366102913880891,2.0637463757474768
pajeon,7.274805528327517,7.938705921173096,1.401225699459536,341,7.423916339874268,8.032706260681152,0.14872602675896787,0.6087899208068848,1.0375,0.8,0.2375,489.15999999999997,488.65999999999997,0.5,0.871,pan_fry,Korean,5,215,,0.05759596668687578,0.10228222436515588,0.3333333333333333,0.16440384146178832,1.984417081198891,-1.8054294300771612,3.7898465112760524
paneer_butter,7.063835609835177,7.9555253982543945,1.8054296642604881,313,7.405650615692139,8.02341079711914,0.20001587963148162,0.617760181427002,4.1754999999999995,3.985499999999999,0.19,1076.6750000000002,1076.275,0.4,15.428999999999998,simmer,Indian,6,305,,0.2578576214939851,0.24755211037756847,0.26666666666666666,0.25735879951274004,1.9549881914899858,-1.3572840606847973,3.3122722521747834
pao_de_queijo,7.055193427801132,7.947391510009766,1.7483105023097647,500,7.131281852722168,8.02978777885437,0.15324617225450432,0.8985059261322021,1.7550000000000003,1.3750000000000002,0.38,446.35,445.55,0.8,5.0360000000000005,bake,South American,5,200,,0.10338555793101249,0.09169695620997453,0.5333333333333333,0.2428052824914401,1.9537640020517035,-1.4154954634789334,3.3692594655306367
pasteis_de_nata,7.346784848433274,8.008360862731934,1.3101335054878758,13,7.397514343261719,8.026240348815918,0.7121966863238646,0.6287260055541992,1.501,1.121,0.38,611.92,611.12,0.8,2.8580000000000005,bake,Portuguese,5,210,,0.08717572353935989,0.13263605568330736,0.5333333333333333,0.2510483708520002,1.9942627819345788,-1.382109645859263,3.376372427793842
pastelitos,7.564712859206385,7.986943960189819,1.2001259413605843,308,7.854130744934082,8.034295082092285,0.13403170321958546,0.18016433715820312,1.573,1.0979999999999999,0.475,727.64,726.64,1.0,3.418,deep_fry,Caribbean,4,190,,0.09177063722518267,0.16124916549217416,0.6666666666666666,0.30656215646134116,2.0234943900369906,-1.1823347498384835,3.2058291398754744
pastitsio,7.142915196390958,7.955796241760254,1.68630505078396,343,7.364391326904297,8.022709846496582,0.1784617519586601,0.6583185195922852,8.072000000000001,7.692000000000001,0.38,2294.46,2293.66,0.8,37.742999999999995,bake,Greek,7,470,,0.5065254156163247,0.5486635511707836,0.5333333333333333,0.5295074333734805,1.966120983834539,-0.6358080755623863,2.6019290593969253
pav_bhaji,6.895566212634246,7.936561107635498,1.9380188877859863,192,6.74815559387207,8.035422086715698,0.2741343530066655,1.287266492843628,0.704,0.514,0.19,265.27,264.87,0.4,1.1320000000000001,simmer,Indian,6,280,,0.03631258176712722,0.04692282966149889,0.26666666666666666,0.11663402603176426,1.9308786271824694,-2.1487142291822297,4.079592856364699
pernil,7.2536497797966,7.9364824295043945,1.4752568116794944,500,7.336242437362671,8.027047872543335,0.12931196099525025,0.6908054351806641,2.6654999999999998,2.2855,0.38,2035.385,2034.585,0.8,5.6415,roast,Caribbean,5,360,,0.16149207058297965,0.48460425784437355,0.5333333333333333,0.3931432205868955,1.981504760097281,-0.933581304526697,2.915086064623978
picanha,7.4037401378154755,7.94847559928894,1.2176202699685361,500,7.444764137268066,8.027601480484009,0.10672912242170667,0.5828373432159424,15.2865,15.0015,0.285,3854.4,3853.8,0.6,81.55,grill,South American,2,255,,0.9669421487603306,0.934376777192592,0.39999999999999997,0.7671063086509742,2.0019852965555387,-0.2651298840238828,2.2671151805794216
pide,7.734436235871426,8.0053071975708,0.7870564461330071,215,7.873243570327759,8.041507720947266,0.10520653605686586,0.16826415061950684,6.112,5.732,0.38,1638.08,1637.28,0.8,29.232,bake,Turkish,5,250,,0.3814416541689269,0.3863659965877902,0.5333333333333333,0.43371366136335016,2.045682596542871,-0.8353707290672838,2.8810533256101545
pierogi,7.398370579957962,7.989896774291992,1.3536034477692083,500,7.714427471160889,8.036266565322876,0.11864857349256938,0.3218390941619873,1.2085,1.0185,0.19,448.055,447.65500000000003,0.4,3.674,boil,Polish,5,245,,0.06850888669070486,0.0921185372005044,0.26666666666666666,0.14243136351929198,2.0012597840667565,-1.9488950548223771,3.9501548388891337
piri_piri,7.504131310277706,7.958378314971924,1.140555620207924,417,7.628933429718018,8.027793884277344,0.10947236808375678,0.39886045455932617,2.166,1.8809999999999998,0.285,1411.77,1411.17,0.6,3.6029999999999998,grill,African,5,310,,0.12961485688758415,0.3304082288653166,0.39999999999999997,0.28667436191763357,2.015453710255208,-1.2494083348642626,3.2648620451194708
plantain,7.323333326101303,7.958788871765137,1.4349875039428475,500,7.556997776031494,8.024914026260376,0.125782200542615,0.46791625022888184,0.814,0.33899999999999997,0.475,318.5,317.5,1.0,0.8049999999999999,deep_fry,African,2,280,,0.04333258878713424,0.060084563459684,0.6666666666666666,0.256694606304495,1.9910655967408766,-1.359868202995074,3.3509337997359507
plov,7.030042889118195,7.923649311065674,1.7354130146659659,500,7.00673246383667,8.019928216934204,0.1521156576173728,1.0131957530975342,3.6190000000000007,3.4290000000000007,0.19,1674.045,1673.645,0.4,37.807500000000005,simmer,Central Asian,7,428,,0.2223427677973133,0.39525875924140147,0.26666666666666666,0.29475606456846043,1.9501928066742613,-1.2216071644804458,3.171799971154707
polenta,7.464774969339371,7.975644111633301,1.244257388606479,500,7.691303253173828,8.032752990722656,0.10906396881527398,0.3414497375488281,1.3810000000000002,1.1910000000000003,0.19,497.55999999999995,497.15999999999997,0.4,4.314,boil,Italian,4,250,,0.07951753406298862,0.10435922162055236,0.26666666666666666,0.15018114078340253,2.0101952857731438,-1.8959131082318947,3.9061083940050385
pot_roast,7.005320341110229,7.940793514251709,1.8019500660218426,500,7.028595566749573,8.024349212646484,0.1579478873156549,0.9957536458969116,15.645999999999999,15.075999999999999,0.57,3899.51,3898.3100000000004,1.2,81.65,braise,American,4,410,,0.9898848080666262,0.9455307469772272,0.7999999999999999,0.9118051850146177,1.94666990909458,-0.09232892464886391,2.038998833743444
poutine,7.380352353811264,7.966567754745483,1.3450738557221587,500,7.621035575866699,8.028162956237793,0.11790092178517765,0.40712738037109375,2.0195000000000003,1.5445000000000002,0.475,445.295,444.295,1.0,6.047999999999999,deep_fry,American,3,275,,0.12026548390184755,0.09143609524515986,0.6666666666666666,0.29278941527122465,1.998821381891523,-1.228301647578379,3.227123029469902
pretzel,7.2801332924366,7.955847263336182,1.4448555388127085,500,7.437080144882202,8.020444631576538,0.12664717193613023,0.5833644866943359,0.7045,0.3245,0.38,284.53000000000003,283.73,0.8,0.8425,bake,German,4,140,,0.03634449088994543,0.05168508765422941,0.5333333333333333,0.20712097062583604,1.9851491714416114,-1.5744522572528288,3.55960142869444
profiterole,7.481957823038101,7.977705001831055,1.1954781821572162,500,7.712479829788208,8.032033920288086,0.10478828285211933,0.31955409049987793,1.7890000000000001,1.409,0.38,853.6599999999999,852.8599999999999,0.8,4.191,bake,French,5,195,,0.105555378282651,0.19240906955468184,0.5333333333333333,0.27709926039022204,2.0124944987860482,-1.2833794962245901,3.2958739950106386
prosciutto,7.334502150774002,7.959503412246704,1.395681327493363,500,7.580790638923645,8.023422479629517,0.12233686226953039,0.4426318407058716,1.0390000000000001,1.0390000000000001,0.0,628.48,628.48,0.0,3.238,cold,Italian,3,130,,0.05769169405533042,0.1367307074153747,0.0,0.06480746715690171,1.9925895361863495,-2.73633444836002,4.72892398454637
pupusa,7.436244139432907,7.969103574752808,1.3236814514624646,500,7.676076650619507,8.029989242553711,0.11602579487620583,0.3539125919342041,1.5295,1.292,0.2375,740.65,740.15,0.5,4.736,pan_fry,Caribbean,4,230,,0.08899454353999808,0.16446603862225848,0.3333333333333333,0.1955979718318633,2.0063659014118054,-1.6316938903929321,3.6380597918047375
raclette,7.603023329000363,7.996801853179932,1.0599305548654328,261,7.761767864227295,8.0397367477417,0.12859178638221883,0.2779688835144043,2.889,2.6039999999999996,0.285,643.4,642.8,0.6,10.633999999999999,grill,Swiss,3,240,,0.17575544848272118,0.14041985015948372,0.39999999999999997,0.23872509954740162,2.0285459746356946,-1.4324426001498258,3.4609885747855205
rendang,7.391364791154862,7.934816598892212,1.2771307800832978,500,7.541300296783447,8.022708415985107,0.11194544862460465,0.48140811920166016,12.8131,12.2431,0.57,3431.89,3430.69,1.2,65.48649999999999,braise,Indonesian,7,378,,0.8090941000031909,0.8299062878619291,0.7999999999999999,0.8130001292883734,2.00031239871451,-0.20702401040804957,2.2073364091225596
rice_and_peas,7.025082610607147,7.905680894851685,1.714334095958701,500,6.886326909065247,8.018500328063965,0.15026800892860467,1.1321734189987183,1.2425,1.0525,0.19,948.4250000000001,948.0250000000001,0.4,1.031,simmer,Caribbean,5,335,,0.0706787070423434,0.21584081299606855,0.26666666666666666,0.18439539556835957,1.9494869746676986,-1.6906729379742167,3.6401599126419155
rojak,7.084948704792903,7.700345516204834,1.5026105594724957,13,7.117202281951904,8.054274559020996,0.8168284047457048,0.9370722770690918,0.135,0.135,0.0,110.13999999999999,110.13999999999999,0.0,0.12400000000000001,cold,Indonesian,5,140,,0.0,0.008565141062730259,0.0,0.002855047020910086,1.957972633143662,-5.858666966339004,7.816639599482666
roti_caribbean,6.949023997545242,7.869082689285278,1.6893091346981763,500,6.519447445869446,8.020798206329346,0.14807447435970164,1.5013507604599,1.0955000000000001,0.8580000000000001,0.2375,867.0400000000001,866.5400000000001,0.5,1.8525,pan_fry,Caribbean,6,325,,0.06129742493378858,0.19571742946863488,0.3333333333333333,0.19678272924525228,1.9386012177073242,-1.6256550561150747,3.564256273822399
saganaki,7.515136818408966,7.992499351501465,1.1704461415384593,500,7.767639517784119,8.032274723052979,0.10259412775010752,0.26463520526885986,2.5045,2.2670000000000003,0.2375,826.125,825.625,0.5,9.363999999999999,pan_fry,Greek,4,145,,0.15121733303551488,0.1856007220038078,0.3333333333333333,0.22338379612421866,2.0169192290816538,-1.4988639279937142,3.5157831570753677
salt_pepper_squid,7.228080814731294,7.8789753913879395,1.393895646970812,276,7.136095643043518,8.017667531967163,0.16444921024165896,0.881571888923645,1.6879,1.2128999999999999,0.475,486.84,485.84,1.0,0.562,deep_fry,Chinese,6,281,,0.09910335364880818,0.10170857750414163,0.6666666666666666,0.2891595326065388,1.977973553454873,-1.2407767272348758,3.2187502806897488
sancocho,7.50970695115099,7.961695909500122,1.1388681237824556,198,7.689041495323181,8.031846523284912,0.15863423321899317,0.34280502796173096,1.3864999999999998,1.1965,0.19,790.325,789.9250000000001,0.4,2.1670000000000003,simmer,South American,6,365,,0.07986853441398895,0.17674875751057043,0.26666666666666666,0.17442798619707536,2.016196443863033,-1.7462433090678962,3.762439752930929
sardines_grilled,6.879391335725784,7.738678455352783,1.6198716453523316,500,6.343294739723206,8.002408027648926,0.14198801006222397,1.6591132879257202,1.4288999999999998,1.1439,0.285,448.55,447.95,0.6,1.0070000000000001,grill,Portuguese,4,223,,0.08257442802897347,0.09224093168162599,0.39999999999999997,0.19160511990353313,1.9285301793871628,-1.6523186919676747,3.5808488713548376
satay_indonesian,7.192548033952713,7.93615460395813,1.5922242682757473,500,7.396847367286682,8.028875350952148,0.13956461061214576,0.6320279836654663,1.846,1.5610000000000002,0.285,1094.0449999999998,1093.445,0.6,2.654,grill,Indonesian,6,285,,0.10919301828392737,0.2518470439878347,0.39999999999999997,0.253680020757254,1.9730454947601903,-1.37168156692749,3.3447270616876805
schnitzel,7.35045481300354,7.966218709945679,1.4019934902036302,500,7.5025410652160645,8.029716730117798,0.12289014772581408,0.5271756649017334,2.279,1.804,0.475,1541.3300000000002,1540.3300000000002,1.0,4.271,deep_fry,German,5,320,,0.13682631864450046,0.3624434389140272,0.6666666666666666,0.38864547474173144,1.9947621906305086,-0.9450877269045543,2.9398499175350628
sfeeha,7.909607156117757,8.04637336730957,0.3083757883303343,15,7.945636987686157,8.052852630615234,0.15605968089672384,0.10721564292907715,2.5099999999999993,2.1299999999999994,0.38,1091.1,1090.3,0.8,29.936,bake,Lebanese,5,210,,0.15156833338651512,0.25111885864055583,0.5333333333333333,0.31200684178680144,2.068078116338639,-1.1647301626092366,3.232808278947876
shakshuka,7.4833886363506315,7.9759767055511475,1.2022564235183995,500,7.726649641990662,8.031982183456421,0.10538242190341839,0.3053325414657593,1.166,0.9759999999999999,0.19,631.355,630.955,0.4,1.194,simmer,African,7,353,,0.0657966112511567,0.13744158445219198,0.26666666666666666,0.15663495412333844,2.01268571565106,-1.853837313925264,3.866523029576324
shashlik,7.532490882467716,7.961843967437744,1.0337486440004668,47,7.563080787658691,8.02851676940918,0.2955439648494527,0.4654359817504883,5.1215,4.8365,0.285,2123.8,2123.2000000000003,0.6,73.99500000000002,grill,Central Asian,4,253,,0.3182296818660455,0.5064658902653117,0.39999999999999997,0.4082318573771191,2.019225781595794,-0.8959199881016098,2.9151457696974035
simit,7.836113430204845,7.989820957183838,0.45495858267093103,21,7.929803371429443,8.040635108947754,0.19458900002820748,0.11083173751831055,0.5860000000000001,0.20600000000000002,0.38,332.975,332.175,0.8,0.44550000000000006,bake,Turkish,3,120,,0.028782028782028783,0.06366367480157259,0.5333333333333333,0.2085930123056449,2.0587429755013695,-1.567370235031931,3.6261132105333003
sinigang,7.081199569086874,7.902528762817383,1.5519935313893405,124,6.851071357727051,8.012369394302368,0.2731713416098078,1.1612980365753174,1.434,1.244,0.19,942.1899999999999,941.79,0.4,2.683,simmer,Filipino,5,300,,0.08289990108171925,0.21429913705709266,0.26666666666666666,0.18795523493515953,1.9574433240158629,-1.671551456552386,3.6289947805682488
sisig,7.297108249795949,7.952872037887573,1.4225047085886602,326,7.592404842376709,8.032912969589233,0.15441908826891795,0.4405081272125244,1.8989999999999998,1.6139999999999999,0.285,1330.12,1329.52,0.6,3.695,grill,Filipino,5,280,,0.11257538530265801,0.31021932101970673,0.39999999999999997,0.27426490210745486,1.9874781395091268,-1.2936608436277215,3.2811389831368483
som_tam,7.152893104486996,7.94298791885376,1.604013379822558,216,7.238498210906982,8.032528400421143,0.21391300192994928,0.7940301895141602,0.181,0.181,0.0,107.15,107.15,0.0,0.11750000000000001,cold,Thai,7,135,,0.002935639299275662,0.007825828944440325,0.0,0.0035871560812386623,1.9675169048634558,-5.630395568348641,7.597912473212097
sopes,7.601252646923065,7.980518102645874,1.0393026102506224,500,7.788605570793152,8.0322425365448,0.09109889039996376,0.24363696575164795,0.9075,0.67,0.2375,453.135,452.635,0.5,2.606,pan_fry,Mexican,5,170,,0.049299594754140204,0.09337462601686324,0.3333333333333333,0.1586691847014456,2.0283130556741993,-1.8409338435776592,3.8692468992518583
souvlaki,7.25063247179985,7.9674973487854,1.531399420803375,500,7.457954168319702,8.029500484466553,0.13423307766030995,0.5715463161468506,1.768,1.483,0.285,1337.3199999999997,1336.7199999999998,0.6,3.644999999999999,grill,Greek,6,300,,0.10421519512428602,0.31199960438147506,0.39999999999999997,0.2720715998352537,1.9810887025512494,-1.3016900126378788,3.282778715189128
spaetzle,7.379926035404205,7.975828647613525,1.39113029000517,500,7.63365638256073,8.032325983047485,0.12193794624521381,0.39866960048675537,0.9005000000000001,0.7105,0.19,492.89500000000004,492.49500000000006,0.4,1.605,boil,German,4,205,,0.048852867034685214,0.10320574635907327,0.26666666666666666,0.13957509335347504,1.9987636162592042,-1.9691525189449905,3.9679161352041947
stroganoff,7.262296635627747,7.943587303161621,1.4586435723630744,500,7.42244029045105,8.023496866226196,0.12785574636368113,0.6010565757751465,11.875,11.6375,0.2375,3222.745,3222.245,0.5,60.964,saute,Russian,6,435,,0.7492262037716583,0.7781927651262269,0.3333333333333333,0.6202507674104062,1.9826961198069992,-0.4776314191511675,2.460327538958167
suya,7.4566137935176044,7.906394958496094,1.2656994656450076,33,7.559614658355713,8.001513481140137,0.43184679240276996,0.44189882278442383,12.423,12.138,0.285,3243.5,3242.9,0.6,65.47,grill,African,5,270,,0.7841986023804205,0.7833246791781024,0.39999999999999997,0.655841093852841,2.009101396086966,-0.42183675436210505,2.4309381504490712
tagine,7.485904061555862,7.984677076339722,1.2994074704517518,500,7.813412427902222,8.03295636177063,0.11389808662852571,0.2195439338684082,5.167500000000001,4.597500000000001,0.57,2322.0899999999997,2320.89,1.2,67.26499999999999,braise,African,7,388,,0.32116532116532126,0.5554953885715698,0.7999999999999999,0.5588869032456304,2.0130217936848953,-0.5818081460717033,2.5948299397565986
tahdig,7.298530968030294,7.986231803894043,1.6770122419934665,30,7.6396074295043945,8.033529281616211,0.6001111236460609,0.3939218521118164,1.4775,1.24,0.2375,655.56,655.06,0.5,1.6629999999999998,pan_fry,Persian,4,251,,0.08567599476690385,0.14342655094824813,0.3333333333333333,0.1874786263494951,1.9876730906472877,-1.6740904328720376,3.6617635235193253
tamagoyaki,6.899272764430327,7.678914546966553,1.9543005030332945,17,7.216596603393555,7.944328784942627,0.92901548826352,0.7277321815490723,0.8474999999999999,0.61,0.2375,433.71000000000004,433.21000000000004,0.5,0.8315,pan_fry,Japanese,4,135,,0.045470500015954554,0.08857156986375887,0.3333333333333333,0.15579180107101556,1.9314160095892436,-1.8592347716348674,3.790650781224111
tiropita,7.766863490961775,8.01401424407959,0.8115723029734815,79,7.917296409606934,8.038546085357666,0.17896567504521813,0.12124967575073242,2.543,2.1630000000000003,0.38,724.23,723.4300000000001,0.8,8.229000000000001,bake,Greek,4,190,,0.15367433549251733,0.1604060035111144,0.5333333333333333,0.2824712241123217,2.049866413766357,-1.2641785951331852,3.314045008899542
tonkotsu_ramen,7.15318553686142,7.914426803588867,1.5311490841489546,500,7.2260518074035645,8.020105600357056,0.13421113468506943,0.7940537929534912,1.2865,1.0965,0.19,951.8700000000001,951.4700000000001,0.4,2.2659999999999996,boil,Japanese,6,275,,0.07348670985034621,0.21669262913235915,0.26666666666666666,0.18561533521645734,1.967557787118027,-1.6840788369546305,3.6516366240726574
tortilla_espanola,7.174698081493378,7.948478698730469,1.5675459836474355,500,7.297775149345398,8.02404499053955,0.13740146358986363,0.7262698411941528,1.0075,0.77,0.2375,831.0999999999999,830.5999999999999,0.5,1.6150000000000002,pan_fry,Spanish,4,370,,0.055681419317782956,0.18683084835447417,0.3333333333333333,0.19194853366853015,1.9705606815259564,-1.6505279966969382,3.6210886782228946
tostones,7.245544433116913,7.956106662750244,1.5995717113543655,500,7.6714324951171875,8.025627136230469,0.1402086423937821,0.35419464111328125,0.8124,0.33740000000000003,0.475,321.97499999999997,320.97499999999997,1.0,0.8230000000000001,deep_fry,Caribbean,4,248,,0.04323047959411595,0.060943797443315274,0.6666666666666666,0.2569469812346993,1.980386718997206,-1.3588855140670888,3.3392722330642948
tzatziki,7.154381897687912,7.9559242725372314,1.639562810632418,500,7.291606664657593,8.028448581695557,0.1437140167998243,0.7368419170379639,0.6149999999999999,0.6149999999999999,0.0,350.235,350.235,0.0,1.78,cold,Greek,5,230,,0.03063275790548517,0.06793140963825631,0.0,0.03285472251458049,1.9677250218118005,-3.4156597844272016,5.383384806239002
uttapam,7.27104725963191,7.958393573760986,1.5421021829462973,114,7.415198445320129,8.02750825881958,0.2830849608131053,0.6123098134994507,0.7845,0.547,0.2375,555.38,554.88,0.5,0.694,pan_fry,Indian,4,190,,0.04144995054085963,0.11865588606186483,0.3333333333333333,0.16447972331201924,1.983900333389873,-1.8049679789150783,3.7888683123049516
warak_enab,7.38352973985672,7.972501993179321,1.433416733064275,500,7.657557487487793,8.0276198387146,0.12564451640452168,0.37006235122680664,2.105,1.9149999999999998,0.19,984.22,983.82,0.4,22.703,simmer,Lebanese,6,200,,0.12572194390376207,0.22469154118141582,0.26666666666666666,0.2056933839172815,1.9992518088042217,-1.5813686465872985,3.58062045539152
wonton_noodle,6.999437750101089,7.801619052886963,1.7225629370229418,500,7.07277524471283,7.999059677124023,0.1509892986500355,0.9262844324111938,1.262,1.072,0.19,776.6949999999999,776.295,0.4,1.709,boil,Chinese,6,235,,0.07192316283225374,0.17337858220211158,0.26666666666666666,0.1706561372336773,1.9458298244152457,-1.768104640410431,3.7139344648256767
